date,pct_respiratory,pm25,no2,ozone,temperature,humidity,pm25_lag14,no2_lag12,ozone_lag13,month,day_of_week,is_weekend,season_num,month_sin,month_cos
2022-10-09,15.32,7.597313193306913,7.15778384883721,0.0305985669224211,60.177879980830674,55.44972598568019,6.105620111208792,8.4789151778291,0.0314140735895339,10,6,1,3,-0.8660254037844386,0.5000000000000001
2022-10-10,14.35,8.635910586161303,9.639701431554524,0.0325403658119658,61.88082737420042,56.11792931980907,5.535372349611543,7.630214092378752,0.0304418378378378,10,0,0,3,-0.8660254037844386,0.5000000000000001
2022-10-11,14.3,9.154035618955511,9.190943305555557,0.0342993936806148,63.1021190149413,56.34112348086125,5.329798308888889,7.437301118055556,0.0284312929042904,10,1,0,3,-0.8660254037844386,0.5000000000000001
2022-10-12,14.32,8.99819636695652,8.510502163170163,0.0308446287170773,63.40800560063898,57.814096766109785,4.852062315222272,7.660195110091744,0.0285530074441687,10,2,0,3,-0.8660254037844386,0.5000000000000001
2022-10-13,14.02,7.113343119286025,8.271049503496503,0.0281257818336163,60.6946215823592,57.113224683333335,5.056905199444885,6.179587076744187,0.0293865004088307,10,3,0,3,-0.8660254037844386,0.5000000000000001
2022-10-14,13.41,7.175705626202813,9.172067707943926,0.0302902485106382,60.15778686474974,52.232022648325355,5.998141066756273,5.111612167832168,0.0305626264855687,10,4,0,3,-0.8660254037844386,0.5000000000000001
2022-10-15,14.51,7.422825464690497,6.981514206161138,0.0293817660119555,60.21683149893391,57.079926619617225,5.709677533392698,8.031749918793503,0.0290986394557823,10,5,1,3,-0.8660254037844386,0.5000000000000001
2022-10-16,15.87,7.687299554148472,6.161538575829384,0.0274943458904109,58.45018563646055,62.00037277033493,5.346266239081325,9.224649027842228,0.0286625632965165,10,6,1,3,-0.8660254037844386,0.5000000000000001
2022-10-17,14.84,6.445457505430566,7.943187571095572,0.0277348121783876,55.396541896698615,59.51600978520286,5.664890256660746,10.067064053240742,0.030442831632653,10,0,0,3,-0.8660254037844386,0.5000000000000001
2022-10-18,15.16,5.595463352915388,8.752213229166667,0.025260038095238,52.82970373064688,52.06253251068883,6.399911582819383,10.42339846728972,0.0314081109229466,10,1,0,3,-0.8660254037844386,0.5000000000000001
2022-10-19,15.12,6.1993175453752185,10.64923839534884,0.0249851380208333,52.94694490243902,46.92117724703088,7.312888189715621,9.42026475116279,0.0322241257434154,10,2,0,3,-0.8660254037844386,0.5000000000000001
2022-10-20,14.9,8.285043914473684,12.003229330210772,0.0303346518711923,56.169710370370375,44.429600722748816,8.085100226497595,7.008356617169373,0.0311582527472527,10,3,0,3,-0.8660254037844386,0.5000000000000001
2022-10-21,14.74,9.542824936521738,10.873688086247087,0.0368182055749128,59.46295107733051,46.926044713270144,7.870594714098647,7.15778384883721,0.029981220713073,10,4,0,3,-0.8660254037844386,0.5000000000000001
2022-10-22,16.29,10.598544772687609,6.881059614117647,0.0368224052401746,60.524916141039235,57.16231447268409,6.677687946980854,9.639701431554524,0.0305985669224211,10,5,1,3,-0.8660254037844386,0.5000000000000001
2022-10-23,18.15,8.75300972066822,5.293472818181818,0.034073278215223,57.71809949150743,61.878596028503566,7.597313193306913,9.190943305555557,0.0325403658119658,10,6,1,3,-0.8660254037844386,0.5000000000000001
2022-10-24,17.3,7.429825680439561,7.851842794326242,0.0282466925764192,55.87457226588983,59.86665242992874,8.635910586161303,8.510502163170163,0.0342993936806148,10,0,0,3,-0.8660254037844386,0.5000000000000001
2022-10-25,17.85,6.870859592756184,9.398569820093458,0.0256285645724258,54.681967861849095,60.348400695962,9.154035618955511,8.271049503496503,0.0308446287170773,10,1,0,3,-0.8660254037844386,0.5000000000000001
2022-10-26,17.62,5.692806639035418,9.649265850117096,0.0243645881326352,52.44194821951219,64.6312911472684,8.99819636695652,9.172067707943926,0.0281257818336163,10,2,0,3,-0.8660254037844386,0.5000000000000001
2022-10-27,17.0,5.712361204605846,9.132842763466044,0.0276021865736704,51.27748744656085,58.83292812826603,7.113343119286025,6.981514206161138,0.0302902485106382,10,3,0,3,-0.8660254037844386,0.5000000000000001
2022-10-28,16.49,7.270343354157501,10.467218988290398,0.0261840419213973,51.5044787410148,57.03773131279621,7.175705626202813,6.161538575829384,0.0293817660119555,10,4,0,3,-0.8660254037844386,0.5000000000000001
2022-10-29,17.77,9.179731127145086,10.218549533018868,0.0277698108581436,52.555653937566134,57.080511703087886,7.422825464690497,7.943187571095572,0.0274943458904109,10,5,1,3,-0.8660254037844386,0.5000000000000001
2022-10-30,19.77,9.938829701986757,10.160265903073286,0.0257860747581354,53.857604608695645,58.77579502857142,7.687299554148472,8.752213229166667,0.0277348121783876,10,6,1,3,-0.8660254037844386,0.5000000000000001
2022-10-31,18.85,9.555440887908208,12.559750845070422,0.0253367442882249,56.09951432592593,60.99810150952381,6.445457505430566,10.64923839534884,0.025260038095238,10,0,0,3,-0.8660254037844386,0.5000000000000001
2022-11-01,19.55,9.672092331254586,10.030093728337237,0.0289640077619663,57.02583005894737,62.43637194033413,5.595463352915388,12.003229330210772,0.0249851380208333,11,1,0,3,-0.5000000000000004,0.8660254037844384
2022-11-02,19.87,10.08308625,9.110389387850468,0.0294987953063885,55.497593766631475,64.77911963397129,6.1993175453752185,10.873688086247087,0.0303346518711923,11,2,0,3,-0.5000000000000004,0.8660254037844384
2022-11-03,19.61,9.68768287587108,8.616647449648712,0.0277007079530638,52.688839278012686,68.5757276354916,8.285043914473684,6.881059614117647,0.0368182055749128,11,3,0,3,-0.5000000000000004,0.8660254037844384
2022-11-04,18.86,8.278864048536208,9.043067399061034,0.0262054384816753,52.86697669034995,66.99600717745804,9.542824936521738,5.293472818181818,0.0368224052401746,11,4,0,3,-0.5000000000000004,0.8660254037844384
2022-11-05,20.21,5.764756366754618,6.944800700234192,0.0276762597911227,54.302631714893614,65.57733390865384,10.598544772687609,7.851842794326242,0.034073278215223,11,5,1,3,-0.5000000000000004,0.8660254037844384
2022-11-06,21.77,5.8513763819383255,6.097566697183098,0.0278407058823529,55.39768754100106,64.86002718509616,8.75300972066822,9.398569820093458,0.0282466925764192,11,6,1,3,-0.5000000000000004,0.8660254037844384
2022-11-07,20.44,5.52113306366344,6.907568766899767,0.02668425,55.27239651483051,63.73738482254197,7.429825680439561,9.649265850117096,0.0256285645724258,11,0,0,3,-0.5000000000000004,0.8660254037844384
2022-11-08,20.15,5.731556861220905,6.899647455813954,0.0265890318725099,52.47808783492064,66.35221112740385,6.870859592756184,9.132842763466044,0.0243645881326352,11,1,0,3,-0.5000000000000004,0.8660254037844384
2022-11-09,19.71,7.612548683421517,8.436018088785046,0.026737588313413,51.12076462314225,67.25146863855421,5.692806639035418,10.467218988290398,0.0276021865736704,11,2,0,3,-0.5000000000000004,0.8660254037844384
2022-11-10,19.26,8.180152790089739,9.366782786542924,0.0261319464524765,50.13221331842386,66.9788297584541,5.712361204605846,10.218549533018868,0.0261840419213973,11,3,0,3,-0.5000000000000004,0.8660254037844384
2022-11-11,18.87,6.599426779307282,9.092970273364486,0.022539694259012,45.97051801814301,68.45996138834951,7.270343354157501,10.160265903073286,0.0277698108581436,11,4,0,3,-0.5000000000000004,0.8660254037844384
2022-11-12,20.33,6.56254517316209,7.737501588652483,0.0236976639892904,42.12605173019272,66.42984370631068,9.179731127145086,12.559750845070422,0.0257860747581354,11,5,1,3,-0.5000000000000004,0.8660254037844384
2022-11-13,22.3,5.678556674685418,6.593404512941177,0.0255860388219544,39.50590724786325,63.63666352184465,9.938829701986757,10.030093728337237,0.0253367442882249,11,6,1,3,-0.5000000000000004,0.8660254037844384
2022-11-14,20.56,6.8127273529411765,9.858187371495326,0.0237379853333333,38.98243160425532,63.48477846376811,9.555440887908208,9.110389387850468,0.0289640077619663,11,0,0,3,-0.5000000000000004,0.8660254037844384
2022-11-15,20.57,7.905905030701754,10.693340504651164,0.0240099187749667,38.637150114528104,66.9217354313253,9.672092331254586,8.616647449648712,0.0294987953063885,11,1,0,3,-0.5000000000000004,0.8660254037844384
2022-11-16,20.36,7.633582414984472,9.754798104651163,0.0244669602122015,39.32376356581741,62.47963856354916,10.08308625,9.043067399061034,0.0277007079530638,11,2,0,3,-0.5000000000000004,0.8660254037844384
2022-11-17,20.04,8.045826165433173,11.468409060324824,0.0252157746666666,36.99370467303609,59.05064484172662,9.68768287587108,6.944800700234192,0.0262054384816753,11,3,0,3,-0.5000000000000004,0.8660254037844384
2022-11-18,19.73,7.796591459353147,10.752945590277776,0.0268194727030625,34.53367183757962,57.17080277458034,8.278864048536208,6.097566697183098,0.0276762597911227,11,4,0,3,-0.5000000000000004,0.8660254037844384
2022-11-19,21.65,7.686572913986536,9.0573476937355,0.0267051384820239,34.552864182590234,53.23390472355769,5.764756366754618,6.907568766899767,0.0278407058823529,11,5,1,3,-0.5000000000000004,0.8660254037844384
2022-11-20,24.24,7.548937745245467,9.703568958139536,0.0268591621983914,35.56606117021277,49.23415800240963,5.8513763819383255,6.899647455813954,0.02668425,11,6,1,3,-0.5000000000000004,0.8660254037844384
2022-11-21,22.57,9.015607477876106,14.270784353488372,0.0244394268456375,38.70632403075292,50.273997442583735,5.52113306366344,8.436018088785046,0.0265890318725099,11,0,0,3,-0.5000000000000004,0.8660254037844384
2022-11-22,22.66,11.635332169465052,16.76526821527778,0.0227937930574098,42.077814658898305,53.536592734449755,5.731556861220905,9.366782786542924,0.026737588313413,11,1,0,3,-0.5000000000000004,0.8660254037844384
2022-11-23,22.58,13.021140492994746,16.27340431712963,0.0256551411451398,44.86662325,58.366183446043166,7.612548683421517,9.092970273364486,0.0261319464524765,11,2,0,3,-0.5000000000000004,0.8660254037844384
2022-11-24,26.14,12.20569869190372,10.919658487179488,0.0268386091030789,46.07617448777896,60.62874938609113,8.180152790089739,7.737501588652483,0.022539694259012,11,3,0,3,-0.5000000000000004,0.8660254037844384
2022-11-25,24.57,9.303434531883523,10.191998154205608,0.0236379009370816,46.22315775505857,60.97708298561151,6.599426779307282,6.593404512941177,0.0236976639892904,11,4,0,3,-0.5000000000000004,0.8660254037844384
2022-11-26,25.04,8.695693909850483,10.45472981775701,0.0245918337801608,45.49987464042553,62.37620512709832,6.56254517316209,9.858187371495326,0.0255860388219544,11,5,1,3,-0.5000000000000004,0.8660254037844384
2022-11-27,26.58,7.314592575209528,9.6830761682243,0.0253423758389261,46.062307873673035,67.16778787529975,5.678556674685418,10.693340504651164,0.0237379853333333,11,6,1,3,-0.5000000000000004,0.8660254037844384
2022-11-28,23.83,6.640474364170913,9.70059254524362,0.0268403648468708,44.05413653439154,67.733504569378,6.8127273529411765,9.754798104651163,0.0240099187749667,11,0,0,3,-0.5000000000000004,0.8660254037844384
2022-11-29,23.26,7.557805046470846,9.474146018561484,0.0246258763297872,42.748686306553914,68.27939985406698,7.905905030701754,11.468409060324824,0.0244669602122015,11,1,0,3,-0.5000000000000004,0.8660254037844384
2022-11-30,22.62,5.706256527704485,9.6441263549884,0.025686774535809,39.353025406743946,63.603418181818185,7.633582414984472,10.752945590277776,0.0252157746666666,11,2,0,3,-0.5000000000000004,0.8660254037844384
2022-12-01,21.81,5.733088662829559,9.07224638551402,0.0257980656836461,39.69187515628301,58.56192884134615,8.045826165433173,9.0573476937355,0.0268194727030625,12,3,0,0,-2.4492935982947064e-16,1.0
2022-12-02,21.05,6.788724376583661,9.96951995116279,0.0237161273458445,42.852763819238895,67.03576983373495,7.796591459353147,9.703568958139536,0.0267051384820239,12,4,0,0,-2.4492935982947064e-16,1.0
2022-12-03,22.52,6.618671609574,8.570627072769954,0.0212347916666666,42.53786772823779,70.52948755932204,7.686572913986536,14.270784353488372,0.0268591621983914,12,5,1,0,-2.4492935982947064e-16,1.0
2022-12-04,24.46,7.372897848140901,8.694303450236967,0.0202748897849462,41.54703284305408,69.61980081642511,7.548937745245467,16.76526821527778,0.0244394268456375,12,6,1,0,-2.4492935982947064e-16,1.0
2022-12-05,22.65,8.604932482378855,10.881794719626168,0.0208866008064516,43.73578999682539,74.5244167125604,9.015607477876106,16.27340431712963,0.0227937930574098,12,0,0,0,-2.4492935982947064e-16,1.0
2022-12-06,22.17,9.05536059815951,11.076659477751758,0.0200744450474898,44.729182663124334,79.22572676213592,11.635332169465052,10.919658487179488,0.0256551411451398,12,1,0,0,-2.4492935982947064e-16,1.0
2022-12-07,21.65,10.576929985390796,10.559997864801865,0.0184646152796725,45.33575341754757,80.6193269589372,13.021140492994746,10.191998154205608,0.0268386091030789,12,2,0,0,-2.4492935982947064e-16,1.0
2022-12-08,21.06,9.498231018760908,10.03485779350348,0.0213101668928086,44.30463969344608,76.7385331180723,12.20569869190372,10.45472981775701,0.0236379009370816,12,3,0,0,-2.4492935982947064e-16,1.0
2022-12-09,20.29,8.633152311072058,10.171186812933025,0.0215410204081632,42.787698973516946,72.15125305569008,9.303434531883523,9.6830761682243,0.0245918337801608,12,4,0,0,-2.4492935982947064e-16,1.0
2022-12-10,21.96,8.585613617990653,8.25806534883721,0.0243784281805745,42.977770606574765,73.56163095157385,8.695693909850483,9.70059254524362,0.0253423758389261,12,5,1,0,-2.4492935982947064e-16,1.0
2022-12-11,23.62,8.325168686369652,6.554163164319249,0.0241228864569083,43.03759396178344,75.0160618907767,7.314592575209528,9.474146018561484,0.0268403648468708,12,6,1,0,-2.4492935982947064e-16,1.0
2022-12-12,21.66,7.400816600087797,8.07439158041958,0.0233820866574965,40.79562451687764,77.87278633253013,6.640474364170913,9.6441263549884,0.0246258763297872,12,0,0,0,-2.4492935982947064e-16,1.0
2022-12-13,21.42,7.7678921139474655,9.197017028037385,0.0230671106500691,39.026140650475185,75.05235646265061,7.557805046470846,9.07224638551402,0.025686774535809,12,1,0,0,-2.4492935982947064e-16,1.0
2022-12-14,21.31,7.233967526477024,10.27917270657277,0.0226481892265193,38.19029763991552,73.26844033574879,5.706256527704485,9.96951995116279,0.0257980656836461,12,2,0,0,-2.4492935982947064e-16,1.0
2022-12-15,20.59,6.097323139894086,11.13338426229508,0.0223404924554183,37.119285752109704,72.78845536956521,5.733088662829559,8.570627072769954,0.0237161273458445,12,3,0,0,-2.4492935982947064e-16,1.0
2022-12-16,20.02,6.387889445919563,10.358599855140188,0.024361475994513,34.961698839153435,66.62232697820824,6.788724376583661,8.694303450236967,0.0212347916666666,12,4,0,0,-2.4492935982947064e-16,1.0
2022-12-17,21.56,7.045139507746791,10.13215948711944,0.02321141563786,32.90780080275716,63.419733320388346,6.618671609574,10.881794719626168,0.0202748897849462,12,5,1,0,-2.4492935982947064e-16,1.0
2022-12-18,23.12,7.838901471213463,9.895900065573771,0.0237025474552957,31.013438580063625,64.17993124939467,7.372897848140901,11.076659477751758,0.0208866008064516,12,6,1,0,-2.4492935982947064e-16,1.0
2022-12-19,21.15,8.660375455187802,11.7863454182243,0.0217253411927877,31.5481231128692,66.01031662560386,8.604932482378855,10.559997864801865,0.0200744450474898,12,0,0,0,-2.4492935982947064e-16,1.0
2022-12-20,20.99,10.232294655157345,12.366995719626168,0.0197471194444444,32.82928624421052,67.62747475180723,9.05536059815951,10.03485779350348,0.0184646152796725,12,1,0,0,-2.4492935982947064e-16,1.0
2022-12-21,20.77,11.733773819886611,13.716584123543123,0.0189315670816044,31.584967238696112,69.40242152048192,10.576929985390796,10.171186812933025,0.0213101668928086,12,2,0,0,-2.4492935982947064e-16,1.0
2022-12-22,20.38,9.474490606767796,11.610678971830987,0.0204336131284916,27.25012095899054,71.25561708192771,9.498231018760908,8.25806534883721,0.0215410204081632,12,3,0,0,-2.4492935982947064e-16,1.0
2022-12-23,20.22,6.99449678785172,8.81768776555024,0.0247241313559322,22.435180596620903,66.34293946973365,8.633152311072058,6.554163164319249,0.0243784281805745,12,4,0,0,-2.4492935982947064e-16,1.0
2022-12-24,22.07,7.503695911091154,9.025490326086956,0.0249575767045454,25.390512378061768,63.138392931707315,8.585613617990653,8.07439158041958,0.0241228864569083,12,5,1,0,-2.4492935982947064e-16,1.0
2022-12-25,23.47,7.22912107496136,9.311791079326923,0.0252843480113636,31.01197116489362,61.994397363414635,8.325168686369652,9.197017028037385,0.0233820866574965,12,6,1,0,-2.4492935982947064e-16,1.0
2022-12-26,22.7,7.712678924350939,12.090051173076924,0.022958486562942,34.355619863974496,65.7894514136253,7.400816600087797,10.27917270657277,0.0230671106500691,12,0,0,0,-2.4492935982947064e-16,1.0
2022-12-27,20.47,8.947713647925033,12.044394332541566,0.0251162993006993,37.886649049735446,68.4771508478261,7.7678921139474655,11.13338426229508,0.0226481892265193,12,1,0,0,-2.4492935982947064e-16,1.0
2022-12-28,20.33,9.642365030672437,11.629997636792451,0.0279755674547983,42.54777427157895,70.31552580769231,7.233967526477024,10.358599855140188,0.0223404924554183,12,2,0,0,-2.4492935982947064e-16,1.0
2022-12-29,19.7,9.46361835437527,11.4699054608076,0.0264626560332871,45.136389800632905,73.22236210144928,6.097323139894086,10.13215948711944,0.024361475994513,12,3,0,0,-2.4492935982947064e-16,1.0
2022-12-30,19.04,9.681892734586794,11.32665429928741,0.0225720559440559,45.34745205801688,78.25622983170732,6.387889445919563,9.895900065573771,0.02321141563786,12,4,0,0,-2.4492935982947064e-16,1.0
2022-12-31,20.27,9.362049381939304,8.821433204761904,0.024190827489481,46.682961161392406,84.41915788807785,7.045139507746791,11.7863454182243,0.0237025474552957,12,5,1,0,-2.4492935982947064e-16,1.0
2023-01-01,20.14,9.926951508112724,6.723099286746988,0.0242111613351877,46.30275015940489,80.94860841542288,7.838901471213463,12.366995719626168,0.0217253411927877,1,6,1,0,0.49999999999999994,0.8660254037844387
2023-01-02,19.96,9.783815358876115,8.313829479318736,0.0233350824022346,45.08547147077577,82.9461347531172,8.660375455187802,13.716584123543123,0.0197471194444444,1,0,0,0,0.49999999999999994,0.8660254037844387
2023-01-03,17.62,7.810183489312977,9.483647477218224,0.0228691531034482,45.05666061864407,83.2406153880597,10.232294655157345,11.610678971830987,0.0189315670816044,1,1,0,0,0.49999999999999994,0.8660254037844387
2023-01-04,17.05,6.219360451089278,10.120273722222224,0.0261564958677686,44.215832397667015,77.34332554094293,11.733773819886611,8.81768776555024,0.0204336131284916,1,2,0,0,0.49999999999999994,0.8660254037844387
2023-01-05,16.13,5.998152253610876,10.12384950363196,0.0265380703448275,41.79931978964059,75.48938023631841,9.474490606767796,9.025490326086956,0.0247241313559322,1,3,0,0,0.49999999999999994,0.8660254037844387
2023-01-06,15.34,7.573970228280625,11.410077893719809,0.0249380398351648,40.87050964067439,75.27573926237623,6.99449678785172,9.311791079326923,0.0249575767045454,1,4,0,0,0.49999999999999994,0.8660254037844387
2023-01-07,16.15,8.70438334393554,9.704568603406326,0.0268761749311294,40.68205860232067,71.38751143920595,7.503695911091154,12.090051173076924,0.0252843480113636,1,5,1,0,0.49999999999999994,0.8660254037844387
2023-01-08,16.81,9.343575355156185,9.11325197815534,0.0262243098201936,40.330400057022175,69.4571308560794,7.22912107496136,12.044394332541566,0.022958486562942,1,6,1,0,0.49999999999999994,0.8660254037844387
2023-01-09,15.17,10.509650344537814,10.696120836538462,0.0263672662968099,41.8314576969377,73.50905026799008,7.712678924350939,11.629997636792451,0.0251162993006993,1,0,0,0,0.49999999999999994,0.8660254037844387
2023-01-10,14.67,11.010335230114846,10.791666400954654,0.0275479037656903,43.91289362,73.6848788159204,8.947713647925033,11.4699054608076,0.0279755674547983,1,1,0,0,0.49999999999999994,0.8660254037844387
2023-01-11,14.43,12.42932460109983,11.04288695215311,0.025836814917127,44.11046922560336,76.07657831188119,9.642365030672437,11.32665429928741,0.0264626560332871,1,2,0,0,0.49999999999999994,0.8660254037844387
2023-01-12,13.88,9.137339097006851,10.743642751196171,0.0270849122085048,42.94443058071278,73.35629157425743,9.46361835437527,8.821433204761904,0.0225720559440559,1,3,0,0,0.49999999999999994,0.8660254037844387
2023-01-13,13.44,5.7554975757832345,10.120173109263655,0.0261670317241379,40.21472529319371,70.41469754679802,9.681892734586794,6.723099286746988,0.024190827489481,1,4,0,0,0.49999999999999994,0.8660254037844387
2023-01-14,14.32,6.387588140631578,8.42255791826923,0.0290761934156378,38.60705736649214,71.42596900000001,9.362049381939304,8.313829479318736,0.0242111613351877,1,5,1,0,0.49999999999999994,0.8660254037844387
2023-01-15,15.05,6.729889170196672,6.546705243961353,0.0318528326474622,40.89653455031447,73.83113167990075,9.926951508112724,9.483647477218224,0.0233350824022346,1,6,1,0,0.49999999999999994,0.8660254037844387
2023-01-16,14.35,7.041902378987664,8.668595871980676,0.0287189875690607,42.750407350472194,74.74450130445544,9.783815358876115,10.120273722222224,0.0228691531034482,1,0,0,0,0.49999999999999994,0.8660254037844387
2023-01-17,13.89,7.886419220475786,11.339206701923075,0.0248341506849315,43.04930188982162,77.13274414532019,7.810183489312977,10.12384950363196,0.0261564958677686,1,1,0,0,0.49999999999999994,0.8660254037844387
2023-01-18,13.66,7.284367084548105,9.83818792583732,0.024008522696011,42.220237807570975,76.57395095320197,6.219360451089278,11.410077893719809,0.0265380703448275,1,2,0,0,0.49999999999999994,0.8660254037844387
2023-01-19,13.38,5.95909931896916,10.696577908653849,0.025197501369863,40.1086063812038,74.62057628395063,5.998152253610876,9.704568603406326,0.0249380398351648,1,3,0,0,0.49999999999999994,0.8660254037844387
2023-01-20,12.71,5.371933911553111,9.132030580722892,0.0261274672131147,37.6822089947313,69.6079515049261,7.573970228280625,9.11325197815534,0.0268761749311294,1,4,0,0,0.49999999999999994,0.8660254037844387
2023-01-21,13.98,6.938884816057294,8.838623510948905,0.025832098495212,35.797832646251315,70.54436029629629,8.70438334393554,10.696120836538462,0.0262243098201936,1,5,1,0,0.49999999999999994,0.8660254037844387
2023-01-22,14.83,8.265722022024566,8.526587932692307,0.0280925939643347,35.59064996304118,73.94868626419753,9.343575355156185,10.791666400954654,0.0263672662968099,1,6,1,0,0.49999999999999994,0.8660254037844387
2023-01-23,14.01,7.178016183932347,8.581821906698565,0.0283051412894375,36.113653185850055,68.6722563308642,10.509650344537814,11.04288695215311,0.0275479037656903,1,0,0,0,0.49999999999999994,0.8660254037844387
2023-01-24,13.73,8.904806561850126,11.05512962529833,0.0267117004103967,36.84951094426919,69.11329713546799,11.010335230114846,10.743642751196171,0.025836814917127,1,1,0,0,0.49999999999999994,0.8660254037844387
2023-01-25,13.78,8.08559278424801,10.862917928229663,0.0281511855388813,37.25499386919832,72.70989751980198,12.42932460109983,10.120173109263655,0.0270849122085048,1,2,0,0,0.49999999999999994,0.8660254037844387
2023-01-26,13.6,6.31468930886076,9.430383490521328,0.0280635945578231,36.89045867263158,65.57002348138958,9.137339097006851,8.42255791826923,0.0261670317241379,1,3,0,0,0.49999999999999994,0.8660254037844387
2023-01-27,13.05,6.503646470211162,11.815676021126762,0.0278694734693877,37.502911818086226,63.51485056683169,5.7554975757832345,6.546705243961353,0.0290761934156378,1,4,0,0,0.49999999999999994,0.8660254037844387
2023-01-28,13.91,7.228792642228738,9.587979367924529,0.0304503570451436,38.392016829652995,66.64944110421835,6.387588140631578,8.668595871980676,0.0318528326474622,1,5,1,0,0.49999999999999994,0.8660254037844387
2023-01-29,15.18,7.34098722231579,7.151798021479714,0.0291746268861454,34.226868060063225,74.10460317955112,6.729889170196672,11.339206701923075,0.0287189875690607,1,6,1,0,0.49999999999999994,0.8660254037844387
2023-01-30,14.09,7.002221611713666,9.396127288732394,0.0249021680216802,29.585547069400633,70.30742093052109,7.041902378987664,9.83818792583732,0.0248341506849315,1,0,0,0,0.49999999999999994,0.8660254037844387
2023-01-31,14.04,7.055577408579758,10.446786678403756,0.025123318488529,28.847606050473185,63.07476622332506,7.886419220475786,10.696577908653849,0.024008522696011,1,1,0,0,0.49999999999999994,0.8660254037844387
2023-02-01,13.87,9.128145539108496,12.080284263403264,0.0247997408906882,31.497126335805085,60.66778815189873,7.284367084548105,9.132030580722892,0.025197501369863,2,2,0,0,0.8660254037844386,0.5000000000000001
2023-02-02,13.69,10.176039299394398,13.509371855477855,0.0262136662180349,33.813903074388946,61.87670040712468,5.95909931896916,8.838623510948905,0.0261274672131147,2,3,0,0,0.8660254037844386,0.5000000000000001
2023-02-03,13.11,7.056144086827615,11.001954302325585,0.0290904034852546,32.764059952229296,54.90633807106599,5.371933911553111,8.526587932692307,0.025832098495212,2,4,0,0,0.8660254037844386,0.5000000000000001
2023-02-04,14.07,7.51150082382763,10.33412110046729,0.0321107597840755,36.2701971581741,56.31515037055838,6.938884816057294,8.581821906698565,0.0280925939643347,2,5,1,0,0.8660254037844386,0.5000000000000001
2023-02-05,15.15,7.787181315431436,9.447514558962265,0.0316173099730458,42.86626371549894,64.75929825888325,8.265722022024566,11.05512962529833,0.0283051412894375,2,6,1,0,0.8660254037844386,0.5000000000000001
2023-02-06,13.96,8.770678739075095,9.93721682201405,0.0318239718498659,43.32997858474576,65.99086516120906,7.178016183932347,10.862917928229663,0.0267117004103967,2,0,0,0,0.8660254037844386,0.5000000000000001
2023-02-07,13.82,8.356346387083159,10.761820745920746,0.0290677737617135,43.04892689724576,63.55465903266332,8.904806561850126,9.430383490521328,0.0281511855388813,2,1,0,0,0.8660254037844386,0.5000000000000001
2023-02-08,13.69,10.442705575471695,12.479332918604651,0.0285352114361702,43.262229185185184,65.433907325,8.08559278424801,11.815676021126762,0.0280635945578231,2,2,0,0,0.8660254037844386,0.5000000000000001
2023-02-09,13.47,9.022899946644436,11.476634960739029,0.0314187941567065,43.00231498521647,63.5237995875,6.31468930886076,9.587979367924529,0.0278694734693877,2,3,0,0,0.8660254037844386,0.5000000000000001
2023-02-10,13.06,6.293776770191507,9.474981853828304,0.031833688415446,40.842391381856544,58.0442485436409,6.503646470211162,7.151798021479714,0.0304503570451436,2,4,0,0,0.8660254037844386,0.5000000000000001
2023-02-11,13.95,6.458262217594255,9.119516195804197,0.0301202626666666,39.11772756599789,58.118527456359104,7.228792642228738,9.396127288732394,0.0291746268861454,2,5,1,0,0.8660254037844386,0.5000000000000001
2023-02-12,15.16,7.921782274247492,10.585456859813084,0.0329501295546558,41.082409803174606,59.61562328428927,7.34098722231579,10.446786678403756,0.0249021680216802,2,6,1,0,0.8660254037844386,0.5000000000000001
2023-02-13,13.84,6.9841006428869425,10.769048226107223,0.0354307222963951,43.33486064631579,59.07096007462686,7.002221611713666,12.080284263403264,0.025123318488529,2,0,0,0,0.8660254037844386,0.5000000000000001
2023-02-14,13.64,7.067800524467688,8.789151577102803,0.0355950509383378,43.495704405491026,62.675274595,7.055577408579758,13.509371855477855,0.0247997408906882,2,1,0,0,0.8660254037844386,0.5000000000000001
2023-02-15,13.64,6.3828411614238405,8.318106284382285,0.0321726684491978,42.387016644514766,60.3680996025,9.128145539108496,11.001954302325585,0.0262136662180349,2,2,0,0,0.8660254037844386,0.5000000000000001
2023-02-16,13.46,7.163415564710779,10.819384965197216,0.029547223262032,38.688228922995776,61.9637874925,10.176039299394398,10.33412110046729,0.0290904034852546,2,3,0,0,0.8660254037844386,0.5000000000000001
2023-02-17,13.01,5.515539400993613,9.676753112643675,0.0311163555259653,36.495893059071726,57.00747155,7.056144086827615,9.447514558962265,0.0321107597840755,2,4,0,0,0.8660254037844386,0.5000000000000001
2023-02-18,14.09,6.507289987126246,9.973019789351852,0.0327025834445927,37.90157751216931,51.8684674,7.51150082382763,9.93721682201405,0.0316173099730458,2,5,1,0,0.8660254037844386,0.5000000000000001
2023-02-19,14.91,7.379644189883915,9.297882009280745,0.0335368099062918,44.28915295343915,56.466337245000005,7.787181315431436,10.761820745920746,0.0318239718498659,2,6,1,0,0.8660254037844386,0.5000000000000001
2023-02-20,13.88,8.238302270825551,10.916494928074243,0.0308114779116465,48.4241272173913,61.286163374999994,8.770678739075095,12.479332918604651,0.0290677737617135,2,0,0,0,0.8660254037844386,0.5000000000000001
2023-02-21,13.91,7.4452329075,8.586900434579439,0.0331590040106951,46.463902748945145,64.73048108521303,8.356346387083159,11.476634960739029,0.0285352114361702,2,1,0,0,0.8660254037844386,0.5000000000000001
2023-02-22,13.9,6.793662249373433,6.562199430260048,0.032540539893617,40.333198383720934,69.03574679949875,10.442705575471695,9.474981853828304,0.0314187941567065,2,2,0,0,0.8660254037844386,0.5000000000000001
2023-02-23,13.41,6.712913801441442,6.939107572429906,0.0323210625,37.648237316348194,72.1313515525,9.022899946644436,9.119516195804197,0.031833688415446,2,3,0,0,0.8660254037844386,0.5000000000000001
2023-02-24,12.79,6.063796997926172,6.736755840375587,0.0326498295904887,36.190417508492565,69.65505903258145,6.293776770191507,10.585456859813084,0.0301202626666666,2,4,0,0,0.8660254037844386,0.5000000000000001
2023-02-25,13.87,7.922832961124897,7.595368552693209,0.030383582010582,38.1675751495228,72.7298308459596,6.458262217594255,10.769048226107223,0.0329501295546558,2,5,1,0,0.8660254037844386,0.5000000000000001
2023-02-26,14.96,9.893982594154645,7.481827009411765,0.032640927344782,42.893880625,74.0463267979798,7.921782274247492,8.789151577102803,0.0354307222963951,2,6,1,0,0.8660254037844386,0.5000000000000001
2023-02-27,13.65,8.362040103491273,8.019110509345795,0.0346163517786561,44.75766330517423,70.35645704534005,6.9841006428869425,8.318106284382285,0.0355950509383378,2,0,0,0,0.8660254037844386,0.5000000000000001
2023-02-28,13.41,7.354038021285475,7.843282317016317,0.0299642416225749,44.906009753164554,69.30803909476309,7.067800524467688,10.819384965197216,0.0321726684491978,2,1,0,0,0.8660254037844386,0.5000000000000001
2023-03-01,13.26,9.037734836318052,8.22778261627907,0.0339813217993079,44.659719482866045,67.18314290953545,6.3828411614238405,9.676753112643675,0.029547223262032,3,2,0,1,1.0,6.123233995736766e-17
2023-03-02,13.01,8.071696536371237,8.359037176334107,0.0316297087294727,43.97327317080745,68.23515447201946,7.163415564710779,9.973019789351852,0.0311163555259653,3,3,0,1,1.0,6.123233995736766e-17
2023-03-03,12.64,7.947438848914858,8.696856004651163,0.0338240672413793,43.066142626943005,68.97170291727494,5.515539400993613,9.297882009280745,0.0327025834445927,3,4,0,1,1.0,6.123233995736766e-17
2023-03-04,13.52,7.09686658424015,7.422236792540793,0.0359995549783549,43.13582884599376,67.98732116829268,6.507289987126246,10.916494928074243,0.0335368099062918,3,5,1,1,1.0,6.123233995736766e-17
2023-03-05,14.34,7.411095890290039,6.936738628504673,0.0384620372616984,45.38693221145833,66.01872119756098,7.379644189883915,8.586900434579439,0.0308114779116465,3,6,1,1,1.0,6.123233995736766e-17
2023-03-06,13.26,7.553305748525696,8.007806518604651,0.0361903148308759,46.32991800415369,65.01566200731708,8.238302270825551,6.562199430260048,0.0331590040106951,3,0,0,1,1.0,6.123233995736766e-17
2023-03-07,12.87,6.645198215785663,7.210833070754718,0.0360821113028472,44.25382636776859,64.4589206902439,7.4452329075,6.939107572429906,0.032540539893617,3,1,0,1,1.0,6.123233995736766e-17
2023-03-08,13.05,6.219731475553698,7.646176466042155,0.0348246261843238,42.87230181320949,63.91815005839416,6.793662249373433,6.736755840375587,0.0323210625,3,2,0,1,1.0,6.123233995736766e-17
2023-03-09,12.8,6.7912623696287024,8.305295107226108,0.0343282928509905,44.318601032921805,65.47336723543688,6.712913801441442,7.595368552693209,0.0326498295904887,3,3,0,1,1.0,6.123233995736766e-17
2023-03-10,12.52,6.406002713323353,7.613721262295082,0.0319150662080825,45.413468096807414,74.86715605084746,6.063796997926172,7.481827009411765,0.030383582010582,3,4,0,1,1.0,6.123233995736766e-17
2023-03-11,13.4,5.385386897608057,5.035805035377359,0.0328046485319516,45.842050915463915,72.51032876029056,7.922832961124897,8.019110509345795,0.032640927344782,3,5,1,1,1.0,6.123233995736766e-17
2023-03-12,14.49,5.963549290824917,5.107432529550827,0.0323265142364107,43.512690332988626,74.28817404600484,9.893982594154645,7.843282317016317,0.0346163517786561,3,6,1,1,1.0,6.123233995736766e-17
2023-03-13,13.25,5.523601360902256,6.870449913145539,0.033997300344234,42.97957258264463,70.69654828813559,8.362040103491273,8.22778261627907,0.0299642416225749,3,0,0,1,1.0,6.123233995736766e-17
2023-03-14,13.12,5.103225936967632,6.344382134117647,0.0355749602076124,42.93653431088083,67.75834258353511,7.354038021285475,8.359037176334107,0.0339813217993079,3,1,0,1,1.0,6.123233995736766e-17
2023-03-15,13.08,6.6775352743928424,7.266918077464789,0.0369804235090751,45.28876069678089,64.83404591747573,9.037734836318052,8.696856004651163,0.0316297087294727,3,2,0,1,1.0,6.123233995736766e-17
2023-03-16,12.82,8.255766773805043,8.448783190588236,0.0387031796200345,45.66308859067358,63.09978616788322,8.071696536371237,7.422236792540793,0.0338240672413793,3,3,0,1,1.0,6.123233995736766e-17
2023-03-17,12.34,7.840953071398571,8.108730070422535,0.0366879422413793,41.64847281619937,63.13902420437956,7.947438848914858,6.936738628504673,0.0359995549783549,3,4,0,1,1.0,6.123233995736766e-17
2023-03-18,13.22,5.365006180520571,6.090909082742317,0.0386358605056669,39.35511551247401,52.571876176039126,7.09686658424015,8.007806518604651,0.0384620372616984,3,5,1,1,1.0,6.123233995736766e-17
2023-03-19,14.43,4.968022470036101,5.149387848341232,0.038321993006993,38.78369535483871,53.17524344362745,7.411095890290039,7.210833070754718,0.0361903148308759,3,6,1,1,1.0,6.123233995736766e-17
2023-03-20,13.22,6.87712402190396,7.897927284382285,0.0383751897746967,42.76872256787565,59.042264953545235,7.553305748525696,7.646176466042155,0.0360821113028472,3,0,0,1,1.0,6.123233995736766e-17
2023-03-21,13.03,8.56352479832636,8.394718456674473,0.0389615683391003,45.68996521243523,66.30406239999999,6.645198215785663,8.305295107226108,0.0348246261843238,3,1,0,1,1.0,6.123233995736766e-17
2023-03-22,13.0,9.572058329583802,7.512019477751757,0.0367080793787748,49.10438626064382,73.73965632107843,6.219731475553698,7.613721262295082,0.0343282928509905,3,2,0,1,1.0,6.123233995736766e-17
2023-03-23,12.61,9.238116226090604,7.203172788732395,0.0347819819587628,50.336822582815735,74.96520895110025,6.7912623696287024,5.035805035377359,0.0319150662080825,3,3,0,1,1.0,6.123233995736766e-17
2023-03-24,12.16,7.024059424217119,6.419237850815851,0.0348617603092783,47.510033627066115,68.29985672549019,6.406002713323353,5.107432529550827,0.0328046485319516,3,4,0,1,1.0,6.123233995736766e-17
2023-03-25,13.02,5.914381115617218,5.877338097902098,0.0369024008620689,45.98637638095238,63.982628184275185,5.385386897608057,6.870449913145539,0.0323265142364107,3,5,1,1,1.0,6.123233995736766e-17
2023-03-26,13.81,6.4616606508403365,6.140763228235294,0.0374090684699915,46.16611517131064,59.129290926289926,5.963549290824917,6.344382134117647,0.033997300344234,3,6,1,1,1.0,6.123233995736766e-17
2023-03-27,12.73,6.838516066999583,8.373318981395348,0.0379464526404023,45.77932275823046,58.73408837254902,5.523601360902256,7.266918077464789,0.0355749602076124,3,0,0,1,1.0,6.123233995736766e-17
2023-03-28,12.59,7.052127407380074,8.502031362586605,0.0394474326359832,45.37963403285421,56.73782454166667,5.103225936967632,8.448783190588236,0.0369804235090751,3,1,0,1,1.0,6.123233995736766e-17
2023-03-29,12.24,7.294503737597376,8.086567124711316,0.0411451186299081,45.3019132523172,59.43150565770171,6.6775352743928424,8.108730070422535,0.0387031796200345,3,2,0,1,1.0,6.123233995736766e-17
2023-03-30,12.29,7.567488239390195,7.339056324825986,0.0417273790794979,46.6258997507724,62.66614302682927,8.255766773805043,6.090909082742317,0.0366879422413793,3,3,0,1,1.0,6.123233995736766e-17
2023-03-31,12.0,7.919180689348059,7.875101421296296,0.0390704582299421,50.718786993833504,64.16559774754903,7.840953071398571,5.149387848341232,0.0386358605056669,3,4,0,1,1.0,6.123233995736766e-17
2023-04-01,12.69,6.0559346668048075,6.245512623255814,0.0394767351215423,51.980950038934424,58.149539288834944,5.365006180520571,7.897927284382285,0.038321993006993,4,5,1,1,0.8660254037844387,-0.49999999999999983
2023-04-02,13.64,5.294056115255658,4.93633471495327,0.0391544774247491,50.959862679050566,55.47603969852941,4.968022470036101,8.394718456674473,0.0383751897746967,4,6,1,1,0.8660254037844387,-0.49999999999999983
2023-04-03,12.44,6.545205770244821,6.412884956018519,0.0382252760633861,51.69489004290092,59.34215004136253,6.87712402190396,7.512019477751757,0.0389615683391003,4,0,0,1,0.8660254037844387,-0.49999999999999983
2023-04-04,12.23,8.352369941394965,6.1334652529002325,0.0343331032472939,51.66075463608563,64.53577140096618,8.56352479832636,7.203172788732395,0.0367080793787748,4,1,0,1,0.8660254037844387,-0.49999999999999983
2023-04-05,12.0,7.216688140307181,6.80509119630485,0.0345488243130724,49.869682622448984,60.26909323429952,9.572058329583802,6.419237850815851,0.0347819819587628,4,2,0,1,0.8660254037844387,-0.49999999999999983
2023-04-06,11.44,6.0121643520678685,7.830281509216589,0.0358673380516236,48.79883929268293,53.711362447115384,9.238116226090604,5.877338097902098,0.0348617603092783,4,3,0,1,0.8660254037844387,-0.49999999999999983
2023-04-07,11.66,5.4738484956701035,6.993720132867133,0.03821706244796,49.34018487906504,51.536209115384615,7.024059424217119,6.140763228235294,0.0369024008620689,4,4,0,1,0.8660254037844387,-0.49999999999999983
2023-04-08,12.42,5.613629283471075,6.041517552447552,0.0372535179316096,50.98737462639594,52.60295781730769,5.914381115617218,8.373318981395348,0.0374090684699915,4,5,1,1,0.8660254037844387,-0.49999999999999983
2023-04-09,13.23,6.749785700336701,6.692491079439253,0.039538702680067,54.1906740964467,52.17577522596154,6.4616606508403365,8.502031362586605,0.0379464526404023,4,6,1,1,0.8660254037844387,-0.49999999999999983
2023-04-10,12.01,7.452126563204006,9.233911758700696,0.0404721791666666,57.48643878760162,51.4407295,6.838516066999583,8.086567124711316,0.0394474326359832,4,0,0,1,0.8660254037844387,-0.49999999999999983
2023-04-11,11.73,8.113479060330578,8.670321240184757,0.0443857811980033,60.82303434517767,48.83514815865384,7.052127407380074,7.339056324825986,0.0411451186299081,4,1,0,1,0.8660254037844387,-0.49999999999999983
2023-04-12,11.82,8.37137441534111,7.649996419354839,0.0438765085714285,61.586439281947264,47.79731001923077,7.294503737597376,7.875101421296296,0.0417273790794979,4,2,0,1,0.8660254037844387,-0.49999999999999983
2023-04-13,11.54,8.916980428512904,7.930851351851851,0.0436617691043549,59.88182662170386,51.729476709832134,7.567488239390195,6.245512623255814,0.0390704582299421,4,3,0,1,0.8660254037844387,-0.49999999999999983
2023-04-14,11.23,9.310299531071138,8.082894102088167,0.0407502767710049,58.56185814052953,56.859230893975905,7.919180689348059,4.93633471495327,0.0394767351215423,4,4,0,1,0.8660254037844387,-0.49999999999999983
2023-04-15,11.72,7.762639439692982,6.027158540603248,0.0380291118475559,58.2037788470948,59.67578122222222,6.0559346668048075,6.412884956018519,0.0391544774247491,4,5,1,1,0.8660254037844387,-0.49999999999999983
2023-04-16,12.63,6.020115759934453,5.043013397674419,0.0381329642857142,55.712306880612246,57.59419798547216,5.294056115255658,6.1334652529002325,0.0382252760633861,4,6,1,1,0.8660254037844387,-0.49999999999999983
2023-04-17,11.58,5.187660244453575,6.070000456018518,0.0422508540450375,54.40946801529052,52.70632554457832,6.545205770244821,6.80509119630485,0.0343331032472939,4,0,0,1,0.8660254037844387,-0.49999999999999983
2023-04-18,11.36,6.5659387506095435,6.2474897558139535,0.0434716805324459,54.02172565615463,53.035697423076925,8.352369941394965,7.830281509216589,0.0345488243130724,4,1,0,1,0.8660254037844387,-0.49999999999999983
2023-04-19,11.23,7.660030197788697,6.816790339578454,0.0434570927152317,53.79996815423902,52.09977011352657,7.216688140307181,6.993720132867133,0.0358673380516236,4,2,0,1,0.8660254037844387,-0.49999999999999983
2023-04-20,11.03,8.670700550286181,7.6910633488372095,0.0433393119341563,55.93452515345528,50.599838748201435,6.0121643520678685,6.041517552447552,0.03821706244796,4,3,0,1,0.8660254037844387,-0.49999999999999983
2023-04-21,10.7,7.355317344026549,7.869009305555556,0.0409245995065789,55.912373270600206,54.005299120192305,5.4738484956701035,6.692491079439253,0.0372535179316096,4,4,0,1,0.8660254037844387,-0.49999999999999983
2023-04-22,11.57,5.907969760609807,5.385016889929743,0.0378025078838174,53.35530488217213,57.5162335377129,5.613629283471075,9.233911758700696,0.039538702680067,4,5,1,1,0.8660254037844387,-0.49999999999999983
2023-04-23,12.3,5.34356531763734,4.383002826603325,0.0376659991687448,51.65613949185336,57.08213920192308,6.749785700336701,8.670321240184757,0.0404721791666666,4,6,1,1,0.8660254037844387,-0.49999999999999983
2023-04-24,11.51,6.392912807267545,6.253629487238979,0.039127241322314,52.95956235198373,55.36559621875001,7.452126563204006,7.649996419354839,0.0443857811980033,4,0,0,1,0.8660254037844387,-0.49999999999999983
2023-04-25,11.42,7.822105384266886,6.893136174712644,0.0380727237704918,53.83505776774848,59.86470103349282,8.113479060330578,7.930851351851851,0.0438765085714285,4,1,0,1,0.8660254037844387,-0.49999999999999983
2023-04-26,11.27,8.419308147736626,7.774168181609196,0.0382533289581624,56.06165910162601,58.72379450119904,8.37137441534111,8.082894102088167,0.0436617691043549,4,2,0,1,0.8660254037844387,-0.49999999999999983
2023-04-27,11.02,8.045959093239228,7.880652300230947,0.0391205647540983,58.149513553752534,58.08985417266187,8.916980428512904,6.027158540603248,0.0407502767710049,4,3,0,1,0.8660254037844387,-0.49999999999999983
2023-04-28,10.77,7.469590588669951,7.115132180555555,0.0394403268133659,58.75518498883249,58.403958243373495,9.310299531071138,5.043013397674419,0.0380291118475559,4,4,0,1,0.8660254037844387,-0.49999999999999983
2023-04-29,11.54,6.445367752052545,5.824419925058549,0.0377158995918367,59.6393641395112,55.04526744660194,7.762639439692982,6.070000456018518,0.0381329642857142,4,5,1,1,0.8660254037844387,-0.49999999999999983
2023-04-30,12.45,4.790516326638477,4.521308146572104,0.0392368299264104,58.98929024236252,56.15570701699029,6.020115759934453,6.2474897558139535,0.0422508540450375,4,6,1,1,0.8660254037844387,-0.49999999999999983
2023-05-01,11.47,4.426330493592394,5.19741811627907,0.0386575257142857,57.37260649235474,52.643429851941754,5.187660244453575,6.816790339578454,0.0434716805324459,5,0,0,1,0.49999999999999994,-0.8660254037844387
2023-05-02,11.46,4.339721951907131,5.723319654292343,0.0368702556818181,56.86931926836735,53.603951719128325,6.5659387506095435,7.6910633488372095,0.0434570927152317,5,1,0,1,0.49999999999999994,-0.8660254037844387
2023-05-03,11.36,4.60348374990751,6.550093358796296,0.0368054330645161,57.82392675178026,53.34547115421687,7.660030197788697,7.869009305555556,0.0433393119341563,5,2,0,1,0.49999999999999994,-0.8660254037844387
2023-05-04,11.04,5.635253805088223,6.562268848484848,0.037284491552695,58.17564727670396,61.95572376682692,8.670700550286181,5.385016889929743,0.0409245995065789,5,3,0,1,0.49999999999999994,-0.8660254037844387
2023-05-05,10.67,6.231419012715341,6.18410427039627,0.0379541104838709,59.77391579552391,62.296816004807695,7.355317344026549,4.383002826603325,0.0378025078838174,5,4,0,1,0.49999999999999994,-0.8660254037844387
2023-05-06,11.34,6.910205134676564,5.090001420187793,0.0377786385737439,61.31157232756867,61.35074206024096,5.907969760609807,6.253629487238979,0.0376659991687448,5,5,1,1,0.49999999999999994,-0.8660254037844387
2023-05-07,12.21,6.9895518880197605,4.55243037735849,0.0378665861788617,62.812001068367344,61.42914465301205,5.34356531763734,6.893136174712644,0.039127241322314,5,6,1,1,0.49999999999999994,-0.8660254037844387
2023-05-08,11.33,6.435161276386037,5.757468673659673,0.0376914365853658,63.50251781716037,60.226388838554215,6.392912807267545,7.774168181609196,0.0380727237704918,5,0,0,1,0.49999999999999994,-0.8660254037844387
2023-05-09,11.3,6.622981179733727,6.310781469907408,0.0388249618815896,62.79668554192229,58.666985218446605,7.822105384266886,7.880652300230947,0.0382533289581624,5,1,0,1,0.49999999999999994,-0.8660254037844387
2023-05-10,10.97,7.026916533086725,6.917934445221445,0.0408378147847278,63.0182392597137,57.1896700776699,8.419308147736626,7.115132180555555,0.0391205647540983,5,2,0,1,0.49999999999999994,-0.8660254037844387
2023-05-11,10.9,9.144761620107127,7.236366981220657,0.0406082999185004,64.96023491632653,60.21937661407767,8.045959093239228,5.824419925058549,0.0394403268133659,5,3,0,1,0.49999999999999994,-0.8660254037844387
2023-05-12,10.53,10.266708241246498,7.404630914893617,0.0395461303643724,67.27677854989817,60.82361097349398,7.469590588669951,4.521308146572104,0.0377158995918367,5,4,0,1,0.49999999999999994,-0.8660254037844387
2023-05-13,11.03,9.239633310118805,5.4316809689737475,0.0384624037367993,66.86761813789582,61.56945692978208,6.445367752052545,5.19741811627907,0.0392368299264104,5,5,1,1,0.49999999999999994,-0.8660254037844387
2023-05-14,11.98,7.399339713638237,3.993357788095238,0.0374130130932896,65.69536558895706,60.65338105825243,4.790516326638477,5.723319654292343,0.0386575257142857,5,6,1,1,0.49999999999999994,-0.8660254037844387
2023-05-15,11.12,7.015264044172235,6.363401444444444,0.0378936176948051,66.04476159631147,58.56225802682927,4.426330493592394,6.550093358796296,0.0368702556818181,5,0,0,1,0.49999999999999994,-0.8660254037844387
2023-05-16,10.99,8.047338952556238,7.079936273584906,0.040104109135004,67.1534662803262,57.48424930992736,4.339721951907131,6.562268848484848,0.0368054330645161,5,1,0,1,0.49999999999999994,-0.8660254037844387
2023-05-17,10.91,7.596075986928105,6.152609110849057,0.0401370915548539,64.88740818042812,55.28085726699029,4.60348374990751,6.18410427039627,0.037284491552695,5,2,0,1,0.49999999999999994,-0.8660254037844387
2023-05-18,10.66,9.545877329109468,6.7194630372093025,0.0411703198707592,64.40574401019367,57.096027389294406,5.635253805088223,5.090001420187793,0.0379541104838709,5,3,0,1,0.49999999999999994,-0.8660254037844387
2023-05-19,10.29,10.981954226407453,6.17434813255814,0.0377517058823529,65.65624727319062,61.90227973607748,6.231419012715341,4.55243037735849,0.0377786385737439,5,4,0,1,0.49999999999999994,-0.8660254037844387
2023-05-20,10.95,10.414603377804976,4.897256883449883,0.0347091107518189,65.70832895603272,61.51389764320388,6.910205134676564,5.757468673659673,0.0378665861788617,5,5,1,1,0.49999999999999994,-0.8660254037844387
2023-05-21,11.71,10.90322740832106,4.8319589207459215,0.0374094072874493,66.59382223848516,57.13345199514563,6.9895518880197605,6.310781469907408,0.0376914365853658,5,6,1,1,0.49999999999999994,-0.8660254037844387
2023-05-22,10.7,11.875217657282745,6.885278652777777,0.0412809683954619,67.25494535300102,55.72616872639225,6.435161276386037,6.917934445221445,0.0388249618815896,5,0,0,1,0.49999999999999994,-0.8660254037844387
2023-05-23,10.57,11.92219340862841,7.041896085253456,0.0414272274573517,67.24382443699187,57.630980922330096,6.622981179733727,7.236366981220657,0.0408378147847278,5,1,0,1,0.49999999999999994,-0.8660254037844387
2023-05-24,10.49,10.807368844087897,6.7864916050808315,0.0420113866559485,65.85614052690356,59.23745366343825,7.026916533086725,7.404630914893617,0.0406082999185004,5,2,0,1,0.49999999999999994,-0.8660254037844387
2023-05-25,10.35,7.399435891825945,5.4854304,0.0404095406504065,64.25587323045686,56.198138046116505,9.144761620107127,5.4316809689737475,0.0395461303643724,5,3,0,1,0.49999999999999994,-0.8660254037844387
2023-05-26,10.02,7.109856876022913,6.27518119630485,0.0419323071948261,64.67851437804879,55.96552774271844,10.266708241246498,3.993357788095238,0.0384624037367993,5,4,0,1,0.49999999999999994,-0.8660254037844387
2023-05-27,10.85,7.050785418329637,5.332192933179724,0.043458648,65.85634585670732,54.77870509002433,9.239633310118805,6.363401444444444,0.0374130130932896,5,5,1,1,0.49999999999999994,-0.8660254037844387
2023-05-28,11.58,7.224364196054255,4.736133116009281,0.0422044692058346,66.70217212207527,57.37977257420925,7.399339713638237,7.079936273584906,0.0378936176948051,5,6,1,1,0.49999999999999994,-0.8660254037844387
2023-05-29,11.99,7.632866522134878,4.503146271028037,0.0417312820097244,68.06585746122448,56.68095622249389,7.015264044172235,6.152609110849057,0.040104109135004,5,0,0,1,0.49999999999999994,-0.8660254037844387
2023-05-30,10.58,8.645351035112862,6.1602338232558145,0.0403148395461912,68.46207663857868,56.16804017274939,8.047338952556238,6.7194630372093025,0.0401370915548539,5,1,0,1,0.49999999999999994,-0.8660254037844387
2023-05-31,10.37,9.208431082135524,6.563939278422273,0.0398922880820836,69.1220045704154,57.42592208937198,7.596075986928105,6.17434813255814,0.0411703198707592,5,2,0,1,0.49999999999999994,-0.8660254037844387
2023-06-01,10.12,10.22272518647541,7.042100778290993,0.0413315979703356,69.59086488145897,59.21586495923261,9.545877329109468,4.897256883449883,0.0377517058823529,6,3,0,2,1.2246467991473532e-16,-1.0
2023-06-02,9.75,10.790910059970567,7.404094868663594,0.0439876150197628,70.33857975865581,59.71823017505995,10.981954226407453,4.8319589207459215,0.0347091107518189,6,4,0,2,1.2246467991473532e-16,-1.0
2023-06-03,10.34,10.841078389413212,5.299087300925926,0.0431941870967741,69.6789746401631,59.987415539568346,10.414603377804976,6.885278652777777,0.0374094072874493,6,5,1,2,1.2246467991473532e-16,-1.0
2023-06-04,10.93,10.963513645721372,4.198697171693736,0.040904727125506,68.75423006639429,58.95106931490385,10.90322740832106,7.041896085253456,0.0412809683954619,6,6,1,2,1.2246467991473532e-16,-1.0
2023-06-05,9.74,12.91020416143814,6.452140705069124,0.0413170234059725,68.6361871141692,57.95627223076924,11.875217657282745,6.7864916050808315,0.0414272274573517,6,0,0,2,1.2246467991473532e-16,-1.0
2023-06-06,9.85,19.481366008571428,6.9783906201373,0.0435553577170418,68.64588731605691,57.87571460047847,11.92219340862841,5.4854304,0.0420113866559485,6,1,0,2,1.2246467991473532e-16,-1.0
2023-06-07,9.57,18.08589334262295,7.039956752293578,0.0408637,67.57357198680202,60.29261043914081,10.807368844087897,6.27518119630485,0.0404095406504065,6,2,0,2,1.2246467991473532e-16,-1.0
2023-06-08,9.56,17.42890920228867,6.856885392201835,0.0402273985448666,67.45345186497462,59.115256107655505,7.399435891825945,5.332192933179724,0.0419323071948261,6,3,0,2,1.2246467991473532e-16,-1.0
2023-06-09,9.33,14.845054901960784,6.782687306451613,0.0408447453666398,68.36693457505072,57.759312736842105,7.109856876022913,4.736133116009281,0.043458648,6,4,0,2,1.2246467991473532e-16,-1.0
2023-06-10,9.82,13.841592036065574,5.550094635103926,0.0436465491935483,68.71733969004065,60.25819585851319,7.050785418329637,4.503146271028037,0.0422044692058346,6,5,1,2,1.2246467991473532e-16,-1.0
2023-06-11,10.37,11.749950912424351,4.073801295081967,0.0392949764419171,68.13605942929807,64.78812320432692,7.224364196054255,6.1602338232558145,0.0417312820097244,6,6,1,2,1.2246467991473532e-16,-1.0
2023-06-12,9.44,9.473439952085917,4.93826475462963,0.0368906655844155,67.32238989329268,66.21781675059952,7.632866522134878,6.563939278422273,0.0403148395461912,6,0,0,2,1.2246467991473532e-16,-1.0
2023-06-13,9.24,8.908993907263028,5.839751678160919,0.0385045815085158,67.9822361453252,63.71510952997602,8.645351035112862,7.042100778290993,0.0398922880820836,6,1,0,2,1.2246467991473532e-16,-1.0
2023-06-14,9.22,10.291131644469107,6.004809164383562,0.0380477493936944,69.39082720977596,62.47409705023924,9.208431082135524,7.404094868663594,0.0413315979703356,6,2,0,2,1.2246467991473532e-16,-1.0
2023-06-15,8.85,11.301768685457516,6.0187103940774485,0.0381341112916328,69.48060296243655,62.61302937889688,10.22272518647541,5.299087300925926,0.0439876150197628,6,3,0,2,1.2246467991473532e-16,-1.0
2023-06-16,8.68,12.474679072156542,6.118309764976958,0.0378897025264873,69.19043490621814,61.27854050359712,10.790910059970567,4.198697171693736,0.0431941870967741,6,4,0,2,1.2246467991473532e-16,-1.0
2023-06-17,9.03,16.019251811103352,4.972767262672811,0.0400369959049959,70.72977167315574,58.64653688192771,10.841078389413212,6.452140705069124,0.040904727125506,6,5,1,2,1.2246467991473532e-16,-1.0
2023-06-18,9.56,13.931107451294697,4.143999930555555,0.0393654452674897,71.5354078534836,57.10450511352657,10.963513645721372,6.9783906201373,0.0413170234059725,6,6,1,2,1.2246467991473532e-16,-1.0
2023-06-19,8.9,11.62311062355372,4.943441935483872,0.039168937704918,72.00856889150461,57.775438667475726,12.91020416143814,7.039956752293578,0.0435553577170418,6,0,0,2,1.2246467991473532e-16,-1.0
2023-06-20,8.76,10.865852501124438,5.187853949656751,0.0388203602584814,71.4042629389002,57.808722313253014,19.481366008571428,6.856885392201835,0.0408637,6,1,0,2,1.2246467991473532e-16,-1.0
2023-06-21,8.57,9.372619775216137,5.531840322654462,0.0382645267423014,70.74576607309645,57.580128148681055,18.08589334262295,6.782687306451613,0.0402273985448666,6,2,0,2,1.2246467991473532e-16,-1.0
2023-06-22,8.44,7.76904320306038,5.450764739631337,0.0353702664551942,70.28060311437247,59.27123799277109,17.42890920228867,5.550094635103926,0.0408447453666398,6,3,0,2,1.2246467991473532e-16,-1.0
2023-06-23,8.29,8.383410008282318,5.66515304347826,0.0348864452495974,71.13355864741642,60.72618550843374,14.845054901960784,4.073801295081967,0.0436465491935483,6,4,0,2,1.2246467991473532e-16,-1.0
2023-06-24,8.56,8.962271084583334,5.092765664351852,0.037038180876494,72.95137333231708,58.40461257004831,13.841592036065574,4.93826475462963,0.0392949764419171,6,5,1,2,1.2246467991473532e-16,-1.0
2023-06-25,8.99,8.692486378705636,4.226235894613583,0.0374622147435897,74.12349021928935,56.14588140096618,11.749950912424351,5.839751678160919,0.0368906655844155,6,6,1,2,1.2246467991473532e-16,-1.0
2023-06-26,8.17,10.721370139173304,5.426863699074074,0.0372357982243745,73.91451307598784,56.62101120673076,9.473439952085917,6.004809164383562,0.0385045815085158,6,0,0,2,1.2246467991473532e-16,-1.0
2023-06-27,8.09,15.688653126341864,5.702602158986175,0.0375976518936341,73.5587383915237,58.980062930622005,8.908993907263028,6.0187103940774485,0.0380477493936944,6,1,0,2,1.2246467991473532e-16,-1.0
2023-06-28,8.17,19.499626390961858,5.855188840277777,0.040178871774824,73.86276032894736,59.26963192583733,10.291131644469107,6.118309764976958,0.0381341112916328,6,2,0,2,1.2246467991473532e-16,-1.0
2023-06-29,7.96,21.15033723821253,6.323248427251732,0.0411344917776037,75.07498968452983,58.500926482014385,11.301768685457516,4.972767262672811,0.0378897025264873,6,3,0,2,1.2246467991473532e-16,-1.0
2023-06-30,7.76,18.16505019718892,7.243344628504673,0.0411301219702892,76.53186745233266,57.61191883894231,12.474679072156542,4.143999930555555,0.0400369959049959,6,4,0,2,1.2246467991473532e-16,-1.0
2023-07-01,8.14,14.217305490549828,5.545716508235294,0.0397095517799352,77.17870200411099,57.3010781642512,16.019251811103352,4.943441935483872,0.0393654452674897,7,5,1,2,-0.4999999999999998,-0.8660254037844388
2023-07-02,8.62,10.611865374464772,4.643904772833723,0.0368731282679738,77.3047075405961,56.27689173188406,13.931107451294697,5.187853949656751,0.039168937704918,7,6,1,2,-0.4999999999999998,-0.8660254037844388
2023-07-03,7.95,8.917740436123347,5.463393960465116,0.0369553022690437,77.37670047191011,55.16056272048193,11.62311062355372,5.531840322654462,0.0388203602584814,7,0,0,2,-0.4999999999999998,-0.8660254037844388
2023-07-04,8.49,11.917090630890051,4.772655482352941,0.0357706872964169,76.04369442169909,57.91603713075061,10.865852501124438,5.450764739631337,0.0382645267423014,7,1,0,2,-0.4999999999999998,-0.8660254037844388
2023-07-05,7.78,11.24589585995458,5.906904077102804,0.0351622202429149,75.85224824387754,58.62972233975904,9.372619775216137,5.66515304347826,0.0353702664551942,7,2,0,2,-0.4999999999999998,-0.8660254037844388
2023-07-06,7.73,8.018694801503095,6.05629772027972,0.0347990893000804,75.12262289897959,58.285473255421685,7.76904320306038,5.092765664351852,0.0348864452495974,7,3,0,2,-0.4999999999999998,-0.8660254037844388
2023-07-07,7.66,7.441219203646065,5.4712805397196265,0.0348397259498787,74.4511585367347,58.57886523373494,8.383410008282318,4.226235894613583,0.037038180876494,7,4,0,2,-0.4999999999999998,-0.8660254037844388
2023-07-08,8.2,7.188974596191986,4.5352929834905655,0.0346636639544345,74.46874979345604,60.35766880145279,8.962271084583334,5.426863699074074,0.0374622147435897,7,5,1,2,-0.4999999999999998,-0.8660254037844388
2023-07-09,8.52,6.690309838294092,3.874720147342995,0.0332334828431372,74.84400090246406,58.72749460583942,8.692486378705636,5.702602158986175,0.0372357982243745,7,6,1,2,-0.4999999999999998,-0.8660254037844388
2023-07-10,7.77,7.172908455615942,5.592503106888361,0.0354819927007299,76.34670635378322,54.90608607748184,10.721370139173304,5.855188840277777,0.0375976518936341,7,0,0,2,-0.4999999999999998,-0.8660254037844388
2023-07-11,7.72,7.916141145552561,6.339285779620853,0.037474017756255,77.44131690602656,50.65201260869565,15.688653126341864,6.323248427251732,0.040178871774824,7,1,0,2,-0.4999999999999998,-0.8660254037844388
2023-07-12,7.69,8.470470956900504,6.454529267772512,0.0366866653193209,78.09700754376931,50.6712584842615,19.499626390961858,7.243344628504673,0.0411344917776037,7,2,0,2,-0.4999999999999998,-0.8660254037844388
2023-07-13,7.57,8.05840357827476,6.066957849056604,0.0357535436022819,78.73585890824744,52.0566782276029,21.15033723821253,5.545716508235294,0.0411301219702892,7,3,0,2,-0.4999999999999998,-0.8660254037844388
2023-07-14,7.49,8.678416308261404,6.434973895981088,0.0362467260834014,78.57220382730092,54.25660195620438,18.16505019718892,4.643904772833723,0.0397095517799352,7,4,0,2,-0.4999999999999998,-0.8660254037844388
2023-07-15,7.82,11.238027547761885,5.376535014492753,0.0345850477346278,78.72674706139438,55.57511236585366,14.217305490549828,5.463393960465116,0.0368731282679738,7,5,1,2,-0.4999999999999998,-0.8660254037844388
2023-07-16,8.28,13.89009459350348,4.73344281686747,0.034461567502021,78.92447890093848,55.32013492665036,10.611865374464772,4.772655482352941,0.0369553022690437,7,6,1,2,-0.4999999999999998,-0.8660254037844388
2023-07-17,7.62,17.807892384615386,6.343786885167464,0.0361059991883116,79.32591313291796,52.30505848668281,8.917740436123347,5.906904077102804,0.0357706872964169,7,0,0,2,-0.4999999999999998,-0.8660254037844388
2023-07-18,7.71,14.76995471197411,6.364390119331742,0.0357171229641693,79.05125952182952,52.793861762135926,11.917090630890051,6.05629772027972,0.0351622202429149,7,1,0,2,-0.4999999999999998,-0.8660254037844388
2023-07-19,7.68,11.918902556734318,6.447620774881517,0.0349351211382113,78.71093236994818,55.38366371186441,11.24589585995458,5.4712805397196265,0.0347990893000804,7,2,0,2,-0.4999999999999998,-0.8660254037844388
2023-07-20,7.54,10.671418304098362,6.3252677129411765,0.0372405825874694,78.50286853678756,56.34378899270073,8.018694801503095,4.5352929834905655,0.0348397259498787,7,3,0,2,-0.4999999999999998,-0.8660254037844388
2023-07-21,7.51,9.076801484521576,6.126825938679246,0.0354237824675324,77.82400486344538,55.227025474327625,7.441219203646065,3.874720147342995,0.0346636639544345,7,4,0,2,-0.4999999999999998,-0.8660254037844388
2023-07-22,7.92,8.884499328651685,5.37941206855792,0.0346528795768917,78.23110525236594,51.228315767726166,7.188974596191986,5.592503106888361,0.0332334828431372,7,5,1,2,-0.4999999999999998,-0.8660254037844388
2023-07-23,8.53,10.53810312120016,5.157821476190476,0.0367360024291497,78.87184111671924,51.12896517359413,6.690309838294092,6.339285779620853,0.0354819927007299,7,6,1,2,-0.4999999999999998,-0.8660254037844388
2023-07-24,7.79,11.614759691553896,6.793618241706161,0.0379378341423948,79.42435292654774,53.127071009779954,7.172908455615942,6.454529267772512,0.037474017756255,7,0,0,2,-0.4999999999999998,-0.8660254037844388
2023-07-25,7.91,12.950975976851852,7.224345819905213,0.0396151319388576,80.08709076285415,52.86787084184915,7.916141145552561,6.066957849056604,0.0366866653193209,7,1,0,2,-0.4999999999999998,-0.8660254037844388
2023-07-26,7.92,12.929196667220609,6.744241066350711,0.0401695650080256,80.45932960229645,50.80869412348668,8.470470956900504,6.434973895981088,0.0357535436022819,7,2,0,2,-0.4999999999999998,-0.8660254037844388
2023-07-27,7.77,11.672861413023256,6.254855541860466,0.0379863639291465,80.5886883696781,52.4807419686747,8.05840357827476,5.376535014492753,0.0362467260834014,7,3,0,2,-0.4999999999999998,-0.8660254037844388
2023-07-28,7.7,10.433321774268464,6.337318280742459,0.0384402775510204,80.38503013513514,52.12523872463768,8.678416308261404,4.73344281686747,0.0345850477346278,7,4,0,2,-0.4999999999999998,-0.8660254037844388
2023-07-29,8.13,8.050076157080523,4.884370759345795,0.0345471681706316,79.30569667640918,53.5625492566586,11.238027547761885,6.343786885167464,0.034461567502021,7,5,1,2,-0.4999999999999998,-0.8660254037844388
2023-07-30,8.58,6.921853259552656,4.358174162352941,0.033299901054339,78.34709697803346,51.36959878345499,13.89009459350348,6.364390119331742,0.0361059991883116,7,6,1,2,-0.4999999999999998,-0.8660254037844388
2023-07-31,8.12,7.920560579878901,6.2452327006960555,0.034986748981255,77.24025887682673,54.29597152173913,17.807892384615386,6.447620774881517,0.0357171229641693,7,0,0,2,-0.4999999999999998,-0.8660254037844388
2023-08-01,8.21,8.21712081550916,6.224381233100233,0.036203854812398,76.62693772285418,55.87849447242206,14.76995471197411,6.3252677129411765,0.0349351211382113,8,1,0,2,-0.8660254037844384,-0.5000000000000004
2023-08-02,8.24,8.759833661736641,6.381524429906542,0.0368681597051597,76.19335649948293,58.00234977511962,11.918902556734318,6.126825938679246,0.0372405825874694,8,2,0,2,-0.8660254037844384,-0.5000000000000004
2023-08-03,8.24,9.145188698473284,6.229320046948357,0.03678677124183,75.99551847772021,60.68282301913875,10.671418304098362,5.37941206855792,0.0354237824675324,8,3,0,2,-0.8660254037844384,-0.5000000000000004
2023-08-04,8.08,10.142912241819634,6.01325318501171,0.0359505256305939,76.41547554093263,61.049178776978415,9.076801484521576,5.157821476190476,0.0346528795768917,8,4,0,2,-0.8660254037844384,-0.5000000000000004
2023-08-05,8.55,10.919670027619048,5.136053133802816,0.0352555978705978,76.62525151612903,59.21990023501199,8.884499328651685,6.793618241706161,0.0367360024291497,8,5,1,2,-0.8660254037844384,-0.5000000000000004
2023-08-06,9.18,9.761692056829034,4.367134257683215,0.0346792070957095,76.21089161914672,58.86737155635492,10.53810312120016,7.224345819905213,0.0379378341423948,8,6,1,2,-0.8660254037844384,-0.5000000000000004
2023-08-07,8.62,8.69591468992248,5.448766114754098,0.0334193203319502,75.59514080166149,60.01086177218225,11.614759691553896,6.744241066350711,0.0396151319388576,8,0,0,2,-0.8660254037844384,-0.5000000000000004
2023-08-08,8.67,8.612425688792689,5.320088542253521,0.0335176409202958,75.01373383747412,59.81328477697841,12.950975976851852,6.254855541860466,0.0401695650080256,8,1,0,2,-0.8660254037844384,-0.5000000000000004
2023-08-09,8.8,9.062996062709429,5.616666807058824,0.0335082247744052,75.47898651817238,59.640216802884616,12.929196667220609,6.337318280742459,0.0379863639291465,8,2,0,2,-0.8660254037844384,-0.5000000000000004
2023-08-10,8.69,7.891446305229024,5.76176762529274,0.0323940695012264,75.97521822797928,59.86310521634615,11.672861413023256,4.884370759345795,0.0384402775510204,8,3,0,2,-0.8660254037844384,-0.5000000000000004
2023-08-11,8.41,7.242755698193916,5.411152204225352,0.0323410259951259,76.6966914159751,59.04157166987952,10.433321774268464,4.358174162352941,0.0345471681706316,8,4,0,2,-0.8660254037844384,-0.5000000000000004
2023-08-12,9.11,6.581125155049787,4.64525740521327,0.0332169019607843,77.35497387642782,58.472723915458936,8.050076157080523,6.2452327006960555,0.033299901054339,8,5,1,2,-0.8660254037844384,-0.5000000000000004
2023-08-13,9.79,5.876765276766822,4.039923693396227,0.0307142764561115,76.49146996780894,58.59021208695653,6.921853259552656,6.224381233100233,0.034986748981255,8,6,1,2,-0.8660254037844384,-0.5000000000000004
2023-08-14,9.28,6.1375589698275865,5.92499328372093,0.0314619445350734,76.12937659067359,57.66757785336539,7.920560579878901,6.381524429906542,0.036203854812398,8,0,0,2,-0.8660254037844384,-0.5000000000000004
2023-08-15,9.42,6.735411854066986,6.070912309302325,0.0324075464083938,76.71918522130301,56.63375174641149,8.21712081550916,6.229320046948357,0.0368681597051597,8,1,0,2,-0.8660254037844384,-0.5000000000000004
2023-08-16,9.62,7.798333224220623,6.6615939584295605,0.0353750663469224,77.48237166943005,53.614022543062205,8.759833661736641,6.01325318501171,0.03678677124183,8,2,0,2,-0.8660254037844384,-0.5000000000000004
2023-08-17,9.73,8.88053503030303,6.687892424528302,0.0358037718011409,77.37857946991701,55.51818004076738,9.145188698473284,5.136053133802816,0.0359505256305939,8,3,0,2,-0.8660254037844384,-0.5000000000000004
2023-08-18,9.5,10.076693284074604,6.008577408018868,0.0360229886455798,76.58194091304348,54.49843968105515,10.142912241819634,4.367134257683215,0.0352555978705978,8,4,0,2,-0.8660254037844384,-0.5000000000000004
2023-08-19,10.18,10.945208183354456,5.082114845238094,0.0356175012305168,75.42730060373444,56.90497637740385,10.919670027619048,5.448766114754098,0.0346792070957095,8,5,1,2,-0.8660254037844384,-0.5000000000000004
2023-08-20,11.18,12.488808433908046,4.782499125301205,0.0335540997547015,76.19875109166667,66.12805412106538,9.761692056829034,5.320088542253521,0.0334193203319502,8,6,1,2,-0.8660254037844384,-0.5000000000000004
2023-08-21,10.74,13.080519807025986,5.437467572446556,0.0317387905073649,77.15479811398964,65.6479921826923,8.69591468992248,5.616666807058824,0.0335176409202958,8,0,0,2,-0.8660254037844384,-0.5000000000000004
2023-08-22,11.04,11.914011823625923,5.747487572104019,0.0329823314378554,76.3642094849741,62.78544574340528,8.612425688792689,5.76176762529274,0.0335082247744052,8,1,0,2,-0.8660254037844384,-0.5000000000000004
2023-08-23,11.13,11.3991227016441,6.695511976190476,0.0356355961070559,76.8348233922997,60.78162382608696,9.062996062709429,5.411152204225352,0.0323940695012264,8,2,0,2,-0.8660254037844384,-0.5000000000000004
2023-08-24,11.09,10.999333846004845,6.814569261176471,0.0369748631147541,77.55891929698858,60.592387461538465,7.891446305229024,4.64525740521327,0.0323410259951259,8,3,0,2,-0.8660254037844384,-0.5000000000000004
2023-08-25,10.78,10.290312060034305,6.7017470657277,0.0351576254071661,77.01828486500519,62.42459374457832,7.242755698193916,4.039923693396227,0.0332169019607843,8,4,0,2,-0.8660254037844384,-0.5000000000000004
2023-08-26,11.17,8.840259436345967,5.528072457345971,0.0339723557929334,76.59509747242456,59.90027030843373,6.581125155049787,5.92499328372093,0.0307142764561115,8,5,1,2,-0.8660254037844384,-0.5000000000000004
2023-08-27,12.21,8.37946899609375,5.02962640430622,0.032597771123872,75.32445622372529,57.85982073798077,5.876765276766822,6.070912309302325,0.0314619445350734,8,6,1,2,-0.8660254037844384,-0.5000000000000004
2023-08-28,11.88,8.54600998243464,6.933339142857142,0.0340386994266994,74.94522398026999,55.988491403846155,6.1375589698275865,6.6615939584295605,0.0324075464083938,8,0,0,2,-0.8660254037844384,-0.5000000000000004
2023-08-29,11.79,9.588024535314174,7.571714909090909,0.0340929068627451,75.53197145906735,54.319518978417264,6.735411854066986,6.687892424528302,0.0353750663469224,8,1,0,2,-0.8660254037844384,-0.5000000000000004
2023-08-30,11.85,9.516684617308654,7.0643748046511625,0.0346039109645507,74.56163095426196,51.8110308444976,7.798333224220623,6.008577408018868,0.0358037718011409,8,2,0,2,-0.8660254037844384,-0.5000000000000004
2023-08-31,11.58,8.151450572743208,6.800111765661253,0.0351074497138184,73.060901827622,49.717833480861245,8.88053503030303,5.082114845238094,0.0360229886455798,8,3,0,2,-0.8660254037844384,-0.5000000000000004
2023-09-01,11.05,7.59857186159844,6.173802414117647,0.0341724771615008,72.81775173922186,56.694199011990406,10.076693284074604,4.782499125301205,0.0356175012305168,9,4,0,3,-1.0,-1.8369701987210297e-16
2023-09-02,11.48,7.506303359747205,5.277352599526067,0.0358084630541871,73.94591879284962,62.251860788461535,10.945208183354456,5.437467572446556,0.0335540997547015,9,5,1,3,-1.0,-1.8369701987210297e-16
2023-09-03,12.19,8.441578486564696,4.3256573071428575,0.0342703938893476,75.23283968809272,62.43169948433735,12.488808433908046,5.747487572104019,0.0317387905073649,9,6,1,3,-1.0,-1.8369701987210297e-16
2023-09-04,13.13,8.64000523884257,4.602503431980907,0.0327790190082644,74.19653571549,64.17438137590361,13.080519807025986,6.695511976190476,0.0329823314378554,9,0,0,3,-1.0,-1.8369701987210297e-16
2023-09-05,12.23,9.442286567992143,6.4767436014150945,0.0328411393442623,74.560646658588,61.81436221256039,11.914011823625923,6.814569261176471,0.0356355961070559,9,1,0,3,-1.0,-1.8369701987210297e-16
2023-09-06,12.16,11.2577366849196,6.81993870657277,0.0329292169354838,74.51221692348008,58.3986046618705,11.3991227016441,6.7017470657277,0.0369748631147541,9,2,0,3,-1.0,-1.8369701987210297e-16
2023-09-07,11.64,10.193295980392156,7.521978447058824,0.0327966709573612,74.39597224973767,55.208707539568344,10.999333846004845,5.528072457345971,0.0351576254071661,9,3,0,3,-1.0,-1.8369701987210297e-16
2023-09-08,11.1,8.332318733040509,7.709917430588235,0.0324710528885272,74.03538340566037,53.755177759615385,10.290312060034305,5.02962640430622,0.0339723557929334,9,4,0,3,-1.0,-1.8369701987210297e-16
2023-09-09,11.48,7.902757655144368,6.277965992890995,0.0323122176039119,73.2474957148847,55.66794335731415,8.840259436345967,6.933339142857142,0.032597771123872,9,5,1,3,-1.0,-1.8369701987210297e-16
2023-09-10,12.6,7.558951466405101,5.470134129496403,0.030244665579119,71.91269224789916,60.21962573798077,8.37946899609375,7.571714909090909,0.0340386994266994,9,6,1,3,-1.0,-1.8369701987210297e-16
2023-09-11,11.88,7.1974071021611,7.584325124705883,0.0297242964169381,70.75569551308901,63.945917317307696,8.54600998243464,7.0643748046511625,0.0340929068627451,9,0,0,3,-1.0,-1.8369701987210297e-16
2023-09-12,11.86,6.6536400707201375,6.846624791569086,0.0300608336052202,69.82794059224318,63.034786675480774,9.588024535314174,6.800111765661253,0.0346039109645507,9,1,0,3,-1.0,-1.8369701987210297e-16
2023-09-13,11.81,6.427964108451393,6.636818487119438,0.0303446143790849,68.73398510167715,63.245127697115386,9.516684617308654,6.173802414117647,0.0351074497138184,9,2,0,3,-1.0,-1.8369701987210297e-16
2023-09-14,11.47,6.662754282226563,6.76141112412178,0.0320709144471347,67.82048247064989,62.36755856698564,8.151450572743208,5.277352599526067,0.0341724771615008,9,3,0,3,-1.0,-1.8369701987210297e-16
2023-09-15,11.05,7.387271843338816,7.0349498286384975,0.0322731988682295,67.50404458743455,60.47308966028708,7.59857186159844,4.3256573071428575,0.0358084630541871,9,4,0,3,-1.0,-1.8369701987210297e-16
2023-09-16,11.62,8.463617989320388,6.468966602836879,0.0331737230895645,68.11110622105262,59.67175432296651,7.506303359747205,4.602503431980907,0.0342703938893476,9,5,1,3,-1.0,-1.8369701987210297e-16
2023-09-17,12.81,7.915882898288508,5.47819056635071,0.0322937497942386,68.6410527486856,59.45718034210527,8.441578486564696,6.4767436014150945,0.0327790190082644,9,6,1,3,-1.0,-1.8369701987210297e-16
2023-09-18,12.34,7.739467585620914,7.13281737236534,0.0329254963084495,68.322074795383,57.979101732057416,8.64000523884257,6.81993870657277,0.0328411393442623,9,0,0,3,-1.0,-1.8369701987210297e-16
2023-09-19,12.36,8.386751530185004,7.237366666666667,0.0338863407043407,67.89667262710084,58.43803276019185,9.442286567992143,7.521978447058824,0.0329292169354838,9,1,0,3,-1.0,-1.8369701987210297e-16
2023-09-20,12.22,9.967789813352828,7.363317644705882,0.0343491533442088,68.10432428886556,60.06675065155131,11.2577366849196,7.709917430588235,0.0327966709573612,9,2,0,3,-1.0,-1.8369701987210297e-16
2023-09-21,11.99,10.065660045528457,7.282738868852459,0.0336457144019528,67.69716439810925,63.92854151073986,10.193295980392156,6.277965992890995,0.0324710528885272,9,3,0,3,-1.0,-1.8369701987210297e-16
2023-09-22,11.48,9.84911458402338,7.1591359859484776,0.0343954400977995,66.90500943277311,64.24193059665872,8.332318733040509,5.470134129496403,0.0323122176039119,9,4,0,3,-1.0,-1.8369701987210297e-16
2023-09-23,12.12,8.569773393049436,5.360882492924528,0.0342217108927108,66.59050930494217,62.19187105011933,7.902757655144368,7.584325124705883,0.030244665579119,9,5,1,3,-1.0,-1.8369701987210297e-16
2023-09-24,13.07,7.464492027062419,4.974739400954654,0.0311031698113207,67.12655354631579,61.77222582057416,7.558951466405101,6.846624791569086,0.0297242964169381,9,6,1,3,-1.0,-1.8369701987210297e-16
2023-09-25,12.43,6.962957734683794,7.130484751773049,0.0298222959016393,67.7956837192429,59.755780332535885,7.1974071021611,6.636818487119438,0.0300608336052202,9,0,0,3,-1.0,-1.8369701987210297e-16
2023-09-26,12.59,6.940438463209876,7.834063401425178,0.0293245496308449,67.92282373004201,58.688346227817746,6.6536400707201375,6.76141112412178,0.0303446143790849,9,1,0,3,-1.0,-1.8369701987210297e-16
2023-09-27,12.24,6.612852661009934,7.875981197183099,0.0299071838235294,67.67094001993704,58.38740290191387,6.427964108451393,7.0349498286384975,0.0320709144471347,9,2,0,3,-1.0,-1.8369701987210297e-16
2023-09-28,11.98,7.243211890255906,7.480593274881517,0.0298851818181818,67.18732313684211,60.440660522673035,6.662754282226563,6.468966602836879,0.0322731988682295,9,3,0,3,-1.0,-1.8369701987210297e-16
2023-09-29,11.47,7.224908009485771,6.956276030805687,0.0307333704006541,67.54455069368422,62.47415984210526,7.387271843338816,5.47819056635071,0.0331737230895645,9,4,0,3,-1.0,-1.8369701987210297e-16
2023-09-30,11.99,8.013463864263462,5.037861373205742,0.0304987087776866,67.84229242088608,62.644342021634614,8.463617989320388,7.13281737236534,0.0322937497942386,9,5,1,3,-1.0,-1.8369701987210297e-16
2023-10-01,12.95,8.161200576092416,5.219441657766991,0.0312155511073253,66.66227068947369,64.37668770873786,7.915882898288508,7.237366666666667,0.0329254963084495,10,6,1,3,-0.8660254037844386,0.5000000000000001
2023-10-02,12.37,8.072980645648776,7.807782658711218,0.0325162607959356,66.0989317591623,66.16948972048192,7.739467585620914,7.363317644705882,0.0338863407043407,10,0,0,3,-0.8660254037844386,0.5000000000000001
2023-10-03,12.32,9.836390401873135,9.066606412887827,0.0340979983093829,66.27422142513089,64.55140156144579,8.386751530185004,7.282738868852459,0.0343491533442088,10,1,0,3,-0.8660254037844386,0.5000000000000001
2023-10-04,12.21,9.59057546094553,8.909750454761905,0.0329120813559322,67.18090261280167,62.262750830917874,9.967789813352828,7.1591359859484776,0.0336457144019528,10,2,0,3,-0.8660254037844386,0.5000000000000001
2023-10-05,11.86,7.77662545948718,9.088924916267942,0.0300671891891891,65.63419144050104,61.76257709397591,10.065660045528457,5.360882492924528,0.0343954400977995,10,3,0,3,-0.8660254037844386,0.5000000000000001
2023-10-06,11.47,6.144296523063144,8.555385293975903,0.028162581081081,63.49727542154812,59.152886843373494,9.84911458402338,4.974739400954654,0.0342217108927108,10,4,0,3,-0.8660254037844386,0.5000000000000001
2023-10-07,12.15,5.0442355386981035,6.607500466346154,0.0284106559322033,61.10466840481172,56.44976091346154,8.569773393049436,7.130484751773049,0.0311031698113207,10,5,1,3,-0.8660254037844386,0.5000000000000001
2023-10-08,13.23,4.759695519319939,6.2641018289156625,0.0290252410865874,60.31707658534032,52.43966176442307,7.464492027062419,7.834063401425178,0.0298222959016393,10,6,1,3,-0.8660254037844386,0.5000000000000001
2023-10-09,12.61,5.200145555987894,8.213826896385543,0.0289008224299065,60.25800776384535,53.94311331807229,6.962957734683794,7.875981197183099,0.0293245496308449,10,0,0,3,-0.8660254037844386,0.5000000000000001
2023-10-10,12.81,5.8646050567595465,8.580087085918855,0.029789539574468,60.65781716041667,58.447946824096384,6.940438463209876,7.480593274881517,0.0299071838235294,10,1,0,3,-0.8660254037844386,0.5000000000000001
2023-10-11,12.71,6.630341378142638,8.036866840095465,0.0295836834470989,59.499691219562955,65.2253182139423,6.612852661009934,6.956276030805687,0.0298851818181818,10,2,0,3,-0.8660254037844386,0.5000000000000001
2023-10-12,12.27,6.426979729043952,8.235202711217184,0.0278564206484641,58.58376619667013,67.33219546859902,7.243211890255906,5.037861373205742,0.0307333704006541,10,3,0,3,-0.8660254037844386,0.5000000000000001
2023-10-13,11.86,5.537285062821833,7.738436496420047,0.0256425756802721,58.42876660457856,63.369998983132525,7.224908009485771,5.219441657766991,0.0304987087776866,10,4,0,3,-0.8660254037844386,0.5000000000000001
2023-10-14,12.68,4.634315205287714,6.8933654795180725,0.0239133642553191,56.75356547753396,64.55399666019417,8.013463864263462,7.807782658711218,0.0312155511073253,10,5,1,3,-0.8660254037844386,0.5000000000000001
2023-10-15,13.92,3.868197888793841,5.836768173170732,0.0261228711604095,56.845085351097175,59.30307379611651,8.161200576092416,9.066606412887827,0.0325162607959356,10,6,1,3,-0.8660254037844386,0.5000000000000001
2023-10-16,13.05,4.360952187306501,8.45753846793349,0.0238819203084832,56.95559381458334,59.289511872289154,8.072980645648776,8.909750454761905,0.0340979983093829,10,0,0,3,-0.8660254037844386,0.5000000000000001
2023-10-17,13.21,5.834567217547461,10.019204722748814,0.0257089406196213,58.280954538541664,58.327931853365385,9.836390401873135,9.088924916267942,0.0329120813559322,10,1,0,3,-0.8660254037844386,0.5000000000000001
2023-10-18,12.94,7.083731793679458,10.21784642352941,0.0283571188204683,60.38715707724426,56.97382927228915,9.59057546094553,8.555385293975903,0.0300671891891891,10,2,0,3,-0.8660254037844386,0.5000000000000001
2023-10-19,12.72,7.891561534907598,10.98303984,0.0298147554395126,62.31413461313869,57.19625018795181,7.77662545948718,6.607500466346154,0.028162581081081,10,3,0,3,-0.8660254037844386,0.5000000000000001
2023-10-20,12.3,6.910001446437724,10.624316931603774,0.0295003049522154,63.11121687280248,56.41895891304348,6.144296523063144,6.2641018289156625,0.0284106559322033,10,4,0,3,-0.8660254037844386,0.5000000000000001
2023-10-21,13.11,5.781040290239726,7.744352095238095,0.0301032995633187,61.61963214596273,57.43539392251816,5.0442355386981035,8.213826896385543,0.0290252410865874,10,5,1,3,-0.8660254037844386,0.5000000000000001
2023-10-22,14.29,5.255733383979328,5.285058645083933,0.0278969965065502,59.60015165871369,60.7892462902439,4.759695519319939,8.580087085918855,0.0289008224299065,10,6,1,3,-0.8660254037844386,0.5000000000000001
2023-10-23,13.63,6.014641646090535,7.416594327790974,0.0275647140366172,59.34920795440414,63.85006837046005,5.200145555987894,8.036866840095465,0.029789539574468,10,0,0,3,-0.8660254037844386,0.5000000000000001
2023-10-24,13.81,7.510089590579711,8.993082177033493,0.0309670095486111,60.06922879214064,66.87088000728156,5.8646050567595465,8.235202711217184,0.0295836834470989,10,1,0,3,-0.8660254037844386,0.5000000000000001
2023-10-25,13.51,7.395002021505376,8.223606507109004,0.0297822094240837,60.192221749741464,68.26606410653753,6.630341378142638,7.738436496420047,0.0278564206484641,10,2,0,3,-0.8660254037844386,0.5000000000000001
2023-10-26,13.17,7.2534172456765,8.831301643705464,0.0281647245873153,58.21989339896907,69.80431664648911,6.426979729043952,6.8933654795180725,0.0256425756802721,10,3,0,3,-0.8660254037844386,0.5000000000000001
2023-10-27,12.6,7.782495304857621,9.222973830188678,0.0257688546562228,55.88658060556127,68.34167806779661,5.537285062821833,5.836768173170732,0.0239133642553191,10,4,0,3,-0.8660254037844386,0.5000000000000001
2023-10-28,13.27,7.156799847278226,6.410501966666666,0.0251784616055846,51.68496081733746,67.6705677330097,4.634315205287714,8.45753846793349,0.0261228711604095,10,5,1,3,-0.8660254037844386,0.5000000000000001
2023-10-29,14.41,6.314206654628688,5.243391626506024,0.0236431952714535,47.83003261673554,63.1276329684466,3.868197888793841,10.019204722748814,0.0238819203084832,10,6,1,3,-0.8660254037844386,0.5000000000000001
2023-10-30,14.1,5.903722731981982,8.337861007177032,0.0244853260297984,44.28868955371901,57.84334966828087,4.360952187306501,10.21784642352941,0.0257089406196213,10,0,0,3,-0.8660254037844386,0.5000000000000001
2023-10-31,13.73,6.444841915262889,10.014946116945108,0.0273823937282229,43.91216948659794,51.82380065700483,5.834567217547461,10.98303984,0.0283571188204683,10,1,0,3,-0.8660254037844386,0.5000000000000001
2023-11-01,14.53,7.289120120145002,11.553073375296911,0.0271261428571428,44.54886231034482,49.76366013399504,7.083731793679458,10.624316931603774,0.0298147554395126,11,2,0,3,-0.5000000000000004,0.8660254037844384
2023-11-02,14.28,8.079183494362534,13.225562330969266,0.0294893493234932,48.49742631066946,48.40540825742574,7.891561534907598,7.744352095238095,0.0295003049522154,11,3,0,3,-0.5000000000000004,0.8660254037844384
2023-11-03,13.99,9.025171415933782,13.217565636150235,0.0317067456575682,53.15315567570386,50.9275073866995,6.910001446437724,5.285058645083933,0.0301032995633187,11,4,0,3,-0.5000000000000004,0.8660254037844384
2023-11-04,14.98,11.07006005598756,12.296769624113477,0.0300143242236024,54.78232174712644,56.79339314814815,5.781040290239726,7.416594327790974,0.0278969965065502,11,5,1,3,-0.5000000000000004,0.8660254037844384
2023-11-05,16.5,11.968659127718649,9.995369796208532,0.0318384472049689,56.25684144665272,58.002905398514855,5.255733383979328,8.993082177033493,0.0275647140366172,11,6,1,3,-0.5000000000000004,0.8660254037844384
2023-11-06,15.67,9.116843665621737,9.581311206161136,0.031493385286783,57.9481265799373,59.64006090841584,6.014641646090535,8.223606507109004,0.0309670095486111,11,0,0,3,-0.5000000000000004,0.8660254037844384
2023-11-07,15.52,8.395714552277433,8.198977313679245,0.0302507960199004,56.92411101876955,65.59391143349754,7.510089590579711,8.831301643705464,0.0297822094240837,11,1,0,3,-0.5000000000000004,0.8660254037844384
2023-11-08,15.42,7.187989895752896,8.014449604761905,0.0282949863184079,53.94037126200418,61.08490178078817,7.395002021505376,9.222973830188678,0.0281647245873153,11,2,0,3,-0.5000000000000004,0.8660254037844384
2023-11-09,15.13,7.728439450155763,9.961200125890736,0.0249161832917705,50.53680596558916,58.0863316765432,7.2534172456765,6.410501966666666,0.0257688546562228,11,3,0,3,-0.5000000000000004,0.8660254037844384
2023-11-10,14.72,7.073219741200828,10.876476102380952,0.0242086496259351,47.79817903657263,56.403090425742576,7.782495304857621,5.243391626506024,0.0251784616055846,11,4,0,3,-0.5000000000000004,0.8660254037844384
2023-11-11,15.72,7.34804192166743,9.671817283333333,0.0253587386934673,47.872524462264145,54.84717191770574,7.156799847278226,8.337861007177032,0.0236431952714535,11,5,1,3,-0.5000000000000004,0.8660254037844384
2023-11-12,17.27,7.404685938860104,9.468898577565632,0.02692220906801,49.70815502210527,52.17873257605984,6.314206654628688,10.014946116945108,0.0244853260297984,11,6,1,3,-0.5000000000000004,0.8660254037844384
2023-11-13,16.41,7.987728323819408,12.586351133802816,0.0262014456928838,50.61086352301255,52.19617202716049,5.903722731981982,11.553073375296911,0.0273823937282229,11,0,0,3,-0.5000000000000004,0.8660254037844384
2023-11-14,16.27,7.749528265502184,12.68046178169014,0.0262564968632371,51.203638439075625,52.64207502970297,6.444841915262889,13.225562330969266,0.0271261428571428,11,1,0,3,-0.5000000000000004,0.8660254037844384
2023-11-15,16.31,8.676014605729167,13.002035929411765,0.0270145624211853,51.90645600942408,57.9509985382716,7.289120120145002,13.217565636150235,0.0294893493234932,11,2,0,3,-0.5000000000000004,0.8660254037844384
2023-11-16,15.78,9.560541055089192,11.826818276995306,0.0249469273182957,53.38078610062893,70.56366476790124,8.079183494362534,12.296769624113477,0.0317067456575682,11,3,0,3,-0.5000000000000004,0.8660254037844384
2023-11-17,15.25,8.263623674515236,10.041139308235294,0.0248741664580725,52.96235052521008,72.18189998267327,9.025171415933782,9.995369796208532,0.0300143242236024,11,4,0,3,-0.5000000000000004,0.8660254037844384
2023-11-18,16.45,6.96429548002103,7.907259120853081,0.0251272361809045,50.558567966351205,70.89875170471464,11.07006005598756,9.581311206161136,0.0318384472049689,11,5,1,3,-0.5000000000000004,0.8660254037844384
2023-11-19,17.75,7.335979961276818,7.367662787735848,0.0290104314465408,48.94183239199157,67.3563172970297,11.968659127718649,8.198977313679245,0.031493385286783,11,6,1,3,-0.5000000000000004,0.8660254037844384
2023-11-20,16.62,6.070825996512641,8.17694923640662,0.0253961881313131,48.189405470588234,62.17504891831683,9.116843665621737,8.014449604761905,0.0302507960199004,11,0,0,3,-0.5000000000000004,0.8660254037844384
2023-11-21,16.45,5.917522162232655,9.411837123831775,0.0238027335858585,46.4584866726128,63.62540009429281,8.395714552277433,9.961200125890736,0.0282949863184079,11,1,0,3,-0.5000000000000004,0.8660254037844384
2023-11-22,16.29,6.100966357255107,10.770401781902551,0.0216551341772151,46.14396000735294,62.29053451243781,7.187989895752896,10.876476102380952,0.0249161832917705,11,2,0,3,-0.5000000000000004,0.8660254037844384
2023-11-23,18.12,7.217290877936435,8.28056043255814,0.0247514137055837,43.753559369085174,64.97200726433915,7.728439450155763,9.671817283333333,0.0242086496259351,11,3,0,3,-0.5000000000000004,0.8660254037844384
2023-11-24,17.76,6.598764878228782,6.84713618224299,0.0260803426395939,39.60165841201264,66.53018976309227,7.073219741200828,9.468898577565632,0.0253587386934673,11,4,0,3,-0.5000000000000004,0.8660254037844384
2023-11-25,18.36,7.603559116217644,8.319180591121496,0.0245056878980891,37.89661841894737,65.40746166084787,7.34804192166743,12.586351133802816,0.02692220906801,11,5,1,3,-0.5000000000000004,0.8660254037844384
2023-11-26,19.64,8.465567316866935,8.631950440758294,0.024567607918263,38.36912099052632,67.92387812718204,7.404685938860104,12.68046178169014,0.0262014456928838,11,6,1,3,-0.5000000000000004,0.8660254037844384
2023-11-27,17.9,6.42584760782241,9.694383352668217,0.0248676636942675,37.672271370020965,61.88705007920792,7.987728323819408,13.002035929411765,0.0262564968632371,11,0,0,3,-0.5000000000000004,0.8660254037844384
2023-11-28,17.69,7.215258889717634,11.568935776223777,0.0246242687898089,37.22079473375262,56.846213116336635,7.749528265502184,11.826818276995306,0.0270145624211853,11,1,0,3,-0.5000000000000004,0.8660254037844384
2023-11-29,17.65,8.926705666038625,12.546153046620043,0.0259279682337992,39.670298720881426,60.715972745049505,8.676014605729167,10.041139308235294,0.0249469273182957,11,2,0,3,-0.5000000000000004,0.8660254037844384
2023-11-30,17.13,9.884462388473851,12.009427791569086,0.0267886035353535,43.1191438541448,70.32543939950372,9.560541055089192,7.907259120853081,0.0248741664580725,11,3,0,3,-0.5000000000000004,0.8660254037844384
2023-12-01,16.64,9.16615170386266,11.66691018309859,0.0231672769230769,43.87931624050633,77.16897678908188,8.263623674515236,7.367662787735848,0.0251272361809045,12,4,0,0,-2.4492935982947064e-16,1.0
2023-12-02,17.86,9.019445510778707,9.233706955082742,0.0219288687258687,45.04158828888889,77.45854001745636,6.96429548002103,8.17694923640662,0.0290104314465408,12,5,1,0,-2.4492935982947064e-16,1.0
2023-12-03,19.53,6.845865018766756,8.050997345238095,0.0234986813471502,46.0407085,74.65263771321696,7.335979961276818,9.411837123831775,0.0253961881313131,12,6,1,0,-2.4492935982947064e-16,1.0
2023-12-04,18.09,6.62448288847185,11.480115742924529,0.0212650413436692,45.81181483932347,68.63575584538654,6.070825996512641,10.770401781902551,0.0238027335858585,12,0,0,0,-2.4492935982947064e-16,1.0
2023-12-05,17.96,7.516821571900048,12.894339865248227,0.0216559178617992,45.49648534004237,66.56691273182958,5.917522162232655,8.28056043255814,0.0216551341772151,12,1,0,0,-2.4492935982947064e-16,1.0
2023-12-06,17.8,7.044390798395722,11.153029678403756,0.0250743857142857,44.9497255281018,64.315977518797,6.100966357255107,6.84713618224299,0.0247514137055837,12,2,0,0,-2.4492935982947064e-16,1.0
2023-12-07,17.6,7.215433448628295,10.82786873943662,0.0264030807291666,46.02826903072034,63.95369895989975,7.217290877936435,8.319180591121496,0.0260803426395939,12,3,0,0,-2.4492935982947064e-16,1.0
2023-12-08,17.31,8.080528057168378,10.56328092235294,0.0263797168831168,46.52351996924708,67.06833851005025,6.598764878228782,8.631950440758294,0.0245056878980891,12,4,0,0,-2.4492935982947064e-16,1.0
2023-12-09,18.56,7.672266379644587,9.012114330935251,0.0261516744791666,45.03217242189161,64.53409609343434,7.603559116217644,9.694383352668217,0.024567607918263,12,5,1,0,-2.4492935982947064e-16,1.0
2023-12-10,20.7,6.204049067787419,8.543975028503564,0.0235844921671018,41.96672527523911,61.9578543324937,8.465567316866935,11.568935776223777,0.0248676636942675,12,6,1,0,-2.4492935982947064e-16,1.0
2023-12-11,19.55,6.048991403625955,11.706748490610329,0.0210933519480519,40.33823836025505,62.87872173551637,6.42584760782241,12.546153046620043,0.0246242687898089,12,0,0,0,-2.4492935982947064e-16,1.0
2023-12-12,19.55,7.193177602996255,12.759615103044498,0.022524823146944,40.6704653089172,64.00280554156171,7.215258889717634,12.009427791569086,0.0259279682337992,12,1,0,0,-2.4492935982947064e-16,1.0
2023-12-13,19.62,8.139210113685346,12.194043803278689,0.0236149221789883,41.49405992136026,62.66003489974937,8.926705666038625,11.66691018309859,0.0267886035353535,12,2,0,0,-2.4492935982947064e-16,1.0
2023-12-14,19.41,9.572988150220263,13.616445627314816,0.0237389738903394,42.211565438894795,61.61842887218045,9.884462388473851,9.233706955082742,0.0231672769230769,12,3,0,0,-2.4492935982947064e-16,1.0
2023-12-15,19.16,10.613645272775706,14.422821479166666,0.0236888754863813,44.36959389596603,60.46826160902256,9.16615170386266,8.050997345238095,0.0219288687258687,12,4,0,0,-2.4492935982947064e-16,1.0
2023-12-16,21.17,10.026015997857526,12.371009272727273,0.0243324119170984,44.843753391489365,61.62099642713569,9.019445510778707,11.480115742924529,0.0234986813471502,12,5,1,0,-2.4492935982947064e-16,1.0
2023-12-17,23.4,8.114815460992908,10.803889857476635,0.0235382976501305,44.79589247765958,66.25484305527638,6.845865018766756,12.894339865248227,0.0212650413436692,12,6,1,0,-2.4492935982947064e-16,1.0
2023-12-18,21.76,6.309792652362846,10.552460128205128,0.0233547087126137,43.3083874208289,64.11044996984924,6.62448288847185,11.153029678403756,0.0216559178617992,12,0,0,0,-2.4492935982947064e-16,1.0
2023-12-19,22.01,5.648027385157096,10.208025318706698,0.0241249348958333,42.02866411395101,64.16922419849246,7.516821571900048,10.82786873943662,0.0250743857142857,12,1,0,0,-2.4492935982947064e-16,1.0
2023-12-20,21.94,7.137163999999999,10.610379292343389,0.0229091478599221,44.14114754042553,68.55935314357683,7.044390798395722,10.56328092235294,0.0264030807291666,12,2,0,0,-2.4492935982947064e-16,1.0
2023-12-21,21.46,9.1245191808,11.29690559164733,0.0206569291237113,45.32718517978723,72.7409747002519,7.215433448628295,9.012114330935251,0.0263797168831168,12,3,0,0,-2.4492935982947064e-16,1.0
2023-12-22,21.55,10.331017428875866,11.571319537037038,0.0193388043758043,45.386850687234045,76.61939379899498,8.080528057168378,8.543975028503564,0.0261516744791666,12,4,0,0,-2.4492935982947064e-16,1.0
2023-12-23,23.67,10.207158026365349,9.6294741981352,0.0229615446313065,46.11490389552239,79.92039419395466,7.672266379644587,11.706748490610329,0.0235844921671018,12,5,1,0,-2.4492935982947064e-16,1.0
2023-12-24,24.79,10.14667510979548,8.587342454976303,0.0228325097783572,44.76031062486602,78.86099571032746,6.204049067787419,12.759615103044498,0.0210933519480519,12,6,1,0,-2.4492935982947064e-16,1.0
2023-12-25,26.32,8.903389190579318,7.288011770685579,0.0235256844155844,41.947441357296135,75.27172653787879,6.048991403625955,12.194043803278689,0.022524823146944,12,0,0,0,-2.4492935982947064e-16,1.0
2023-12-26,23.89,7.0713413114901265,10.08839964102564,0.0202442161458333,41.682904514438505,74.25530743434344,7.193177602996255,13.616445627314816,0.0236149221789883,12,1,0,0,-2.4492935982947064e-16,1.0
2023-12-27,23.32,7.135727155759871,10.87609613317757,0.0214332151238591,41.840839868449194,74.518451239899,8.139210113685346,14.422821479166666,0.0237389738903394,12,2,0,0,-2.4492935982947064e-16,1.0
2023-12-28,23.11,6.489745047282608,10.391780800464035,0.0204423609314359,40.77652610470086,74.59921785138539,9.572988150220263,12.371009272727273,0.0236888754863813,12,3,0,0,-2.4492935982947064e-16,1.0
2023-12-29,22.16,6.461660055528961,10.30552154734411,0.0226242723735408,40.53800057754011,70.92193298737374,10.613645272775706,10.803889857476635,0.0243324119170984,12,4,0,0,-2.4492935982947064e-16,1.0
2023-12-30,23.14,6.495702052545156,9.021551863109048,0.0229167844155844,40.32847431437768,72.82514441161617,10.026015997857526,10.552460128205128,0.0235382976501305,12,5,1,0,-2.4492935982947064e-16,1.0
2023-12-31,23.46,8.528852060043668,8.619280511574074,0.026118,39.66092714270386,74.25676556455696,8.114815460992908,10.208025318706698,0.0233547087126137,12,6,1,0,-2.4492935982947064e-16,1.0
2024-01-01,23.7,9.712027612068963,8.045446357967668,0.0230320157273918,38.07387167414404,72.45742425641025,6.309792652362846,10.610379292343389,0.0241249348958333,1,0,0,0,0.49999999999999994,0.8660254037844387
2024-01-02,21.36,7.379955214783075,10.051907114416476,0.0225099804941482,36.820680929411765,72.11171139487179,5.648027385157096,11.29690559164733,0.0229091478599221,1,1,0,0,0.49999999999999994,0.8660254037844387
2024-01-03,20.92,8.215231836712913,10.724797857798166,0.0238860715214564,37.29874952230047,73.80189331377551,7.137163999999999,11.571319537037038,0.0206569291237113,1,2,0,0,0.49999999999999994,0.8660254037844387
2024-01-04,20.24,6.8354375902484765,9.349369598623852,0.0258643428943937,37.29135145550351,70.88579309693877,9.1245191808,9.6294741981352,0.0193388043758043,1,3,0,0,0.49999999999999994,0.8660254037844387
2024-01-05,19.24,7.667902422245651,10.79591300921659,0.0239145142487046,36.83075586885246,69.98357636479592,10.331017428875866,8.587342454976303,0.0229615446313065,1,4,0,0,0.49999999999999994,0.8660254037844387
2024-01-06,20.09,8.569409669846317,9.3729696993007,0.0244519372549019,36.35998622941177,72.95276247058824,10.207158026365349,7.288011770685579,0.0228325097783572,1,5,1,0,0.49999999999999994,0.8660254037844387
2024-01-07,21.04,6.604918685512367,6.287997279720279,0.0267211374345549,36.1403297196702,70.95191682097186,10.14667510979548,10.08839964102564,0.0235256844155844,1,6,1,0,0.49999999999999994,0.8660254037844387
2024-01-08,19.11,6.71368094208289,8.985584808857809,0.0242367786458333,35.2977538,67.40678493367348,8.903389190579318,10.87609613317757,0.0202442161458333,1,0,0,0,0.49999999999999994,0.8660254037844387
2024-01-09,18.71,5.337695901340482,9.540334833718244,0.0261684849673202,36.39275574765258,70.71425921428572,7.0713413114901265,10.391780800464035,0.0214332151238591,1,1,0,0,0.49999999999999994,0.8660254037844387
2024-01-10,18.08,4.899399352548833,8.397431164351852,0.0277125203145478,37.55380104347826,68.13950034438776,7.135727155759871,10.30552154734411,0.0204423609314359,1,2,0,0,0.49999999999999994,0.8660254037844387
2024-01-11,17.42,6.1033371910052905,9.577984767281109,0.0271319802631578,36.389742517038776,65.72182652173913,6.489745047282608,9.021551863109048,0.0226242723735408,1,3,0,0,0.49999999999999994,0.8660254037844387
2024-01-12,16.72,6.378190244291025,10.07757806235566,0.0267080329815303,33.20867792488263,65.96936952295918,6.461660055528961,8.619280511574074,0.0229167844155844,1,4,0,0,0.49999999999999994,0.8660254037844387
2024-01-13,17.7,5.346433291327914,7.48860124537037,0.0279806608811749,28.857040972941174,66.4145014974359,6.495702052545156,8.045446357967668,0.026118,1,5,1,0,0.49999999999999994,0.8660254037844387
2024-01-14,18.58,5.800067346502937,6.79737150812065,0.0271073723118279,25.223070590588236,66.43366863333333,8.528852060043668,10.051907114416476,0.0230320157273918,1,6,1,0,0.49999999999999994,0.8660254037844387
2024-01-15,17.82,6.519686101340482,9.154612997685184,0.0244722908847185,22.12091527230047,68.24978325575448,9.712027612068963,10.724797857798166,0.0225099804941482,1,0,0,0,0.49999999999999994,0.8660254037844387
2024-01-16,17.18,7.270110421256039,10.436190424942264,0.0265612586666666,23.544174064705885,67.51098975191816,7.379955214783075,9.349369598623852,0.0238860715214564,1,1,0,0,0.49999999999999994,0.8660254037844387
2024-01-17,16.91,6.920676716729022,11.326766775981524,0.0273230222513089,29.417649413915093,65.78634876923077,8.215231836712913,10.79591300921659,0.0258643428943937,1,2,0,0,0.49999999999999994,0.8660254037844387
2024-01-18,16.47,8.057388060094887,13.685537155963305,0.0241557664041994,34.75008083589138,66.67329392525774,6.8354375902484765,9.3729696993007,0.0239145142487046,1,3,0,0,0.49999999999999994,0.8660254037844387
2024-01-19,15.56,8.73570423270163,11.92120956551724,0.0263580807291666,31.48088715330189,69.79205195897435,7.667902422245651,6.287997279720279,0.0244519372549019,1,4,0,0,0.49999999999999994,0.8660254037844387
2024-01-20,16.44,6.780971987856389,8.436720297235022,0.0280683307189542,29.57675507058823,68.37502642820513,8.569409669846317,8.985584808857809,0.0267211374345549,1,5,1,0,0.49999999999999994,0.8660254037844387
2024-01-21,17.85,6.749481983545648,7.61916288248848,0.0281367700394218,33.255728,70.98119010025707,6.604918685512367,9.540334833718244,0.0242367786458333,1,6,1,0,0.49999999999999994,0.8660254037844387
2024-01-22,16.54,7.9927118822971055,11.537848255760368,0.02550897124183,38.56502975910693,77.92808870076726,6.71368094208289,8.397431164351852,0.0261684849673202,1,0,0,0,0.49999999999999994,0.8660254037844387
2024-01-23,16.43,9.134269969505784,12.955629744239632,0.0223051197916666,42.72229055529411,80.34364212886598,5.337695901340482,9.577984767281109,0.0277125203145478,1,1,0,0,0.49999999999999994,0.8660254037844387
2024-01-24,16.34,8.452740265066666,12.049782181609196,0.0198471134564643,43.77300941627358,85.91351832989692,4.899399352548833,10.07757806235566,0.0271319802631578,1,2,0,0,0.49999999999999994,0.8660254037844387
2024-01-25,16.03,6.8426715401624545,11.158608009389672,0.0197683489583333,45.31500984470589,84.41924753061224,6.1033371910052905,7.48860124537037,0.0267080329815303,1,3,0,0,0.49999999999999994,0.8660254037844387
2024-01-26,15.49,5.5478011347780125,9.685481034642033,0.0208682415584415,44.62538795641932,78.60024593573264,6.378190244291025,6.79737150812065,0.0279806608811749,1,4,0,0,0.49999999999999994,0.8660254037844387
2024-01-27,16.43,5.6229661788747345,8.533403482517482,0.0219600415045395,43.92340505771496,73.84263537532134,5.346433291327914,9.154612997685184,0.0271073723118279,1,5,1,0,0.49999999999999994,0.8660254037844387
2024-01-28,17.83,4.936858867264998,7.814182762790697,0.0236431697127937,44.2675270882353,72.23306440102827,5.800067346502937,10.436190424942264,0.0244722908847185,1,6,1,0,0.49999999999999994,0.8660254037844387
2024-01-29,16.56,5.836814538133334,10.16134988425926,0.024336214747736,44.59411183882353,68.79523063589744,6.519686101340482,11.326766775981524,0.0265612586666666,1,0,0,0,0.49999999999999994,0.8660254037844387
2024-01-30,16.47,6.70397068644958,11.47314698173516,0.0259810721649484,44.72563769320843,68.0575021150895,7.270110421256039,13.685537155963305,0.0273230222513089,1,1,0,0,0.49999999999999994,0.8660254037844387
2024-01-31,16.48,6.928146100440529,11.317185889908256,0.027561567774936,45.40152403629977,67.60204892327366,6.920676716729022,11.92120956551724,0.0241557664041994,1,2,0,0,0.49999999999999994,0.8660254037844387
2024-02-01,16.1,7.56755062993763,10.572650078886312,0.026337838010204,45.9236945418139,71.62600977692307,8.057388060094887,8.436720297235022,0.0263580807291666,2,3,0,0,0.8660254037844386,0.5000000000000001
2024-02-02,15.43,7.117188733090531,8.43660375638051,0.0279373541401273,44.69765444876325,77.80181028717948,8.73570423270163,7.61916288248848,0.0280683307189542,2,4,0,0,0.8660254037844386,0.5000000000000001
2024-02-03,16.43,6.851460107276119,6.87110381030445,0.0290625121638924,42.0117036162928,75.10437474611399,6.780971987856389,11.537848255760368,0.0281367700394218,2,5,1,0,0.8660254037844386,0.5000000000000001
2024-02-04,18.01,6.590084502914679,6.673965514084507,0.0302179716859716,41.68109842502952,71.99584977002584,6.749481983545648,12.955629744239632,0.02550897124183,2,6,1,0,0.8660254037844386,0.5000000000000001
2024-02-05,17.0,5.964616705385428,8.453340344186048,0.028453623876765,42.69360902125147,70.73561671428571,7.9927118822971055,12.049782181609196,0.0223051197916666,2,0,0,0,0.8660254037844386,0.5000000000000001
2024-02-06,16.9,7.094530465716829,10.27495480778032,0.0278377079081632,42.95227544470588,71.81969789664083,9.134269969505784,11.158608009389672,0.0198471134564643,2,1,0,0,0.8660254037844386,0.5000000000000001
2024-02-07,16.61,7.674622899843505,10.571293574712644,0.0305050102564102,43.122818767962315,72.53098397674418,8.452740265066666,9.685481034642033,0.0197683489583333,2,2,0,0,0.8660254037844386,0.5000000000000001
2024-02-08,16.39,7.594618933681462,10.382510898850574,0.0295617016645326,44.83818476588235,69.04818267525773,6.8426715401624545,8.533403482517482,0.0208682415584415,2,3,0,0,0.8660254037844386,0.5000000000000001
2024-02-09,15.74,7.545450460111317,9.722518467592591,0.0286269207161125,45.060002585394585,73.2976211185567,5.5478011347780125,7.814182762790697,0.0219600415045395,2,4,0,0,0.8660254037844386,0.5000000000000001
2024-02-10,16.79,7.7626876811746195,8.22016515116279,0.0274832023195876,42.558061831168835,72.01563377002584,5.6229661788747345,10.16134988425926,0.0236431697127937,2,5,1,0,0.8660254037844386,0.5000000000000001
2024-02-11,18.27,6.269880293901157,6.789320738317757,0.0248435551282051,41.03757235106383,68.75876000515464,4.936858867264998,11.47314698173516,0.024336214747736,2,6,1,0,0.8660254037844386,0.5000000000000001
2024-02-12,16.93,6.789890655293089,10.040074125290024,0.0251978850574712,40.72633762588236,68.03184395360825,5.836814538133334,11.317185889908256,0.0259810721649484,2,0,0,0,0.8660254037844386,0.5000000000000001
2024-02-13,16.61,6.110211699165798,10.477036178899082,0.0284108911651728,41.191735083529416,65.3531686056701,6.70397068644958,10.572650078886312,0.027561567774936,2,1,0,0,0.8660254037844386,0.5000000000000001
2024-02-14,16.07,5.6501032513089005,9.362565066513762,0.0332823583227446,42.20871153773585,63.35173152564103,6.928146100440529,8.43660375638051,0.026337838010204,2,2,0,0,0.8660254037844386,0.5000000000000001
2024-02-15,16.11,5.928469563745944,9.762659556581983,0.0312809064475347,43.42370803411765,67.29676285421995,7.56755062993763,6.87110381030445,0.0279373541401273,2,3,0,0,0.8660254037844386,0.5000000000000001
2024-02-16,15.41,5.985179258233141,8.649560364055299,0.0303744346733668,39.92152553482881,68.18474280769232,7.117188733090531,6.673965514084507,0.0290625121638924,2,4,0,0,0.8660254037844386,0.5000000000000001
2024-02-17,16.55,5.5653947537978,6.238639721962617,0.0322502537688442,34.22455630070755,66.1087599539642,6.851460107276119,8.453340344186048,0.0302179716859716,2,5,1,0,0.8660254037844386,0.5000000000000001
2024-02-18,17.77,5.477251185218165,7.11653582175926,0.0325261859296482,37.96034234474616,62.32169195652174,6.590084502914679,10.27495480778032,0.028453623876765,2,6,1,0,0.8660254037844386,0.5000000000000001
2024-02-19,16.67,6.782308728134878,10.09204929953917,0.0323582245922208,42.517491505910165,64.31541294358975,5.964616705385428,10.571293574712644,0.0278377079081632,2,0,0,0,0.8660254037844386,0.5000000000000001
2024-02-20,16.58,8.284961057894737,11.329915096551725,0.0323676050314465,46.11541339834515,66.08153896930946,7.094530465716829,10.382510898850574,0.0305050102564102,2,1,0,0,0.8660254037844386,0.5000000000000001
2024-02-21,16.5,9.13378264634714,10.076254838337183,0.0340501439114391,48.51723453246753,67.00696992307692,7.674622899843505,9.722518467592591,0.0295617016645326,2,2,0,0,0.8660254037844386,0.5000000000000001
2024-02-22,15.95,10.281533236162362,10.494669740139212,0.0326397046004842,48.61174621040189,68.76750413881747,7.594618933681462,8.22016515116279,0.0286269207161125,2,3,0,0,0.8660254037844386,0.5000000000000001
2024-02-23,15.31,7.905951353002611,10.182452349425288,0.031093543817527,47.23066142384888,62.636473076923075,7.545450460111317,6.789320738317757,0.0274832023195876,2,4,0,0,0.8660254037844386,0.5000000000000001
2024-02-24,16.1,5.789429122120817,8.298721642857142,0.0342682045728038,45.25129700236967,54.646069287179486,7.7626876811746195,10.040074125290024,0.0248435551282051,2,5,1,0,0.8660254037844386,0.5000000000000001
2024-02-25,17.38,6.340241152872957,7.8382747581395344,0.0350160337349397,48.57591315183868,52.20143335384616,6.269880293901157,10.477036178899082,0.0251978850574712,2,6,1,0,0.8660254037844386,0.5000000000000001
2024-02-26,16.14,8.635540493690852,9.834847097222225,0.0345975604790419,52.46133976477542,57.9062086025641,6.789890655293089,9.362565066513762,0.0284108911651728,2,0,0,0,0.8660254037844386,0.5000000000000001
2024-02-27,15.92,9.83657616232558,7.836576386574074,0.0338847181603773,49.908194552538376,64.31916874871796,6.110211699165798,9.762659556581983,0.0332823583227446,2,1,0,0,0.8660254037844386,0.5000000000000001
2024-02-28,15.68,6.486628523408732,7.123324291954023,0.0325445559440559,43.39858798,61.64723372378516,5.6501032513089005,8.649560364055299,0.0312809064475347,2,2,0,0,0.8660254037844386,0.5000000000000001
2024-02-29,15.26,4.681317572708114,6.968976773455378,0.0304435100965759,41.61870009753232,54.28824341794872,5.928469563745944,6.238639721962617,0.0303744346733668,2,3,0,0,0.8660254037844386,0.5000000000000001
2024-03-01,14.56,6.1030138735529835,7.95673166745283,0.0310672632508833,45.01469157459207,61.51888118766067,5.985179258233141,7.11653582175926,0.0322502537688442,3,4,0,1,1.0,6.123233995736766e-17
2024-03-02,15.42,7.034030478740157,6.337606895981088,0.0305993937777777,48.08673989148192,71.15245104884319,5.5653947537978,10.09204929953917,0.0325261859296482,3,5,1,1,1.0,6.123233995736766e-17
2024-03-03,16.48,6.145868020602219,5.073334126190477,0.0310120604444444,49.16943769778296,68.64861570179949,5.477251185218165,11.329915096551725,0.0323582245922208,3,6,1,1,1.0,6.123233995736766e-17
2024-03-04,15.39,5.899662199812383,7.0784307139479905,0.0307513306808134,49.70467201976744,68.52187033676093,6.782308728134878,10.076254838337183,0.0323676050314465,3,0,0,1,1.0,6.123233995736766e-17
2024-03-05,15.24,5.4090856731681605,7.731216244655582,0.0285035274336283,48.59475172780374,70.85845296382429,8.284961057894737,10.494669740139212,0.0340501439114391,3,1,0,1,1.0,6.123233995736766e-17
2024-03-06,14.88,5.636881199154781,7.834186364066193,0.0273683027360988,48.64001716452742,72.64425999742268,9.13378264634714,10.182452349425288,0.0326397046004842,3,2,0,1,1.0,6.123233995736766e-17
2024-03-07,14.23,4.955152644580957,6.604563960093897,0.0276413943661971,47.61266258556461,75.14037442307692,10.281533236162362,8.298721642857142,0.031093543817527,3,3,0,1,1.0,6.123233995736766e-17
2024-03-08,13.61,5.3067562426004224,7.06384254245283,0.0287615899912203,46.70564115151515,70.41281730769231,7.905951353002611,7.8382747581395344,0.0342682045728038,3,4,0,1,1.0,6.123233995736766e-17
2024-03-09,14.58,4.380577252648305,5.940716914691944,0.0311251822183098,44.77626787179487,64.15447805384615,5.789429122120817,9.834847097222225,0.0350160337349397,3,5,1,1,1.0,6.123233995736766e-17
2024-03-10,15.36,3.582883847713343,5.584634425531915,0.0353230670785525,46.00576262222223,54.324020864102565,6.340241152872957,7.836576386574074,0.0345975604790419,3,6,1,1,1.0,6.123233995736766e-17
2024-03-11,14.42,4.249325378723404,7.563292103529411,0.037533691696113,48.95587842191143,51.682008807692306,8.635540493690852,7.123324291954023,0.0338847181603773,3,0,0,1,1.0,6.123233995736766e-17
2024-03-12,14.26,6.0155711330858965,8.520630047619047,0.0377631500441306,52.395730219369895,57.93171681725888,9.83657616232558,6.968976773455378,0.0325445559440559,3,1,0,1,1.0,6.123233995736766e-17
2024-03-13,13.87,8.67094876114082,9.289090603325416,0.0374442666666666,52.66954560630841,62.14207886294417,6.486628523408732,7.95673166745283,0.0304435100965759,3,2,0,1,1.0,6.123233995736766e-17
2024-03-14,13.49,9.114966774655354,8.126828637231505,0.0371342374670184,52.193947672897195,60.550293329949234,4.681317572708114,6.337606895981088,0.0310672632508833,3,3,0,1,1.0,6.123233995736766e-17
2024-03-15,12.93,6.892909737739872,6.558432175355451,0.03101105618964,49.84215521662764,65.29442849489796,6.1030138735529835,5.073334126190477,0.0305993937777777,3,4,0,1,1.0,6.123233995736766e-17
2024-03-16,13.59,5.337319226799242,5.987847524940618,0.033714963060686,50.1338664021102,63.08339570918367,7.034030478740157,7.0784307139479905,0.0310120604444444,3,5,1,1,1.0,6.123233995736766e-17
2024-03-17,14.66,4.375740297441364,4.675299639618138,0.0337009039647577,48.7348161880141,59.213593117346946,6.145868020602219,7.731216244655582,0.0307513306808134,3,6,1,1,1.0,6.123233995736766e-17
2024-03-18,13.52,4.353202368589743,6.284926042755345,0.0336044641608391,46.61112918661972,53.59670607397959,5.899662199812383,7.834186364066193,0.0285035274336283,3,0,0,1,1.0,6.123233995736766e-17
2024-03-19,13.57,5.246824405656209,7.477862002364066,0.036149670157068,48.72026613380282,50.737626096446704,5.4090856731681605,6.604563960093897,0.0273683027360988,3,1,0,1,1.0,6.123233995736766e-17
2024-03-20,13.38,6.238293402452025,8.217029513064134,0.038197502617801,49.69483922196262,51.86208834517767,5.636881199154781,7.06384254245283,0.0276413943661971,3,2,0,1,1.0,6.123233995736766e-17
2024-03-21,13.14,6.188627828510183,7.248065089201878,0.0368409789473684,48.34435439578454,53.35816265394402,4.955152644580957,5.940716914691944,0.0287615899912203,3,3,0,1,1.0,6.123233995736766e-17
2024-03-22,12.74,7.283367083017078,7.664305592941177,0.0355272660869565,48.907810451990635,59.16757426530612,5.3067562426004224,5.584634425531915,0.0311251822183098,3,4,0,1,1.0,6.123233995736766e-17
2024-03-23,13.53,5.986151064136825,4.966356852731592,0.0381969364111498,47.1866650996483,66.78049809693877,4.380577252648305,7.563292103529411,0.0353230670785525,3,5,1,1,1.0,6.123233995736766e-17
2024-03-24,14.47,5.485663519913886,4.196636076555024,0.0383041475128644,44.781130921911426,65.30464612499999,3.582883847713343,8.520630047619047,0.037533691696113,3,6,1,1,1.0,6.123233995736766e-17
2024-03-25,13.48,5.5979446366501575,6.262199420803783,0.0381121926369863,46.72418328288707,64.1369672117347,4.249325378723404,9.289090603325416,0.0377631500441306,3,0,0,1,1.0,6.123233995736766e-17
2024-03-26,13.43,4.888645357788411,6.239030867924528,0.0339799084687767,45.6005101287703,67.44285424556962,6.0155711330858965,8.126828637231505,0.0374442666666666,3,1,0,1,1.0,6.123233995736766e-17
2024-03-27,13.15,5.197722476645436,7.864100241050119,0.0315238153846153,46.16464708786128,64.57761578987342,8.67094876114082,6.558432175355451,0.0371342374670184,3,2,0,1,1.0,6.123233995736766e-17
2024-03-28,12.68,6.207526640486209,8.212692345323742,0.036673868263473,49.31910535697675,60.88132574489797,9.114966774655354,5.987847524940618,0.03101105618964,3,3,0,1,1.0,6.123233995736766e-17
2024-03-29,12.5,6.029265894154818,6.5522738939759035,0.0413898061485909,50.47177627262181,58.939092956743,6.892909737739872,4.675299639618138,0.033714963060686,3,4,0,1,1.0,6.123233995736766e-17
2024-03-30,13.6,6.477000680783483,5.582350012106537,0.0393674995715509,51.7368219616279,65.99551467857142,5.337319226799242,6.284926042755345,0.0337009039647577,3,5,1,1,1.0,6.123233995736766e-17
2024-03-31,14.18,6.9688522537777775,4.801878558024692,0.036315214953271,51.734810008158505,71.324400657289,4.375740297441364,7.477862002364066,0.0336044641608391,3,6,1,1,1.0,6.123233995736766e-17
2024-04-01,13.14,7.616170051009565,7.291587624096385,0.0329787165820643,52.88107202290951,70.8822207841191,4.353202368589743,8.217029513064134,0.036149670157068,4,0,0,1,0.8660254037844387,-0.49999999999999983
2024-04-02,13.0,6.23086519554849,7.097659167064439,0.0351964658803706,52.98930372571429,65.46073273762376,5.246824405656209,7.248065089201878,0.038197502617801,4,1,0,1,0.8660254037844387,-0.49999999999999983
2024-04-03,12.81,3.696560762552792,6.587238654676258,0.0371934785172704,51.430226896,60.961308441975305,6.238293402452025,7.664305592941177,0.0368409789473684,4,2,0,1,0.8660254037844387,-0.49999999999999983
2024-04-04,12.5,3.6459178641909817,6.380988958937198,0.0382890059171597,50.39766037714286,58.89019797542998,6.188627828510183,4.966356852731592,0.0355272660869565,4,3,0,1,0.8660254037844387,-0.49999999999999983
2024-04-05,12.03,4.31196799841605,5.6784032843373495,0.0392363485232067,49.75664600228833,57.77487532019704,7.283367083017078,4.196636076555024,0.0381969364111498,4,4,0,1,0.8660254037844387,-0.49999999999999983
2024-04-06,12.79,4.420028624326751,4.598716753026634,0.0387285207100591,47.818530828178694,59.94615090886699,5.986151064136825,6.262199420803783,0.0383041475128644,4,5,1,1,0.8660254037844387,-0.49999999999999983
2024-04-07,13.46,4.919345435638298,5.526906718826406,0.0391882267343485,50.093334289655175,55.4728828960396,5.485663519913886,6.239030867924528,0.0381121926369863,4,6,1,1,0.8660254037844387,-0.49999999999999983
2024-04-08,12.49,6.460884372611464,8.464626064903847,0.0384084016877637,54.03927012270642,53.71501417487684,5.5979446366501575,7.864100241050119,0.0339799084687767,4,0,0,1,0.8660254037844387,-0.49999999999999983
2024-04-09,12.4,7.0982390548266165,8.302733536057692,0.0385014657650042,56.160927839265206,53.21873640394089,4.888645357788411,8.212692345323742,0.0315238153846153,4,1,0,1,0.8660254037844387,-0.49999999999999983
2024-04-10,11.94,6.807090390089615,8.106179259615384,0.0380117793744716,56.21851529850747,57.250235206896555,5.197722476645436,6.5522738939759035,0.036673868263473,4,2,0,1,0.8660254037844387,-0.49999999999999983
2024-04-11,11.88,5.949572911052631,7.510196835322195,0.0389751792054099,57.05464371444955,57.269110657635466,6.207526640486209,5.582350012106537,0.0413898061485909,4,3,0,1,0.8660254037844387,-0.49999999999999983
2024-04-12,11.29,4.772399058643327,6.179322339712918,0.0417992296610169,58.44644572477064,52.677708083538086,6.029265894154818,4.801878558024692,0.0393674995715509,4,4,0,1,0.8660254037844387,-0.49999999999999983
2024-04-13,11.8,4.695181719621252,4.693890716707021,0.0448315457627118,58.715392781859926,50.6046309308642,6.477000680783483,7.291587624096385,0.036315214953271,4,5,1,1,0.8660254037844387,-0.49999999999999983
2024-04-14,12.48,5.445260336675462,4.984355153658536,0.0453107967687074,60.83454055912744,53.08765202970297,6.9688522537777775,7.097659167064439,0.0329787165820643,4,6,1,1,0.8660254037844387,-0.49999999999999983
2024-04-15,11.67,6.530347207906977,6.6543086634615385,0.0431396582064297,60.20156032989691,58.99250565763547,7.616170051009565,6.587238654676258,0.0351964658803706,4,0,0,1,0.8660254037844387,-0.49999999999999983
2024-04-16,11.43,6.609207424843424,6.915500610047847,0.0412175168634064,61.001918952,53.51191927941177,6.23086519554849,6.380988958937198,0.0371934785172704,4,1,0,1,0.8660254037844387,-0.49999999999999983
2024-04-17,11.29,6.991399529166667,7.172081866983373,0.0375227827181208,60.13551348,57.13690568550369,3.696560762552792,5.6784032843373495,0.0382890059171597,4,2,0,1,0.8660254037844387,-0.49999999999999983
2024-04-18,10.99,6.586607768788683,6.505827061611375,0.0353316979865771,57.514024416666665,60.07735229238329,3.6459178641909817,4.598716753026634,0.0392363485232067,4,3,0,1,0.8660254037844387,-0.49999999999999983
2024-04-19,10.68,6.2936924929724105,5.89792460952381,0.0361459966471081,55.739526584,57.491789746305415,4.31196799841605,5.526906718826406,0.0387285207100591,4,4,0,1,0.8660254037844387,-0.49999999999999983
2024-04-20,11.27,5.740160984301413,4.751734551558753,0.0361016141533277,54.29414223940435,55.30279127518427,4.420028624326751,8.464626064903847,0.0391882267343485,4,5,1,1,0.8660254037844387,-0.49999999999999983
2024-04-21,12.3,4.864707549001393,4.923539266187051,0.0358135307497893,54.34847356192661,50.30308746191647,4.919345435638298,8.302733536057692,0.0384084016877637,4,6,1,1,0.8660254037844387,-0.49999999999999983
2024-04-22,11.65,5.880810417714885,6.973858997613366,0.0413253227158424,57.06289363272312,47.16160384068627,6.460884372611464,8.106179259615384,0.0385014657650042,4,0,0,1,0.8660254037844387,-0.49999999999999983
2024-04-23,11.56,6.07445350522466,6.801106878571428,0.0419661393786733,58.42947648512586,51.748803254901965,7.0982390548266165,7.510196835322195,0.0380117793744716,4,1,0,1,0.8660254037844387,-0.49999999999999983
2024-04-24,11.43,6.2389429276688455,5.876035312348669,0.039310645079899,58.40609160228572,54.83380918872549,6.807090390089615,6.179322339712918,0.0389751792054099,4,2,0,1,0.8660254037844387,-0.49999999999999983
2024-04-25,11.24,6.390429768426555,5.462473043062201,0.0388275299073294,57.02435992351598,58.7876891990172,5.949572911052631,4.693890716707021,0.0417992296610169,4,3,0,1,0.8660254037844387,-0.49999999999999983
2024-04-26,10.87,6.530490292452829,5.427489925659473,0.0388861951219512,57.2918411391106,64.81785182843137,4.772399058643327,4.984355153658536,0.0448315457627118,4,4,0,1,0.8660254037844387,-0.49999999999999983
2024-04-27,11.3,7.0640898516968855,4.11208812039312,0.0376441575400168,59.615725387614674,66.80260057037037,4.695181719621252,6.6543086634615385,0.0453107967687074,4,5,1,1,0.8660254037844387,-0.49999999999999983
2024-04-28,12.02,6.691305448785639,4.720809188118812,0.0358798530405405,60.41500827293578,64.35536694074074,5.445260336675462,6.915500610047847,0.0431396582064297,4,6,1,1,0.8660254037844387,-0.49999999999999983
2024-04-29,11.44,6.749037193736731,6.719989587951807,0.0380178084033613,61.70067184765177,58.790224145320195,6.530347207906977,7.172081866983373,0.0412175168634064,4,0,0,1,0.8660254037844387,-0.49999999999999983
2024-04-30,11.26,6.205223078431373,6.49676198561151,0.0379598654004954,61.05662118628571,56.116727284313725,6.609207424843424,6.505827061611375,0.0375227827181208,4,1,0,1,0.8660254037844387,-0.49999999999999983
2024-05-01,10.99,5.91229257631579,6.151342159806296,0.0387616546052631,61.375299683789954,55.42030720681265,6.991399529166667,5.89792460952381,0.0353316979865771,5,2,0,1,0.49999999999999994,-0.8660254037844387
2024-05-02,10.72,6.333643105429625,6.598998496350364,0.0384167746710526,61.35542768114286,56.48167081219513,6.586607768788683,4.751734551558753,0.0361459966471081,5,3,0,1,0.49999999999999994,-0.8660254037844387
2024-05-03,10.34,6.165236075708314,5.8925929662650605,0.0363840353327855,61.09942189041096,61.209193885085575,6.2936924929724105,4.923539266187051,0.0361016141533277,5,4,0,1,0.49999999999999994,-0.8660254037844387
2024-05-04,11.07,5.5375105347368425,4.3914605364077675,0.0344350173267326,60.50876704805492,65.60467422249388,5.740160984301413,6.973858997613366,0.0358135307497893,5,5,1,1,0.49999999999999994,-0.8660254037844387
2024-05-05,11.82,4.697279526288118,3.61234285012285,0.0334702894954507,59.26614898167239,67.16723050735294,4.864707549001393,6.801106878571428,0.0413253227158424,5,6,1,1,0.49999999999999994,-0.8660254037844387
2024-05-06,11.09,5.591498483289358,5.732338659313725,0.0333065255775577,59.82219947247707,66.80165764390244,5.880810417714885,5.876035312348669,0.0419661393786733,5,0,0,1,0.49999999999999994,-0.8660254037844387
2024-05-07,10.95,6.265434217185029,5.881926833333334,0.0361693190789473,62.1029498859447,58.209631420537896,6.07445350522466,5.462473043062201,0.039310645079899,5,1,0,1,0.49999999999999994,-0.8660254037844387
2024-05-08,10.69,7.00239748444913,5.62412249879518,0.0371101275720164,62.30786743448276,58.54511253789731,6.2389429276688455,5.427489925659473,0.0388275299073294,5,2,0,1,0.49999999999999994,-0.8660254037844387
2024-05-09,10.48,5.972260727399814,5.621113261390887,0.0341247292863002,61.59067948623853,59.74379361463415,6.390429768426555,4.11208812039312,0.0388861951219512,5,3,0,1,0.49999999999999994,-0.8660254037844387
2024-05-10,10.1,5.195169008394544,5.649781519230769,0.0352541262295081,61.56069280870561,58.12221293643032,6.530490292452829,4.720809188118812,0.0376441575400168,5,4,0,1,0.49999999999999994,-0.8660254037844387
2024-05-11,10.7,5.305939252109704,5.1028600504807695,0.0376339967159277,62.37767326291619,54.172756675609754,7.0640898516968855,6.719989587951807,0.0358798530405405,5,5,1,1,0.49999999999999994,-0.8660254037844387
2024-05-12,11.57,7.157365456405694,4.690956684337349,0.0384519639639639,64.16645615517241,55.90424539119804,6.691305448785639,6.49676198561151,0.0380178084033613,5,6,1,1,0.49999999999999994,-0.8660254037844387
2024-05-13,11.0,8.028394689509753,6.479015119617225,0.0389454205378973,65.53689335771429,57.88698675061124,6.749037193736731,6.151342159806296,0.0379598654004954,5,0,0,1,0.49999999999999994,-0.8660254037844387
2024-05-14,10.93,7.196872355718782,6.406987789976134,0.0375429444444444,64.83136183867276,62.20731122493888,6.205223078431373,6.598998496350364,0.0387616546052631,5,1,0,1,0.49999999999999994,-0.8660254037844387
2024-05-15,10.71,6.97428241651206,6.1986959856801915,0.0373846406890894,65.4425558027366,62.308355534146344,5.91229257631579,5.8925929662650605,0.0384167746710526,5,2,0,1,0.49999999999999994,-0.8660254037844387
2024-05-16,10.5,6.827662221870047,5.95827960576923,0.0376231650165016,66.181148336,60.9973200804878,6.333643105429625,4.3914605364077675,0.0363840353327855,5,3,0,1,0.49999999999999994,-0.8660254037844387
2024-05-17,10.14,6.715556109814323,6.405614620437956,0.0373178407960199,66.74228707586207,59.11295935452323,6.165236075708314,3.61234285012285,0.0344350173267326,5,4,0,1,0.49999999999999994,-0.8660254037844387
2024-05-18,10.67,6.905915977934686,5.290724345588235,0.0386833069224353,67.26733379976984,58.351330100244496,5.5375105347368425,5.732338659313725,0.0334702894954507,5,5,1,1,0.49999999999999994,-0.8660254037844387
2024-05-19,11.26,6.635772467802022,4.180726152334152,0.039472541736227,67.94784226804124,56.392118535279806,4.697279526288118,5.881926833333334,0.0333065255775577,5,6,1,1,0.49999999999999994,-0.8660254037844387
2024-05-20,10.5,7.230414747608926,5.820575031784841,0.0395682003297609,65.84322098744292,60.345796752427184,5.591498483289358,5.62412249879518,0.0361693190789473,5,0,0,1,0.49999999999999994,-0.8660254037844387
2024-05-21,10.39,8.14600052443609,5.927310234146342,0.040052987804878,66.38644472862029,58.656819677184465,6.265434217185029,5.621113261390887,0.0371101275720164,5,1,0,1,0.49999999999999994,-0.8660254037844387
2024-05-22,10.35,7.416939380126183,5.904272226829268,0.0401799763458401,67.21375501254276,54.91756417961165,7.00239748444913,5.649781519230769,0.0341247292863002,5,2,0,1,0.49999999999999994,-0.8660254037844387
2024-05-23,10.08,7.469231133507853,5.860398892944039,0.038866205107084,66.27034945330297,57.556805560679614,5.972260727399814,5.1028600504807695,0.0352541262295081,5,3,0,1,0.49999999999999994,-0.8660254037844387
2024-05-24,9.84,7.656350305481873,5.978608497572815,0.0395001607875307,66.59850210921502,56.73957874334141,5.195169008394544,4.690956684337349,0.0376339967159277,5,4,0,1,0.49999999999999994,-0.8660254037844387
2024-05-25,10.33,7.173588121607516,4.2469822092457425,0.0367578077239112,66.14759327220956,60.75863638014528,5.305939252109704,6.479015119617225,0.0384519639639639,5,5,1,1,0.49999999999999994,-0.8660254037844387
2024-05-26,11.05,7.778583488445379,3.873002272058823,0.0386221668036154,67.6132924086758,60.23583391747572,7.157365456405694,6.406987789976134,0.0389454205378973,5,6,1,1,0.49999999999999994,-0.8660254037844387
2024-05-27,11.59,6.82942550917647,4.189318597051597,0.0375854507042253,68.58817834324942,58.5087440902439,8.028394689509753,6.1986959856801915,0.0375429444444444,5,0,0,1,0.49999999999999994,-0.8660254037844387
2024-05-28,10.19,5.742453914691943,5.6687511564792175,0.0390664029850746,68.91670215437003,54.67945031476998,7.196872355718782,5.95827960576923,0.0373846406890894,5,1,0,1,0.49999999999999994,-0.8660254037844387
2024-05-29,10.21,5.274394886149003,5.793095549397591,0.0383911625412541,67.67874255808655,54.01251607038835,6.97428241651206,6.405614620437956,0.0376231650165016,5,2,0,1,0.49999999999999994,-0.8660254037844387
2024-05-30,9.94,5.767146429439861,5.99547640625,0.0395219138638228,66.17857153968254,52.03475666343825,6.827662221870047,5.290724345588235,0.0373178407960199,5,3,0,1,0.49999999999999994,-0.8660254037844387
2024-05-31,9.67,6.284799419766206,6.588613749397591,0.0418004415372036,67.43319012031782,50.25419485679612,6.715556109814323,4.180726152334152,0.0386833069224353,5,4,0,1,0.49999999999999994,-0.8660254037844387
2024-06-01,10.35,6.853353517350158,5.341636976019185,0.0405374672131147,68.93766509389141,53.438019439320385,6.905915977934686,5.820575031784841,0.039472541736227,6,5,1,2,1.2246467991473532e-16,-1.0
2024-06-02,10.95,6.826418577266322,4.359216270731707,0.0371762502050861,70.10767323103057,57.49845636253041,6.635772467802022,5.927310234146342,0.0395682003297609,6,6,1,2,1.2246467991473532e-16,-1.0
2024-06-03,9.88,7.0897432652631585,6.085525898305085,0.0361012255947497,71.3934045583239,60.12838613868613,7.230414747608926,5.904272226829268,0.040052987804878,6,0,0,2,1.2246467991473532e-16,-1.0
2024-06-04,9.84,7.643406954497908,5.766812026763991,0.0369559983525535,72.72218982672706,58.53953674576272,8.14600052443609,5.860398892944039,0.0401799763458401,6,1,0,2,1.2246467991473532e-16,-1.0
2024-06-05,9.71,7.024167060471321,6.166226835714285,0.0343635284418796,74.07227490497738,56.82651253381643,7.416939380126183,5.978608497572815,0.038866205107084,6,2,0,2,1.2246467991473532e-16,-1.0
2024-06-06,9.49,6.6673717841501565,6.463810481042654,0.0368878531353135,75.12986296384182,53.12379677349397,7.469231133507853,4.2469822092457425,0.0395001607875307,6,3,0,2,1.2246467991473532e-16,-1.0
2024-06-07,9.22,6.372992700313808,6.054914308056873,0.0382760848434925,74.81233347570623,49.89499978554216,7.656350305481873,3.873002272058823,0.0367578077239112,6,4,0,2,1.2246467991473532e-16,-1.0
2024-06-08,9.79,6.02820603538175,4.822235733173077,0.0377632138728323,72.99001503628118,53.55198547572815,7.173588121607516,4.189318597051597,0.0386221668036154,6,5,1,2,1.2246467991473532e-16,-1.0
2024-06-09,10.41,5.67693627168234,3.766633530120482,0.0346952320396366,71.951902725,55.62768083902439,7.778583488445379,5.6687511564792175,0.0375854507042253,6,6,1,2,1.2246467991473532e-16,-1.0
2024-06-10,9.49,5.505778832288401,5.224433380382775,0.0329957819983484,70.4769308197279,54.52079063592232,6.82942550917647,5.793095549397591,0.0390664029850746,6,0,0,2,1.2246467991473532e-16,-1.0
2024-06-11,9.46,6.387076728024369,6.437431107142857,0.0364676,71.98055245361991,52.48763229227053,5.742453914691943,5.99547640625,0.0383911625412541,6,1,0,2,1.2246467991473532e-16,-1.0
2024-06-12,9.28,7.189412660910518,6.77509228708134,0.0411294772914946,75.16291229591837,49.47959219082126,5.274394886149003,6.588613749397591,0.0395219138638228,6,2,0,2,1.2246467991473532e-16,-1.0
2024-06-13,9.25,8.271275091147198,6.890490580722891,0.0445800820471161,76.32385644659091,49.538179031477,5.767146429439861,5.341636976019185,0.0418004415372036,6,3,0,2,1.2246467991473532e-16,-1.0
2024-06-14,8.96,8.454467660631384,6.490487925301205,0.0433841133004926,75.44412870534698,51.58991277128954,6.284799419766206,4.359216270731707,0.0405374672131147,6,4,0,2,1.2246467991473532e-16,-1.0
2024-06-15,9.27,7.5440854319126815,5.175473669082126,0.0418102006552006,74.53260108105023,47.28510416097561,6.853353517350158,6.085525898305085,0.0371762502050861,6,5,1,2,1.2246467991473532e-16,-1.0
2024-06-16,9.86,8.428189405109489,4.074132686131387,0.0406806913477537,73.86987672146118,47.48369765853659,6.826418577266322,5.766812026763991,0.0361012255947497,6,6,1,2,1.2246467991473532e-16,-1.0
2024-06-17,9.21,8.982152223748338,5.013368968446602,0.0377462797668609,73.77627483085715,53.37033182195122,7.0897432652631585,6.166226835714285,0.0369559983525535,6,0,0,2,1.2246467991473532e-16,-1.0
2024-06-18,9.02,7.819324737089202,4.981990251815981,0.036833965890183,72.01174387243735,52.253178508515816,7.643406954497908,6.463810481042654,0.0343635284418796,6,1,0,2,1.2246467991473532e-16,-1.0
2024-06-19,9.05,8.319357030825497,5.660526486552568,0.036869905,73.17361351308305,53.09946442579076,7.024167060471321,6.054914308056873,0.0368878531353135,6,2,0,2,1.2246467991473532e-16,-1.0
2024-06-20,8.92,8.685872836431226,6.057782329297821,0.0366739560165975,75.01589578677309,54.994438851219506,6.6673717841501565,4.822235733173077,0.0382760848434925,6,3,0,2,1.2246467991473532e-16,-1.0
2024-06-21,8.68,8.8200789828125,6.367900252403846,0.0374090463960231,75.8628827258248,56.84244400243309,6.372992700313808,3.766633530120482,0.0377632138728323,6,4,0,2,1.2246467991473532e-16,-1.0
2024-06-22,9.1,8.662534576722338,5.598413549878345,0.0385930266666666,78.04716693500569,53.77607828850856,6.02820603538175,5.224433380382775,0.0346952320396366,6,5,1,2,1.2246467991473532e-16,-1.0
2024-06-23,9.66,6.952376660113587,4.387765409756097,0.0362701077694235,79.36416210514285,50.269256053921566,5.67693627168234,6.437431107142857,0.0329957819983484,6,6,1,2,1.2246467991473532e-16,-1.0
2024-06-24,8.84,6.0514362309697605,5.3611809879227055,0.0385814338051623,79.24972006150342,47.17630839608802,5.505778832288401,6.77509228708134,0.0364676,6,0,0,2,1.2246467991473532e-16,-1.0
2024-06-25,8.76,7.100364289611753,5.962844905797102,0.0394319767248545,79.41969882896237,47.894302411764706,6.387076728024369,6.890490580722891,0.0411294772914946,6,1,0,2,1.2246467991473532e-16,-1.0
2024-06-26,8.82,6.804004581963363,5.955820159036145,0.0375127803660565,77.56306327771429,54.45514816707617,7.189412660910518,6.490487925301205,0.0445800820471161,6,2,0,2,1.2246467991473532e-16,-1.0
2024-06-27,8.72,5.6131232330148615,5.028414213429257,0.0364449005016722,75.1017575518814,55.95941138780488,8.271275091147198,5.175473669082126,0.0433841133004926,6,3,0,2,1.2246467991473532e-16,-1.0
2024-06-28,8.59,6.178368957591623,5.343787698564594,0.036211088186356,74.7484540763968,52.686202541463416,8.454467660631384,4.074132686131387,0.0418102006552006,6,4,0,2,1.2246467991473532e-16,-1.0
2024-06-29,9.02,6.847530371630579,4.373848740291263,0.0332044962279966,76.77107805949656,56.04632556372549,7.5440854319126815,5.013368968446602,0.0406806913477537,6,5,1,2,1.2246467991473532e-16,-1.0
2024-06-30,9.44,5.74986826606479,3.941926943627451,0.0318971514644351,76.59819504004577,55.93030598034398,8.428189405109489,4.981990251815981,0.0377462797668609,6,6,1,2,1.2246467991473532e-16,-1.0
2024-07-01,8.8,5.32294790586991,4.840747004796163,0.034213505376344,74.46879143935926,53.2751906977887,8.982152223748338,5.660526486552568,0.036833965890183,7,0,0,2,-0.4999999999999998,-0.8660254037844388
2024-07-02,8.82,6.4368215146171694,5.6842322619047625,0.0390954410552349,75.79931815981735,49.89037583618582,7.819324737089202,6.057782329297821,0.036869905,7,1,0,2,-0.4999999999999998,-0.8660254037844388
2024-07-03,8.67,7.361464380062305,6.0487174547619045,0.0371521044407894,77.48990749942988,50.33727364878049,8.319357030825497,6.367900252403846,0.0366739560165975,7,2,0,2,-0.4999999999999998,-0.8660254037844388
2024-07-04,9.25,10.812489351909184,4.932713891566265,0.0348986085526315,77.35162624515394,53.71048090441177,8.685872836431226,5.598413549878345,0.0374090463960231,7,3,0,2,-0.4999999999999998,-0.8660254037844388
2024-07-05,8.71,9.87464366189236,5.494872707838479,0.0357955912469033,77.4605714760274,52.49565132678133,8.8200789828125,4.387765409756097,0.0385930266666666,7,4,0,2,-0.4999999999999998,-0.8660254037844388
2024-07-06,9.17,7.457030991104133,4.937264211401425,0.0370531228215767,77.82466651088203,50.97770193103448,8.662534576722338,5.3611809879227055,0.0362701077694235,7,5,1,2,-0.4999999999999998,-0.8660254037844388
2024-07-07,9.68,7.6305623259493665,4.607175260143198,0.0369564734660033,77.73554699541285,52.3782793308642,6.952376660113587,5.962844905797102,0.0385814338051623,7,6,1,2,-0.4999999999999998,-0.8660254037844388
2024-07-08,8.94,8.319779049881236,6.291539495215311,0.0387138786610878,78.18333746057144,52.18476201724138,6.0514362309697605,5.955820159036145,0.0394319767248545,7,0,0,2,-0.4999999999999998,-0.8660254037844388
2024-07-09,8.92,8.933295206038135,6.913346863414634,0.0382416009933774,78.73051665272938,52.78834003007519,7.100364289611753,5.028414213429257,0.0375127803660565,7,1,0,2,-0.4999999999999998,-0.8660254037844388
2024-07-10,8.86,8.088516103629669,6.409124678743962,0.0379644407894736,79.44354824798154,50.6578881414392,6.804004581963363,5.343787698564594,0.0364449005016722,7,2,0,2,-0.4999999999999998,-0.8660254037844388
2024-07-11,8.72,8.274563657079646,6.744691889156626,0.0390881049586776,79.9408676367816,48.41541828465347,5.6131232330148615,4.373848740291263,0.036211088186356,7,3,0,2,-0.4999999999999998,-0.8660254037844388
2024-07-12,8.57,9.246302602195504,7.335103434782608,0.0388662290138549,80.18554714678899,50.75821283663366,6.178368957591623,3.941926943627451,0.0332044962279966,7,4,0,2,-0.4999999999999998,-0.8660254037844388
2024-07-13,9.09,9.304589421578948,5.6351866195121945,0.0388357840065952,80.42086956170704,51.851491417910445,6.847530371630579,4.840747004796163,0.0318971514644351,7,5,1,2,-0.4999999999999998,-0.8660254037844388
2024-07-14,9.57,9.681537111996253,4.66521862990196,0.0378387671913835,80.52306810829492,52.80825337530864,5.74986826606479,5.6842322619047625,0.034213505376344,7,6,1,2,-0.4999999999999998,-0.8660254037844388
2024-07-15,8.91,9.863058326465929,5.714293033734941,0.0397834165289256,80.03398560665137,54.205984669950745,5.32294790586991,6.0487174547619045,0.0390954410552349,7,0,0,2,-0.4999999999999998,-0.8660254037844388
2024-07-16,9.03,8.904035731034483,5.847138388888889,0.0386233297609233,78.85247354879449,54.76374798522168,6.4368215146171694,4.932713891566265,0.0371521044407894,7,1,0,2,-0.4999999999999998,-0.8660254037844388
2024-07-17,9.09,7.98187458782304,5.837874555288462,0.0362067971970321,77.64711010586882,55.23527078325124,7.361464380062305,5.494872707838479,0.0348986085526315,7,2,0,2,-0.4999999999999998,-0.8660254037844388
2024-07-18,9.07,7.270579437532947,5.849869582938389,0.0350384917898193,76.6346289977038,53.11720620689655,10.812489351909184,4.937264211401425,0.0357955912469033,7,3,0,2,-0.4999999999999998,-0.8660254037844388
2024-07-19,8.78,7.28691256210191,6.3343251678487,0.0368187342083675,76.8314576639816,50.76545191315137,9.87464366189236,4.607175260143198,0.0370531228215767,7,4,0,2,-0.4999999999999998,-0.8660254037844388
2024-07-20,9.38,8.289211807674311,5.639589119331743,0.037874036243822,77.18306533218392,53.287232504950495,7.457030991104133,6.291539495215311,0.0369564734660033,7,5,1,2,-0.4999999999999998,-0.8660254037844388
2024-07-21,9.9,8.896502609134359,4.601308600484261,0.0367970986949429,76.44820787126437,56.007731261728395,7.6305623259493665,6.913346863414634,0.0387138786610878,7,6,1,2,-0.4999999999999998,-0.8660254037844388
2024-07-22,9.44,9.959716632135306,6.392610647482014,0.0363150979591836,76.583667736,56.79245748410758,8.319779049881236,6.409124678743962,0.0382416009933774,7,0,0,2,-0.4999999999999998,-0.8660254037844388
2024-07-23,9.41,10.249041065333332,6.717345927536232,0.037566030253475,77.61318977459955,54.89650048655257,8.933295206038135,6.744691889156626,0.0379644407894736,7,1,0,2,-0.4999999999999998,-0.8660254037844388
2024-07-24,9.47,10.244177654631084,6.290359167865708,0.034966468852459,78.23935811481056,54.278544400978,8.088516103629669,7.335103434782608,0.0390881049586776,7,2,0,2,-0.4999999999999998,-0.8660254037844388
2024-07-25,9.39,10.298492146506778,6.0660853741007195,0.0346963083807973,77.84046305383734,54.10555429828851,8.274563657079646,5.6351866195121945,0.0388662290138549,7,3,0,2,-0.4999999999999998,-0.8660254037844388
2024-07-26,9.09,9.596805093475243,6.015898569711538,0.0347762985436893,75.9822425228833,53.11862793902439,9.246302602195504,4.66521862990196,0.0388357840065952,7,4,0,2,-0.4999999999999998,-0.8660254037844388
2024-07-27,9.68,10.760101673277662,5.231761251207729,0.0351178950413223,74.67964786498857,55.71770489268293,9.304589421578948,5.714293033734941,0.0378387671913835,7,5,1,2,-0.4999999999999998,-0.8660254037844388
2024-07-28,10.27,10.367814964921465,4.674428012195122,0.0348242338308457,75.35840188774341,55.78802449144255,9.681537111996253,5.847138388888889,0.0397834165289256,7,6,1,2,-0.4999999999999998,-0.8660254037844388
2024-07-29,9.62,9.093808444687363,5.868928448441247,0.0338418310090237,76.8219142631579,54.9763246902439,9.863058326465929,5.837874555288462,0.0386233297609233,7,0,0,2,-0.4999999999999998,-0.8660254037844388
2024-07-30,9.63,8.851003950157398,5.857371628915662,0.0352063709150326,78.06448851487414,53.90804072127139,8.904035731034483,5.849869582938389,0.0362067971970321,7,1,0,2,-0.4999999999999998,-0.8660254037844388
2024-07-31,9.85,10.27101539334027,6.254271199040767,0.0363312182410423,78.55895585028571,54.78071686797066,7.98187458782304,6.3343251678487,0.0350384917898193,7,2,0,2,-0.4999999999999998,-0.8660254037844388
2024-08-01,9.55,11.113680187037035,7.133998717703349,0.037682429738562,80.29206030444698,51.87541367883211,7.270579437532947,5.639589119331743,0.0368187342083675,8,3,0,2,-0.8660254037844384,-0.5000000000000004
2024-08-02,9.36,10.226351095683826,6.933868250596659,0.0367454008097166,80.60109630533485,52.31594959806296,7.28691256210191,4.601308600484261,0.037874036243822,8,4,0,2,-0.8660254037844384,-0.5000000000000004
2024-08-03,9.81,8.96345794568029,5.452194804819277,0.0365545551894563,80.56051116931818,52.35113186650485,8.289211807674311,6.392610647482014,0.0367970986949429,8,5,1,2,-0.8660254037844384,-0.5000000000000004
2024-08-04,10.46,9.185145881782091,4.953870028846154,0.0356040188370188,79.98516379659091,54.416628541262135,8.896502609134359,6.717345927536232,0.0363150979591836,8,6,1,2,-0.8660254037844384,-0.5000000000000004
2024-08-05,9.71,9.618669150419288,6.621599098557692,0.0367834262428687,79.74816395681817,53.72301934223301,9.959716632135306,6.290359167865708,0.037566030253475,8,0,0,2,-0.8660254037844384,-0.5000000000000004
2024-08-06,9.84,8.650019112676057,6.150995811594203,0.035955309446254,78.4896256473265,55.480381109489045,10.249041065333332,6.0660853741007195,0.034966468852459,8,1,0,2,-0.8660254037844384,-0.5000000000000004
2024-08-07,9.82,7.865894429767442,5.503230901204819,0.0344815098039215,76.88603202850626,56.44631205882353,10.244177654631084,6.015898569711538,0.0346963083807973,8,2,0,2,-0.8660254037844384,-0.5000000000000004
2024-08-08,9.67,8.207720868639667,5.703276492822967,0.0352322801619433,75.52802426734927,59.12739278588808,10.298492146506778,5.231761251207729,0.0347762985436893,8,3,0,2,-0.8660254037844384,-0.5000000000000004
2024-08-09,9.58,7.83634502065049,5.168587468899521,0.0328715951417004,74.72332022095672,58.81511393170731,9.596805093475243,4.674428012195122,0.0351178950413223,8,4,0,2,-0.8660254037844384,-0.5000000000000004
2024-08-10,9.97,7.582981282439446,4.684651359903381,0.0332511172131147,74.91544896700796,55.34498020681265,10.760101673277662,5.868928448441247,0.0348242338308457,8,5,1,2,-0.8660254037844384,-0.5000000000000004
2024-08-11,10.59,7.392155771857217,4.461900866828087,0.0325190656814449,74.949393285877,54.86005997560976,10.367814964921465,5.857371628915662,0.0338418310090237,8,6,1,2,-0.8660254037844384,-0.5000000000000004
2024-08-12,9.99,7.258070809176225,6.07832773444976,0.0311420386513157,74.37395081621004,58.5521745,9.093808444687363,6.254271199040767,0.0352063709150326,8,0,0,2,-0.8660254037844384,-0.5000000000000004
2024-08-13,10.16,8.021980774988377,6.212289770883055,0.0305540171990171,74.4444787309008,59.27760288753056,8.851003950157398,7.133998717703349,0.0363312182410423,8,1,0,2,-0.8660254037844384,-0.5000000000000004
2024-08-14,10.25,9.427959103608249,6.487190880952381,0.0325230212765957,74.84641269520549,57.55416298284314,10.27101539334027,6.933868250596659,0.037682429738562,8,2,0,2,-0.8660254037844384,-0.5000000000000004
2024-08-15,10.19,9.500128136787565,6.788407145584726,0.03325495,75.79597842873433,55.660824185819074,11.113680187037035,5.452194804819277,0.0367454008097166,8,3,0,2,-0.8660254037844384,-0.5000000000000004
2024-08-16,10.0,9.636052411868132,6.573461763157895,0.0353601721311475,77.14542964685715,55.02625034558823,10.226351095683826,4.953870028846154,0.0365545551894563,8,4,0,2,-0.8660254037844384,-0.5000000000000004
2024-08-17,10.55,8.873209984768907,4.490003330935251,0.0331978433635614,76.37979674141876,59.89882292892156,8.96345794568029,6.621599098557692,0.0356040188370188,8,5,1,2,-0.8660254037844384,-0.5000000000000004
2024-08-18,11.54,8.203768492055085,3.9604538389423074,0.0328104559670781,76.02197648394494,62.01114891666667,9.185145881782091,6.150995811594203,0.0367834262428687,8,6,1,2,-0.8660254037844384,-0.5000000000000004
2024-08-19,11.04,7.56399179315197,5.911114908872902,0.0327164725634725,75.60245677459955,57.718936669117646,9.618669150419288,5.503230901204819,0.035955309446254,8,0,0,2,-0.8660254037844384,-0.5000000000000004
2024-08-20,11.15,6.594146115025906,5.962448745238095,0.0333446415094339,74.49645994380734,50.55033671007371,8.650019112676057,5.703276492822967,0.0344815098039215,8,1,0,2,-0.8660254037844384,-0.5000000000000004
2024-08-21,11.2,6.662838558488613,6.264892572792363,0.0342264332784184,73.52057395667048,50.262222897560974,7.865894429767442,5.168587468899521,0.0352322801619433,8,2,0,2,-0.8660254037844384,-0.5000000000000004
2024-08-22,11.14,7.2716170452001725,6.582520642685851,0.0349827756778964,72.26508683219178,54.5986454403893,8.207720868639667,4.684651359903381,0.0328715951417004,8,3,0,2,-0.8660254037844384,-0.5000000000000004
2024-08-23,10.77,8.060791049510057,6.582901940476191,0.0372746391836734,72.60432906971428,56.98538916545012,7.83634502065049,4.461900866828087,0.0332511172131147,8,4,0,2,-0.8660254037844384,-0.5000000000000004
2024-08-24,11.19,9.031522129668051,5.675958928229665,0.0381878718159408,73.95317561741122,55.989787902439026,7.582981282439446,6.07832773444976,0.0325190656814449,8,5,1,2,-0.8660254037844384,-0.5000000000000004
2024-08-25,12.28,9.54337916542751,5.156982370813397,0.0378919360131255,74.26558098165138,55.71089214914426,7.392155771857217,6.212289770883055,0.0311420386513157,8,6,1,2,-0.8660254037844384,-0.5000000000000004
2024-08-26,11.86,9.494655595933263,7.568357421428572,0.036988205400982,74.71598002742857,56.261325566909974,7.258070809176225,6.487190880952381,0.0305540171990171,8,0,0,2,-0.8660254037844384,-0.5000000000000004
2024-08-27,11.78,9.284850503904217,7.812364287410927,0.0389063616144975,75.64243186368844,53.24963097804878,8.021980774988377,6.788407145584726,0.0325230212765957,8,1,0,2,-0.8660254037844384,-0.5000000000000004
2024-08-28,11.53,8.046425249562171,6.8956341071428575,0.0365056570486397,75.613966368,52.13149593932039,9.427959103608249,6.573461763157895,0.03325495,8,2,0,2,-0.8660254037844384,-0.5000000000000004
2024-08-29,11.25,7.261633707029246,6.498921807142858,0.0342060671031096,74.01945114383561,53.14109195377129,9.500128136787565,4.490003330935251,0.0353601721311475,8,3,0,2,-0.8660254037844384,-0.5000000000000004
2024-08-30,10.72,7.082831248587571,6.641468727272728,0.0334063502454991,74.16414156621005,55.093463041162224,9.636052411868132,3.9604538389423074,0.0331978433635614,8,4,0,2,-0.8660254037844384,-0.5000000000000004
2024-08-31,11.07,6.44972694724875,5.516454784688995,0.033648542247744,74.65534483867278,54.51695497080292,8.873209984768907,5.911114908872902,0.0328104559670781,8,5,1,2,-0.8660254037844384,-0.5000000000000004
2024-09-01,11.79,6.882276357363543,4.617145971084337,0.0336854145543744,74.8516667437071,53.45454759512195,8.203768492055085,5.962448745238095,0.0327164725634725,9,6,1,3,-1.0,-1.8369701987210297e-16
2024-09-02,12.64,6.21953424754522,3.991485543478261,0.0324019580936729,73.05514329061785,49.56215079512195,7.56399179315197,6.264892572792363,0.0333446415094339,9,0,0,3,-1.0,-1.8369701987210297e-16
2024-09-03,11.73,5.944569498921019,6.750823745803357,0.0338705773955773,71.92871058628572,50.54049860731707,6.594146115025906,6.582520642685851,0.0342264332784184,9,1,0,3,-1.0,-1.8369701987210297e-16
2024-09-04,11.65,7.584959783769902,7.787632243436755,0.035415650406504,72.19026223059362,52.79140349878345,6.662838558488613,6.582901940476191,0.0349827756778964,9,2,0,3,-1.0,-1.8369701987210297e-16
2024-09-05,11.2,7.994182295897436,8.058545933333333,0.0355017812244898,73.60128507428571,52.249228163414635,7.2716170452001725,5.675958928229665,0.0372746391836734,9,3,0,3,-1.0,-1.8369701987210297e-16
2024-09-06,10.68,7.496853601190476,7.233827565947243,0.0328421668029435,72.77466246971429,52.13102949144254,8.060791049510057,5.156982370813397,0.0381878718159408,9,4,0,3,-1.0,-1.8369701987210297e-16
2024-09-07,11.22,6.464095567497404,5.365130660146699,0.0320509252259654,70.717315860252,49.829382894348896,9.031522129668051,7.568357421428572,0.0378919360131255,9,5,1,3,-1.0,-1.8369701987210297e-16
2024-09-08,12.1,6.207281514598541,5.382599694376529,0.0326615633223684,69.90190596781609,44.84708545679012,9.54337916542751,7.812364287410927,0.036988205400982,9,6,1,3,-1.0,-1.8369701987210297e-16
2024-09-09,11.62,7.008800539069359,8.029400384615384,0.0335369180999181,71.62829478146453,43.834309253071254,9.494655595933263,6.8956341071428575,0.0389063616144975,9,0,0,3,-1.0,-1.8369701987210297e-16
2024-09-10,11.45,7.751766298862461,8.459208455635492,0.0351665249386753,71.42347230434783,46.75154809090909,9.284850503904217,6.498921807142858,0.0365056570486397,9,1,0,3,-1.0,-1.8369701987210297e-16
2024-09-11,11.49,9.41196752334025,7.78623006235012,0.0361385581773799,70.74683512399541,52.28909596059113,8.046425249562171,6.641468727272728,0.0342060671031096,9,2,0,3,-1.0,-1.8369701987210297e-16
2024-09-12,11.28,8.42575548357242,7.092722875598087,0.0378190666118421,69.56230033065442,56.111300785185186,7.261633707029246,5.516454784688995,0.0334063502454991,9,3,0,3,-1.0,-1.8369701987210297e-16
2024-09-13,10.78,7.36046640093361,7.398026863961814,0.0346575710784313,69.88831353881278,56.97696367321867,7.082831248587571,4.617145971084337,0.033648542247744,9,4,0,3,-1.0,-1.8369701987210297e-16
2024-09-14,11.31,6.89833796723869,5.777662007211538,0.0345207924528301,71.84180135542857,55.58175063300493,6.44972694724875,3.991485543478261,0.0336854145543744,9,5,1,3,-1.0,-1.8369701987210297e-16
2024-09-15,12.16,6.534352547588004,4.472729033816425,0.0327045728395061,71.21735094965675,56.71811835960591,6.882276357363543,6.750823745803357,0.0324019580936729,9,6,1,3,-1.0,-1.8369701987210297e-16
2024-09-16,11.59,6.189076092139511,5.946145715990453,0.0321503868312757,69.52514297146118,59.445450997549024,6.21953424754522,7.787632243436755,0.0338705773955773,9,0,0,3,-1.0,-1.8369701987210297e-16
2024-09-17,11.54,6.141581163476461,6.6235564399038465,0.0318542700247729,68.04156511174457,63.68516607090464,5.944569498921019,8.058545933333333,0.035415650406504,9,1,0,3,-1.0,-1.8369701987210297e-16
2024-09-18,11.43,6.326438615632184,7.482536634615385,0.0321521497942386,68.58242306849316,62.33188028921568,7.584959783769902,7.233827565947243,0.0355017812244898,9,2,0,3,-1.0,-1.8369701987210297e-16
2024-09-19,10.97,6.4501664343329885,7.246896578313253,0.0333664786535303,70.35695518700115,59.741203848780486,7.994182295897436,5.365130660146699,0.0328421668029435,9,3,0,3,-1.0,-1.8369701987210297e-16
2024-09-20,10.63,6.702831595755693,7.494677689903846,0.0339647314285714,70.91845087571267,57.793948739024394,7.496853601190476,5.382599694376529,0.0320509252259654,9,4,0,3,-1.0,-1.8369701987210297e-16
2024-09-21,10.98,6.862438835073978,5.979498428223844,0.0344543123466884,69.43945704680365,59.03675776097561,6.464095567497404,8.029400384615384,0.0326615633223684,9,5,1,3,-1.0,-1.8369701987210297e-16
2024-09-22,11.94,6.17507890984456,5.322794360294118,0.0317369146841673,68.18402768378995,61.46285424390244,6.207281514598541,8.459208455635492,0.0335369180999181,9,6,1,3,-1.0,-1.8369701987210297e-16
2024-09-23,11.45,5.933835112676056,7.10040271942446,0.029014253071253,68.00612205257143,60.01045093414634,7.008800539069359,7.78623006235012,0.0351665249386753,9,0,0,3,-1.0,-1.8369701987210297e-16
2024-09-24,11.43,5.958337191420664,7.503954011933175,0.0297477059308072,69.46704323630136,59.22266249635037,7.751766298862461,7.092722875598087,0.0361385581773799,9,1,0,3,-1.0,-1.8369701987210297e-16
2024-09-25,11.14,5.3222462602094245,7.210169627403847,0.0298079674457429,69.75728166476625,58.87477476399027,9.41196752334025,7.398026863961814,0.0378190666118421,9,2,0,3,-1.0,-1.8369701987210297e-16
2024-09-26,10.82,5.355287686910994,7.870351446555819,0.0306578320738874,69.81922489497717,56.40778144768856,8.42575548357242,5.777662007211538,0.0346575710784313,9,3,0,3,-1.0,-1.8369701987210297e-16
2024-09-27,10.52,5.753012572062084,8.201895923444976,0.0322102128922816,70.07842582245132,55.30283289242054,7.36046640093361,4.472729033816425,0.0345207924528301,9,4,0,3,-1.0,-1.8369701987210297e-16
2024-09-28,11.08,5.746945626385224,6.732657567307692,0.0318755038232795,70.81695125465116,53.46326557037037,6.89833796723869,5.946145715990453,0.0327045728395061,9,5,1,3,-1.0,-1.8369701987210297e-16
2024-09-29,11.81,5.6430419804543055,5.690504685851319,0.0290257079796264,70.67757246118192,53.107030958024694,6.534352547588004,6.6235564399038465,0.0321503868312757,9,6,1,3,-1.0,-1.8369701987210297e-16
2024-09-30,11.34,6.512452012735849,8.362370324582338,0.028632128248114,68.61011411880047,52.58601519211823,6.189076092139511,7.482536634615385,0.0318542700247729,9,0,0,3,-1.0,-1.8369701987210297e-16
2024-10-01,11.15,6.939574324451411,8.608081383693046,0.0301160310077519,67.83790491734575,48.89714843349754,6.141581163476461,7.246896578313253,0.0321521497942386,10,1,0,3,-0.8660254037844386,0.5000000000000001
2024-10-02,11.11,7.208352165879265,9.138170519138756,0.0321499751499571,67.99550640140023,47.0345370591133,6.326438615632184,7.494677689903846,0.0333664786535303,10,2,0,3,-0.8660254037844386,0.5000000000000001
2024-10-03,10.82,7.915834026455027,9.660340995238094,0.0339741962296486,67.94614612093022,49.25075205665025,6.4501664343329885,5.979498428223844,0.0339647314285714,10,3,0,3,-0.8660254037844386,0.5000000000000001
2024-10-04,10.57,8.268504510384217,9.351734071090048,0.0334715467009425,68.93531279582366,50.929669140049135,6.702831595755693,5.322794360294118,0.0344543123466884,10,4,0,3,-0.8660254037844386,0.5000000000000001
2024-10-05,10.92,8.345094422877846,7.159742139810427,0.0356689793637145,69.62692026193248,48.60049667407408,6.862438835073978,7.10040271942446,0.0317369146841673,10,5,1,3,-0.8660254037844386,0.5000000000000001
2024-10-06,12.17,8.630080531698287,6.510085833333333,0.0346767368873602,68.38851843655414,48.22807721728395,6.17507890984456,7.503954011933175,0.029014253071253,10,6,1,3,-0.8660254037844386,0.5000000000000001
2024-10-07,11.76,8.237296694924124,8.690338536817102,0.0321281812662619,66.54865825925926,47.19939432029339,5.933835112676056,7.210169627403847,0.0297477059308072,10,0,0,3,-0.8660254037844386,0.5000000000000001
2024-10-08,11.54,8.044300348031497,9.725402940047962,0.0324070471204188,65.05215224593968,46.30808053300733,5.958337191420664,7.870351446555819,0.0298079674457429,10,1,0,3,-0.8660254037844386,0.5000000000000001
2024-10-09,11.59,7.819281982056893,9.774195747596156,0.034255145614035,64.80215280836237,47.58803783578431,5.3222462602094245,8.201895923444976,0.0306578320738874,10,2,0,3,-0.8660254037844386,0.5000000000000001
2024-10-10,11.33,7.506738541578947,9.284928156626506,0.0323429276895943,64.42434130313589,47.289325658476656,5.355287686910994,6.732657567307692,0.0322102128922816,10,3,0,3,-0.8660254037844386,0.5000000000000001
2024-10-11,11.01,8.12587780829832,10.25945830769231,0.0358105457746478,65.10538780487805,45.898152835380834,5.753012572062084,5.690504685851319,0.0318755038232795,10,4,0,3,-0.8660254037844386,0.5000000000000001
2024-10-12,11.45,8.358218135854342,8.128181166666668,0.0358085417032484,65.19308090592335,48.66562811302211,5.746945626385224,8.362370324582338,0.0290257079796264,10,5,1,3,-0.8660254037844386,0.5000000000000001
2024-10-13,12.47,8.051236492623815,6.3641559170731705,0.0356056333333333,63.10102033178114,52.883248009828016,5.6430419804543055,8.608081383693046,0.028632128248114,10,6,1,3,-0.8660254037844386,0.5000000000000001
2024-10-14,12.16,6.337855569246972,7.0257944375,0.0294429938811188,60.936963048723904,53.06750860784314,6.512452012735849,9.138170519138756,0.0301160310077519,10,0,0,3,-0.8660254037844386,0.5000000000000001
2024-10-15,12.13,5.902387609485816,8.018412278846155,0.030235812609457,58.80492411948956,53.885358226044225,6.939574324451411,9.660340995238094,0.0321499751499571,10,1,0,3,-0.8660254037844386,0.5000000000000001
2024-10-16,12.01,5.5016450397074195,6.942019368932039,0.0279754100974313,56.19529768060395,55.79596965517242,7.208352165879265,9.351734071090048,0.0339741962296486,10,2,0,3,-0.8660254037844386,0.5000000000000001
2024-10-17,11.73,5.758359500783289,7.949919809178745,0.0301725732031943,54.32668659001162,60.23752483497537,7.915834026455027,7.159742139810427,0.0334715467009425,10,3,0,3,-0.8660254037844386,0.5000000000000001
2024-10-18,11.26,6.981356810584958,8.40671092124105,0.0304562653606411,53.83790801627907,55.86316389629629,8.268504510384217,6.510085833333333,0.0356689793637145,10,4,0,3,-0.8660254037844386,0.5000000000000001
2024-10-19,11.82,8.031615868869386,9.196869527710843,0.0311217517793594,56.66719418479533,53.42505414320987,8.345094422877846,8.690338536817102,0.0346767368873602,10,5,1,3,-0.8660254037844386,0.5000000000000001
2024-10-20,12.9,8.372739377903976,9.449894840963855,0.0348882181656277,59.56165636374269,52.862612071604936,8.630080531698287,9.725402940047962,0.0321281812662619,10,6,1,3,-0.8660254037844386,0.5000000000000001
2024-10-21,12.57,8.589528327698309,12.172592081145586,0.0359713238686779,61.40379681892523,51.1311292345679,8.237296694924124,9.774195747596156,0.0324070471204188,10,0,0,3,-0.8660254037844386,0.5000000000000001
2024-10-22,12.58,8.783320881224066,12.212744237410073,0.0352743856382978,61.736426367132864,53.41211797530865,8.044300348031497,9.284928156626506,0.034255145614035,10,1,0,3,-0.8660254037844386,0.5000000000000001
2024-10-23,12.6,8.117653623767515,11.181934353221958,0.0326815779735682,61.51957739160839,54.56492346666666,7.819281982056893,10.25945830769231,0.0323429276895943,10,2,0,3,-0.8660254037844386,0.5000000000000001
2024-10-24,12.18,6.880734130694892,9.836598767772513,0.0309775004405286,58.80482881191589,53.55940490594059,7.506738541578947,8.128181166666668,0.0358105457746478,10,3,0,3,-0.8660254037844386,0.5000000000000001
2024-10-25,11.69,7.8534540212435235,11.271873085308057,0.0310600362831858,57.882366957993,55.719792014814814,8.12587780829832,6.3641559170731705,0.0358085417032484,10,4,0,3,-0.8660254037844386,0.5000000000000001
2024-10-26,12.18,7.73472286570248,9.700915111374409,0.0322364694960212,58.69705003733956,50.797526972839506,8.358218135854342,7.0257944375,0.0356056333333333,10,5,1,3,-0.8660254037844386,0.5000000000000001
2024-10-27,13.38,6.9050698297593,8.612421071770335,0.0309613876106194,58.051945283040936,51.32551333910891,8.051236492623815,8.018412278846155,0.0294429938811188,10,6,1,3,-0.8660254037844386,0.5000000000000001
2024-10-28,13.12,7.535118059400827,8.340375174224343,0.0328547217314487,58.395377904317385,57.12536056790123,6.337855569246972,6.942019368932039,0.030235812609457,10,0,0,3,-0.8660254037844386,0.5000000000000001
2024-10-29,13.03,8.665827873138163,7.2385487553956835,0.0337795155832591,57.76567840654206,64.97032070967742,5.902387609485816,7.949919809178745,0.0279754100974313,10,1,0,3,-0.8660254037844386,0.5000000000000001
2024-10-30,12.61,8.496870047989031,8.337805459330143,0.030902855734767,57.02639222807017,66.59024390099009,5.5016450397074195,8.40671092124105,0.0301725732031943,10,2,0,3,-0.8660254037844386,0.5000000000000001
2024-10-31,11.89,6.522858627895007,8.852746560859188,0.0295809661016949,54.85758347423887,65.66187146782178,5.758359500783289,9.196869527710843,0.0304562653606411,10,3,0,3,-0.8660254037844386,0.5000000000000001
2024-11-01,11.96,5.930047837615621,8.693653811904761,0.028275796491228,52.872368899645814,63.39369904260652,6.981356810584958,9.449894840963855,0.0311217517793594,11,4,0,3,-0.5000000000000004,0.8660254037844384
2024-11-02,12.69,6.199939349056605,6.937479615384616,0.0293499719298245,53.04135286863905,66.78647815075377,8.031615868869386,12.172592081145586,0.0348882181656277,11,5,1,3,-0.5000000000000004,0.8660254037844384
2024-11-03,14.02,5.647663293450233,5.500376873479319,0.0292270128956623,53.31222721183432,67.66528740954774,8.372739377903976,12.212744237410073,0.0359713238686779,11,6,1,3,-0.5000000000000004,0.8660254037844384
2024-11-04,13.38,5.654335901444789,7.914294283980583,0.0265698804347826,54.18629540661939,65.7110352361809,8.589528327698309,11.181934353221958,0.0352743856382978,11,0,0,3,-0.5000000000000004,0.8660254037844384
2024-11-05,13.17,5.403127352293578,8.564121105515587,0.0276868611111111,54.30742181582054,66.61529363408522,8.783320881224066,9.836598767772513,0.0326815779735682,11,1,0,3,-0.5000000000000004,0.8660254037844384
2024-11-06,13.41,5.920558922320041,7.399053203836931,0.0257459690976514,52.06421505785124,62.67289564160401,8.117653623767515,11.271873085308057,0.0309775004405286,11,2,0,3,-0.5000000000000004,0.8660254037844384
2024-11-07,12.93,6.381489448525608,8.436902059808613,0.0236344671623296,51.03889485613208,60.40381582,6.880734130694892,9.700915111374409,0.0310600362831858,11,3,0,3,-0.5000000000000004,0.8660254037844384
2024-11-08,12.26,7.017414194759825,9.469111907363422,0.0253466841448189,51.08623631213192,60.66337083291771,7.8534540212435235,8.612421071770335,0.0322364694960212,11,4,0,3,-0.5000000000000004,0.8660254037844384
2024-11-09,13.16,7.43555421948718,9.2407374725537,0.0254647334167709,50.753509334905665,58.3115283117207,7.73472286570248,8.340375174224343,0.0309613876106194,11,5,1,3,-0.5000000000000004,0.8660254037844384
2024-11-10,14.4,8.058895700258399,9.502980028639618,0.0267096441102756,53.13041792080378,60.66918268250001,6.9050698297593,7.2385487553956835,0.0328547217314487,11,6,1,3,-0.5000000000000004,0.8660254037844384
2024-11-11,13.83,5.551421374825825,9.044841942720764,0.0275678537200504,53.400529427046266,63.35520080451128,7.535118059400827,8.337805459330143,0.0337795155832591,11,0,0,3,-0.5000000000000004,0.8660254037844384
2024-11-12,13.91,4.577548810146443,7.814551565320666,0.0278377867001254,49.612855050767415,61.9777436641604,8.665827873138163,8.852746560859188,0.030902855734767,11,1,0,3,-0.5000000000000004,0.8660254037844384
2024-11-13,13.9,5.5460750807871575,10.12258612142857,0.0267624878671775,48.26232961556604,58.557363025,8.496870047989031,8.693653811904761,0.0295809661016949,11,2,0,3,-0.5000000000000004,0.8660254037844384
2024-11-14,13.73,5.858312987925831,11.275344173809524,0.0257853607188703,48.62394441273585,60.791773503759394,6.522858627895007,6.937479615384616,0.028275796491228,11,3,0,3,-0.5000000000000004,0.8660254037844384
2024-11-15,13.15,6.372015008780992,9.526152556872038,0.0283384084507042,47.97277343447462,63.89402365,5.930047837615621,5.500376873479319,0.0293499719298245,11,4,0,3,-0.5000000000000004,0.8660254037844384
2024-11-16,13.87,6.3878378871635615,6.962269392857143,0.02940886521181,47.53708061018957,64.12430285964912,6.199939349056605,7.914294283980583,0.0292270128956623,11,5,1,3,-0.5000000000000004,0.8660254037844384
2024-11-17,15.2,7.337400858915441,7.887659687350835,0.0279973174807197,49.42883395848161,62.85397762311558,5.647663293450233,8.564121105515587,0.0265698804347826,11,6,1,3,-0.5000000000000004,0.8660254037844384
2024-11-18,14.64,7.649116088265836,9.63324262647754,0.0283638874680306,50.10132456516588,66.46013897236182,5.654335901444789,7.399053203836931,0.0276868611111111,11,0,0,3,-0.5000000000000004,0.8660254037844384
2024-11-19,14.7,6.308186972395833,10.115208523584906,0.0261749217948717,47.43621675386444,61.14898367506298,5.403127352293578,8.436902059808613,0.0257459690976514,11,1,0,3,-0.5000000000000004,0.8660254037844384
2024-11-20,14.33,5.4238464600794005,10.934648971360382,0.0269934897435897,45.60075929166666,55.2628198560606,5.920558922320041,9.469111907363422,0.0236344671623296,11,2,0,3,-0.5000000000000004,0.8660254037844384
2024-11-21,13.96,4.684409188778186,11.321260539568346,0.0247143014048531,44.42931684780024,56.53275166919192,6.381489448525608,9.2407374725537,0.0253466841448189,11,3,0,3,-0.5000000000000004,0.8660254037844384
2024-11-22,13.65,5.204196001046573,11.580005730310264,0.0229749461538461,45.99009278953627,59.33500717884131,7.017414194759825,9.502980028639618,0.0254647334167709,11,4,0,3,-0.5000000000000004,0.8660254037844384
2024-11-23,14.68,5.518945484440316,8.534982002398083,0.0264335372750642,47.03111905119048,64.48743180050505,7.43555421948718,9.044841942720764,0.0267096441102756,11,5,1,3,-0.5000000000000004,0.8660254037844384
2024-11-24,15.78,6.422801166407465,6.589330891566265,0.026791541025641,47.63630542073897,68.02687837150127,8.058895700258399,7.814551565320666,0.0275678537200504,11,6,1,3,-0.5000000000000004,0.8660254037844384
2024-11-25,14.79,7.003058993753253,10.243695381861576,0.0233144152866242,45.99466098578199,69.22846872110553,5.551421374825825,10.12258612142857,0.0278377867001254,11,0,0,3,-0.5000000000000004,0.8660254037844384
2024-11-26,14.63,6.329970896193772,10.1577965495283,0.021410585768742,44.20054793491124,73.09077871177945,4.577548810146443,11.275344173809524,0.0267624878671775,11,1,0,3,-0.5000000000000004,0.8660254037844384
2024-11-27,14.56,7.147969095360825,9.515151182033096,0.0223873929024081,44.067393514792904,71.13145896491228,5.5460750807871575,9.526152556872038,0.0257853607188703,11,2,0,3,-0.5000000000000004,0.8660254037844384
2024-11-28,15.79,6.498543290355854,6.550955083333333,0.0245984340101522,39.53382907345972,69.33069155639097,5.858312987925831,6.962269392857143,0.0283384084507042,11,3,0,3,-0.5000000000000004,0.8660254037844384
2024-11-29,15.81,6.381638122109158,7.9716159575471695,0.0246985380710659,36.16457316963226,61.71683280200501,6.372015008780992,7.887659687350835,0.02940886521181,11,4,0,3,-0.5000000000000004,0.8660254037844384
2024-11-30,16.2,7.1695496352631585,9.229807548463356,0.0243626675159235,36.278195201660736,58.352579320802,6.3878378871635615,9.63324262647754,0.0279973174807197,11,5,1,3,-0.5000000000000004,0.8660254037844384
2024-12-01,17.34,8.558300600104277,10.324243676122933,0.0244973102564102,37.815821914387634,59.906543414999994,7.337400858915441,10.115208523584906,0.0283638874680306,12,6,1,0,-2.4492935982947064e-16,1.0
2024-12-02,16.17,8.422177314020345,12.756935853080568,0.022442893453145,37.89194737914692,62.340729177499995,7.649116088265836,10.934648971360382,0.0261749217948717,12,0,0,0,-2.4492935982947064e-16,1.0
2024-12-03,15.9,9.450765785381028,12.309833725118484,0.0239040464516129,38.91670038908659,63.004609438596496,6.308186972395833,11.321260539568346,0.0269934897435897,12,1,0,0,-2.4492935982947064e-16,1.0
2024-12-04,15.73,10.295146428126625,11.963124349168648,0.0244407858064516,41.06528808649289,64.13715599999999,5.4238464600794005,11.580005730310264,0.0247143014048531,12,2,0,0,-2.4492935982947064e-16,1.0
2024-12-05,15.29,8.0538612613321,10.31148679047619,0.0240395629053177,38.96967212009512,62.90195207537688,4.684409188778186,8.534982002398083,0.0229749461538461,12,3,0,0,-2.4492935982947064e-16,1.0
2024-12-06,14.93,7.830736723260643,11.26451539716312,0.0242658249027237,37.752431896305126,57.78959488161209,5.204196001046573,6.589330891566265,0.0264335372750642,12,4,0,0,-2.4492935982947064e-16,1.0
2024-12-07,15.8,8.932274456285565,11.169156859484778,0.0238002769830949,41.272210252090794,56.980231277777776,5.518945484440316,10.243695381861576,0.026791541025641,12,5,1,0,-2.4492935982947064e-16,1.0
2024-12-08,17.5,8.351675300258844,9.728404630588235,0.0245390547588005,45.38844086499403,62.15644064141414,6.422801166407465,10.1577965495283,0.0233144152866242,12,6,1,0,-2.4492935982947064e-16,1.0
2024-12-09,16.38,7.848634209024897,10.354608011792452,0.0241093246414602,44.37294599283154,69.77777513131313,7.003058993753253,9.515151182033096,0.021410585768742,12,0,0,0,-2.4492935982947064e-16,1.0
2024-12-10,16.32,7.998280229362591,9.691859585308055,0.0229811230366492,40.41486525833333,65.52550971284634,6.329970896193772,6.550955083333333,0.0223873929024081,12,1,0,0,-2.4492935982947064e-16,1.0
2024-12-11,16.12,6.712548399350649,11.185918964871194,0.0241779300791556,38.4052767,59.42566064483627,7.147969095360825,7.9716159575471695,0.0245984340101522,12,2,0,0,-2.4492935982947064e-16,1.0
2024-12-12,15.99,6.207503079166667,10.848547910165484,0.0272536335078534,36.024756476190475,56.32514874307305,6.498543290355854,9.229807548463356,0.0246985380710659,12,3,0,0,-2.4492935982947064e-16,1.0
2024-12-13,15.64,7.0019325835929385,10.899165981176472,0.0262384186351706,37.724663066746125,64.48171498992443,6.381638122109158,10.324243676122933,0.0243626675159235,12,4,0,0,-2.4492935982947064e-16,1.0
2024-12-14,17.02,7.81798823870682,9.569827471830983,0.0259937628458498,42.14184748506572,65.11403879545455,7.1695496352631585,12.756935853080568,0.0244973102564102,12,5,1,0,-2.4492935982947064e-16,1.0
2024-12-15,18.96,7.348892299843832,9.302044910588236,0.0251899592641261,43.72606053110047,70.00782901012658,8.558300600104277,12.309833725118484,0.022442893453145,12,6,1,0,-2.4492935982947064e-16,1.0
2024-12-16,18.1,6.482045440352698,11.3259236206089,0.0230132621231979,45.66772421837709,70.39304981772152,8.422177314020345,11.963124349168648,0.0239040464516129,12,0,0,0,-2.4492935982947064e-16,1.0
2024-12-17,18.07,6.8442397877532235,11.14221997393365,0.0219139553219448,46.46649996066746,68.2986674534005,9.450765785381028,10.31148679047619,0.0244407858064516,12,1,0,0,-2.4492935982947064e-16,1.0
2024-12-18,18.19,7.4744342805128205,11.585317002364066,0.022118667539267,44.70561093667862,65.75130880856423,10.295146428126625,11.26451539716312,0.0240395629053177,12,2,0,0,-2.4492935982947064e-16,1.0
2024-12-19,17.96,7.447476043500512,11.37320081690141,0.0211198704188481,41.903824198573126,63.61852210632912,8.0538612613321,11.169156859484778,0.0242658249027237,12,3,0,0,-2.4492935982947064e-16,1.0
2024-12-20,17.84,8.394544544753748,12.146682082159623,0.0227388597640891,39.865506487514864,65.75100190404041,7.830736723260643,9.728404630588235,0.0238002769830949,12,4,0,0,-2.4492935982947064e-16,1.0
2024-12-21,19.65,7.117474630445925,10.173517118203309,0.0260880565789473,37.97727002147971,61.996974295165394,8.932274456285565,10.354608011792452,0.0245390547588005,12,5,1,0,-2.4492935982947064e-16,1.0
2024-12-22,21.64,7.816413195966908,10.51890029009434,0.0259875177865612,39.16103567661098,62.50311609113923,8.351675300258844,9.691859585308055,0.0241093246414602,12,6,1,0,-2.4492935982947064e-16,1.0
2024-12-23,20.09,8.573391654903757,12.625415185446007,0.0247034640957446,42.89272373690476,66.64208338227849,7.848634209024897,11.185918964871194,0.0229811230366492,12,0,0,0,-2.4492935982947064e-16,1.0
2024-12-24,21.2,9.756886550561797,10.481961661971832,0.0249053680738786,43.13832550238095,74.4355137020202,7.998280229362591,10.848547910165484,0.0241779300791556,12,1,0,0,-2.4492935982947064e-16,1.0
2024-12-25,24.55,9.798491283076924,7.446323323943662,0.0253652599469496,41.76951272076372,75.93189792405063,6.712548399350649,10.899165981176472,0.0272536335078534,12,2,0,0,-2.4492935982947064e-16,1.0
2024-12-26,22.27,9.105088920315236,10.108491023529412,0.0234019854881266,43.19904817619048,75.77507258838384,6.207503079166667,9.569827471830983,0.0262384186351706,12,3,0,0,-2.4492935982947064e-16,1.0
2024-12-27,21.45,8.940850701898409,10.73518947764706,0.0233236145695364,45.104420828367104,76.90349057468354,7.0019325835929385,9.302044910588236,0.0259937628458498,12,4,0,0,-2.4492935982947064e-16,1.0
2024-12-28,23.19,7.33692688741044,9.800236104265403,0.0221074807947019,48.020366996415774,79.95045728101266,7.81798823870682,11.3259236206089,0.0251899592641261,12,5,1,0,-2.4492935982947064e-16,1.0
2024-12-29,23.85,5.983097140083218,8.3172465035461,0.0273175125827814,47.43504523775388,79.27165386868687,7.348892299843832,11.14221997393365,0.0230132621231979,12,6,1,0,-2.4492935982947064e-16,1.0
2024-12-30,21.16,5.577510153008299,8.146333108235293,0.0268988874172185,45.58866996778043,71.31335400252526,6.482045440352698,11.585317002364066,0.0219139553219448,12,0,0,0,-2.4492935982947064e-16,1.0
2024-12-31,21.01,7.003573674466979,9.351290896955504,0.0277879330655957,40.81500451555024,70.92471927594937,6.8442397877532235,11.37320081690141,0.022118667539267,12,1,0,0,-2.4492935982947064e-16,1.0
2025-01-01,22.36,6.8206880918412836,7.332306726817043,0.0255217662517289,37.543613636,66.82930725876011,7.4744342805128205,12.146682082159623,0.0211198704188481,1,2,0,0,0.49999999999999994,0.8660254037844387
2025-01-02,20.55,6.523061583029672,9.968731885,0.0232895806896551,38.921625603195736,63.24718658333334,7.447476043500512,10.173517118203309,0.0227388597640891,1,3,0,0,0.49999999999999994,0.8660254037844387
2025-01-03,19.64,7.234718911398963,10.3109519800995,0.0262212721088435,39.042507125166445,63.87104377688172,8.394544544753748,10.51890029009434,0.0260880565789473,1,4,0,0,0.49999999999999994,0.8660254037844387
2025-01-04,20.61,5.631590239312267,6.812618638888889,0.0288360899182561,36.856226113333335,63.274054217741934,7.117474630445925,12.625415185446007,0.0259875177865612,1,5,1,0,0.49999999999999994,0.8660254037844387
2025-01-05,21.32,5.632682135557872,7.649133356060607,0.0279733484224965,35.9068518482024,63.07757300806451,7.816413195966908,10.481961661971832,0.0247034640957446,1,6,1,0,0.49999999999999994,0.8660254037844387
2025-01-06,19.51,5.376515144050105,9.128245005037783,0.0277582147742818,32.93135469680851,68.68984833870968,8.573391654903757,7.446323323943662,0.0249053680738786,1,0,0,0,0.49999999999999994,0.8660254037844387
2025-01-07,19.08,5.163922209156194,7.101589893300249,0.0298323657534246,31.881376134666667,61.85610283333333,9.756886550561797,10.108491023529412,0.0253652599469496,1,1,0,0,0.49999999999999994,0.8660254037844387
2025-01-08,18.66,6.765717468062827,8.356687032418952,0.0283365986206896,31.074132973333334,56.75527404864865,9.798491283076924,10.73518947764706,0.0234019854881266,1,2,0,0,0.49999999999999994,0.8660254037844387
2025-01-09,18.07,8.160451740273396,9.693494105793452,0.0296456195054945,32.00148345406125,58.53695030997305,9.105088920315236,9.800236104265403,0.0233236145695364,1,3,0,0,0.49999999999999994,0.8660254037844387
2025-01-10,17.55,9.335323372410546,11.015600703980098,0.0285864490358126,33.52390547473404,60.14041588471849,8.940850701898409,8.3172465035461,0.0221074807947019,1,4,0,0,0.49999999999999994,0.8660254037844387
2025-01-11,18.85,7.870766593308939,9.03415275124378,0.0298854132231404,35.65624947669774,62.95950372117962,7.33692688741044,8.146333108235293,0.0273175125827814,1,5,1,0,0.49999999999999994,0.8660254037844387
2025-01-12,20.22,7.9050224409282706,8.644014094527362,0.0279694074074074,34.90057041544607,60.9184011689008,5.983097140083218,9.351290896955504,0.0268988874172185,1,6,1,0,0.49999999999999994,0.8660254037844387
2025-01-13,18.57,6.638980502676182,10.339455962779155,0.027752049247606,32.79497954133333,58.17305090591398,5.577510153008299,7.332306726817043,0.0277879330655957,1,0,0,0,0.49999999999999994,0.8660254037844387
2025-01-14,18.49,6.146870440740741,10.909337448019802,0.0277927387755102,31.923291873333337,54.937503102150544,7.003573674466979,9.968731885,0.0255217662517289,1,1,0,0,0.49999999999999994,0.8660254037844387
2025-01-15,18.45,7.569931488666316,12.173056787128711,0.0266250683060109,33.55845160133333,55.33202388948787,6.8206880918412836,10.3109519800995,0.0232895806896551,1,2,0,0,0.49999999999999994,0.8660254037844387
2025-01-16,18.55,8.73752653018868,14.476800166253105,0.0266652243502052,36.791939427430094,59.224638500000005,6.523061583029672,6.812618638888889,0.0262212721088435,1,3,0,0,0.49999999999999994,0.8660254037844387
2025-01-17,18.05,9.14209234288692,12.755856256157635,0.0304621299052774,38.4776332629482,62.59910794638069,7.234718911398963,7.649133356060607,0.0288360899182561,1,4,0,0,0.49999999999999994,0.8660254037844387
2025-01-18,19.73,7.600535142033543,8.791440743781095,0.0287050624151967,34.00593602122016,66.54947307774799,5.631590239312267,9.128245005037783,0.0279733484224965,1,5,1,0,0.49999999999999994,0.8660254037844387
2025-01-19,21.47,6.75098206660666,7.598706174563591,0.0303472957937584,26.724023685676393,64.92903478284182,5.632682135557872,7.101589893300249,0.0277582147742818,1,6,1,0,0.49999999999999994,0.8660254037844387
2025-01-20,21.15,5.551998777366473,7.2151878525,0.0322580952380952,21.809399026525195,52.186871627345845,5.376515144050105,8.356687032418952,0.0298323657534246,1,0,0,0,0.49999999999999994,0.8660254037844387
2025-01-21,21.01,6.624327490832896,10.526027495024875,0.0282578758526603,22.882401694960212,45.89059411260054,5.163922209156194,9.693494105793452,0.0283365986206896,1,1,0,0,0.49999999999999994,0.8660254037844387
2025-01-22,20.93,8.418592898489141,12.557988918316832,0.0279262825788751,27.35036769107856,47.86337083827494,6.765717468062827,11.015600703980098,0.0296456195054945,1,2,0,0,0.49999999999999994,0.8660254037844387
2025-01-23,20.5,9.470129822546973,13.969626221674876,0.0284132188782489,30.55013594960212,49.935728975871314,8.160451740273396,9.03415275124378,0.0285864490358126,1,3,0,0,0.49999999999999994,0.8660254037844387
2025-01-24,19.64,9.424051588541666,14.355060287469287,0.0285119565807327,32.29222270822281,49.629503684491986,9.335323372410546,8.644014094527362,0.0298854132231404,1,4,0,0,0.49999999999999994,0.8660254037844387
2025-01-25,20.73,9.013429292280232,10.90504800248139,0.0325688138586956,33.53051112068965,57.821925131016044,7.870766593308939,10.339455962779155,0.0279694074074074,1,5,1,0,0.49999999999999994,0.8660254037844387
2025-01-26,22.98,7.593877419779064,9.063563311881188,0.0299053292517006,34.50232823771581,63.42898104545455,7.9050224409282706,10.909337448019802,0.027752049247606,1,6,1,0,0.49999999999999994,0.8660254037844387
2025-01-27,21.44,7.280952241108786,11.462202332506203,0.0293338408163265,35.40913867506631,60.15889268449198,6.638980502676182,12.173056787128711,0.0277927387755102,1,0,0,0,0.49999999999999994,0.8660254037844387
2025-01-28,21.73,7.375983262004662,11.731083221130222,0.028530564738292,37.49624087698413,58.72021724064171,6.146870440740741,14.476800166253105,0.0266250683060109,1,1,0,0,0.49999999999999994,0.8660254037844387
2025-01-29,21.47,7.713125691153647,11.620455725925927,0.0287915347885402,39.469603288563825,61.67471651621622,7.569931488666316,12.755856256157635,0.0266652243502052,1,2,0,0,0.49999999999999994,0.8660254037844387
2025-01-30,21.44,8.787011401554404,12.452024301470589,0.028206343365253,39.6234783355526,63.47713808355795,8.73752653018868,8.791440743781095,0.0304621299052774,1,3,0,0,0.49999999999999994,0.8660254037844387
2025-01-31,20.75,8.81873243554163,12.883795520987654,0.0272292320217096,41.76697300930851,69.60189092204301,9.14209234288692,7.598706174563591,0.0287050624151967,1,4,0,0,0.49999999999999994,0.8660254037844387
2025-02-01,21.88,6.322367659079151,9.25620844638404,0.031116390946502,42.17704588227513,66.084625688,7.600535142033543,7.2151878525,0.0303472957937584,2,5,1,0,0.8660254037844386,0.5000000000000001
2025-02-02,23.76,7.22557793040293,9.28217767839196,0.0294966680497925,45.07124515915119,64.60879810187667,6.75098206660666,10.526027495024875,0.0322580952380952,2,6,1,0,0.8660254037844386,0.5000000000000001
2025-02-03,22.07,8.464607032152843,11.149359562189057,0.0277598140495867,47.96639205284016,64.13204345212766,5.551998777366473,12.557988918316832,0.0282578758526603,2,0,0,0,0.8660254037844386,0.5000000000000001
2025-02-04,22.0,6.765467361845516,7.799048957393484,0.0285250776566757,45.01046894993413,63.2949747612732,6.624327490832896,13.969626221674876,0.0279262825788751,2,1,0,0,0.8660254037844386,0.5000000000000001
2025-02-05,21.42,6.633017984872196,7.683321920199502,0.0265926489071038,42.39543320184697,65.90744944444444,8.418592898489141,14.355060287469287,0.0284132188782489,2,2,0,0,0.8660254037844386,0.5000000000000001
2025-02-06,20.46,7.081124155643739,8.9044919201995,0.0258885061391541,43.56365482717678,72.70758710846562,9.470129822546973,10.90504800248139,0.0285119565807327,2,3,0,0,0.8660254037844386,0.5000000000000001
2025-02-07,19.69,5.905095270072993,7.488489625935162,0.0290137051630434,43.84413543989432,63.870932,9.424051588541666,9.063563311881188,0.0325688138586956,2,4,0,0,0.8660254037844386,0.5000000000000001
2025-02-08,20.79,6.697589446697868,7.43775130075188,0.0288254174624829,40.73237772751323,66.38677954255319,9.013429292280232,11.462202332506203,0.0299053292517006,2,5,1,0,0.8660254037844386,0.5000000000000001
2025-02-09,22.05,6.891584991545327,7.336929874371859,0.0293927462277091,37.54591672486772,63.377687421750664,7.593877419779064,11.731083221130222,0.0293338408163265,2,6,1,0,0.8660254037844386,0.5000000000000001
2025-02-10,20.42,7.303054173187272,9.639745972292191,0.0288690326975476,34.446793854881264,61.140016469496025,7.280952241108786,11.620455725925927,0.028530564738292,2,0,0,0,0.8660254037844386,0.5000000000000001
2025-02-11,20.13,7.877497720942408,9.738225876884425,0.0294622516823687,32.46972207926024,65.30109104533334,7.375983262004662,12.452024301470589,0.0287915347885402,2,1,0,0,0.8660254037844386,0.5000000000000001
2025-02-12,19.57,8.0254325991921,8.631907761904762,0.0287612496644295,30.852334890645583,71.51903144414894,7.713125691153647,12.883795520987654,0.028206343365253,2,2,0,0,0.8660254037844386,0.5000000000000001
2025-02-13,18.96,6.113984274438056,8.249969194444445,0.031118752,32.12470890450928,74.06085417333334,8.787011401554404,9.25620844638404,0.0272292320217096,2,3,0,0,0.8660254037844386,0.5000000000000001
2025-02-14,17.85,7.170719691745036,7.713990990074442,0.0315477034574468,36.50700552047556,66.63855773333333,8.81873243554163,9.28217767839196,0.031116390946502,2,4,0,0,0.8660254037844386,0.5000000000000001
2025-02-15,19.05,7.506222988821611,8.041239726817043,0.028818499334221,38.11034798013245,71.77314248395722,6.322367659079151,11.149359562189057,0.0294966680497925,2,5,1,0,0.8660254037844386,0.5000000000000001
2025-02-16,20.01,5.4325346787592,7.394378453865336,0.0310768825100133,35.711934118037135,69.8398310802139,7.22557793040293,7.799048957393484,0.0277598140495867,2,6,1,0,0.8660254037844386,0.5000000000000001
2025-02-17,18.72,5.482275772727273,7.470555189526184,0.033209944,33.84424189006622,63.1691843458445,8.464607032152843,7.683321920199502,0.0285250776566757,2,0,0,0,0.8660254037844386,0.5000000000000001
2025-02-18,18.56,5.73592975044405,7.57342386,0.0310827840314136,32.13453420712401,61.97543485866667,6.765467361845516,8.9044919201995,0.0265926489071038,2,1,0,0,0.8660254037844386,0.5000000000000001
2025-02-19,18.01,5.7591967851542085,8.8203498975,0.0295372138200782,28.942255380263155,62.502705538666675,6.633017984872196,7.488489625935162,0.0258885061391541,2,2,0,0,0.8660254037844386,0.5000000000000001
2025-02-20,17.29,5.946608285938316,8.239254106435643,0.0314192393822393,30.35565063123359,63.81573433421751,7.081124155643739,7.43775130075188,0.0290137051630434,2,3,0,0,0.8660254037844386,0.5000000000000001
2025-02-21,16.39,6.405784223950967,8.716957378109454,0.0330755038167938,33.95522316535433,58.07761461904762,5.905095270072993,7.336929874371859,0.0288254174624829,2,4,0,0,0.8660254037844386,0.5000000000000001
2025-02-22,17.14,8.4475874109375,10.142659491315136,0.0335044782608695,37.63993893412385,55.377885682666665,6.697589446697868,9.639745972292191,0.0293927462277091,2,5,1,0,0.8660254037844386,0.5000000000000001
2025-02-23,18.26,9.36641331056227,10.2731276275,0.0339992256410256,44.098263393139845,55.40228568533334,6.891584991545327,9.738225876884425,0.0288690326975476,2,6,1,0,0.8660254037844386,0.5000000000000001
2025-02-24,16.72,8.253236395128551,11.987041977667497,0.0343069590792838,49.27824510671937,55.96173913297873,7.303054173187272,8.631907761904762,0.0294622516823687,2,0,0,0,0.8660254037844386,0.5000000000000001
2025-02-25,16.36,7.384263269150052,11.869331002475247,0.0335724262295082,50.4516647654809,54.938851736,7.877497720942408,8.249969194444445,0.0287612496644295,2,1,0,0,0.8660254037844386,0.5000000000000001
2025-02-26,15.86,8.009968905937992,11.404111774752476,0.0354207632552404,49.243334028871395,54.800994201058195,8.0254325991921,7.713990990074442,0.031118752,2,2,0,0,0.8660254037844386,0.5000000000000001
2025-02-27,15.36,8.255566098921706,10.89905575,0.0345309390986601,49.21219759264126,51.2864079469496,6.113984274438056,8.041239726817043,0.0315477034574468,2,3,0,0,0.8660254037844386,0.5000000000000001
2025-02-28,14.9,5.915639145454545,10.444169466666668,0.0367761050691244,49.53244354986876,45.93603606349206,7.170719691745036,7.394378453865336,0.028818499334221,2,4,0,0,0.8660254037844386,0.5000000000000001
2025-03-01,15.68,6.3849623699843665,7.531687236318408,0.0388969944802207,47.13169810602094,50.45992890957447,7.506222988821611,7.470555189526184,0.0310768825100133,3,5,1,1,1.0,6.123233995736766e-17
2025-03-02,16.96,5.944620587560653,5.734382614427861,0.0371303649769585,43.64510147043364,51.644422957219255,5.4325346787592,7.57342386,0.033209944,3,6,1,1,1.0,6.123233995736766e-17
2025-03-03,15.95,7.982869030366492,8.150618828358208,0.0356984459833795,44.989285334645665,56.216537064,5.482275772727273,8.8203498975,0.0310827840314136,3,0,0,1,1.0,6.123233995736766e-17
2025-03-04,15.65,8.375453279496591,8.288408273869347,0.0368299474654377,47.04351121100917,62.75942049735449,5.73592975044405,8.239254106435643,0.0295372138200782,3,1,0,1,1.0,6.123233995736766e-17
2025-03-05,15.51,5.377263865974516,7.472391059701493,0.0345630861111111,45.67838519371728,69.39245214550265,5.7591967851542085,8.716957378109454,0.0314192393822393,3,2,0,1,1.0,6.123233995736766e-17
2025-03-06,15.17,4.407593058608059,6.471614630272953,0.0351610593607305,43.09768229388816,66.7973937480315,5.946608285938316,10.142659491315136,0.0330755038167938,3,3,0,1,1.0,6.123233995736766e-17
2025-03-07,14.48,5.6619936772349275,7.357862488833747,0.0355170822669104,43.32920009114583,61.48234520472441,6.405784223950967,10.2731276275,0.0335044782608695,3,4,0,1,1.0,6.123233995736766e-17
2025-03-08,15.29,6.135386304367201,6.83961108478803,0.035126549862763,43.25821748955614,58.068601076517155,8.4475874109375,11.987041977667497,0.0339992256410256,3,5,1,1,1.0,6.123233995736766e-17
2025-03-09,16.41,5.561164642519685,7.834219577114427,0.0348387472527472,46.11394118252934,49.99306073878627,9.36641331056227,11.869331002475247,0.0343069590792838,3,6,1,1,1.0,6.123233995736766e-17
2025-03-10,15.06,6.080510525539758,11.114228576732671,0.0375945745654162,50.328709070404166,45.755132760526315,8.253236395128551,11.404111774752476,0.0335724262295082,3,0,0,1,1.0,6.123233995736766e-17
2025-03-11,14.81,6.690526998122066,10.03129835235732,0.0412506556776556,51.24883612239583,49.00895623157894,7.384263269150052,10.89905575,0.0354207632552404,3,1,0,1,1.0,6.123233995736766e-17
2025-03-12,14.54,6.578119771920668,7.985979260545906,0.0404463406392694,51.15158929947916,55.74083865789474,8.009968905937992,10.444169466666668,0.0345309390986601,3,2,0,1,1.0,6.123233995736766e-17
2025-03-13,14.16,8.861279998950131,7.974074009876543,0.0402454863387978,50.61683287890625,62.29890309210526,8.255566098921706,7.531687236318408,0.0367761050691244,3,3,0,1,1.0,6.123233995736766e-17
2025-03-14,13.45,10.661894401223776,6.7657265173267325,0.0398513827272727,49.27536160104302,65.1623475171504,5.915639145454545,5.734382614427861,0.0388969944802207,3,4,0,1,1.0,6.123233995736766e-17
2025-03-15,14.36,10.102254161741834,5.0733523525,0.0359529523373052,48.24853372834646,67.19716521485411,6.3849623699843665,8.150618828358208,0.0371303649769585,3,5,1,1,1.0,6.123233995736766e-17
2025-03-16,15.06,5.5478138565466875,5.257726577114428,0.0339057102115915,48.86788442388451,60.71528037665783,5.944620587560653,8.288408273869347,0.0356984459833795,3,6,1,1,1.0,6.123233995736766e-17
2025-03-17,13.69,4.57665821611551,6.759775582309582,0.0353447099725526,50.8105172007874,56.43886099734747,7.982869030366492,7.472391059701493,0.0368299474654377,3,0,0,1,1.0,6.123233995736766e-17
2025-03-18,13.47,5.67729598025974,6.996581431034483,0.0382111896551724,49.60460383159269,54.32656134564643,8.375453279496591,6.471614630272953,0.0345630861111111,3,1,0,1,1.0,6.123233995736766e-17
2025-03-19,13.25,6.301693204604919,8.065175024509804,0.0385432404371584,48.352773015625,51.41716056613757,5.377263865974516,7.357862488833747,0.0351610593607305,3,2,0,1,1.0,6.123233995736766e-17
2025-03-20,13.1,4.6547296663705024,7.478459756690998,0.03517814,46.12540924479166,53.003998733509235,4.407593058608059,6.83961108478803,0.0355170822669104,3,3,0,1,1.0,6.123233995736766e-17
2025-03-21,12.53,4.582985233820459,7.9282089829268285,0.0381929475138121,48.292557061277705,48.76738236243386,5.6619936772349275,7.834219577114427,0.035126549862763,3,4,0,1,1.0,6.123233995736766e-17
2025-03-22,13.36,5.407103781903766,6.994489754385964,0.0395100573543015,50.93830497229551,52.1438395,6.135386304367201,11.114228576732671,0.0348387472527472,3,5,1,1,1.0,6.123233995736766e-17
2025-03-23,14.14,5.644464605692954,5.4611683341772155,0.0370042919369786,51.24528860079051,55.181476306451614,5.561164642519685,10.03129835235732,0.0375945745654162,3,6,1,1,1.0,6.123233995736766e-17
2025-03-24,13.14,5.5665202,8.610094620098039,0.0339565874316939,54.7320392290576,56.43950286772487,6.080510525539758,7.985979260545906,0.0412506556776556,3,0,0,1,1.0,6.123233995736766e-17
2025-03-25,12.89,5.6079806911458325,8.825365916461918,0.0364134257064722,56.46649485006518,52.34685032804232,6.690526998122066,7.974074009876543,0.0404463406392694,3,1,0,1,1.0,6.123233995736766e-17
2025-03-26,12.76,6.131543796175576,7.935357100244499,0.0362699592021758,55.62273776692709,52.21981893915344,6.578119771920668,6.7657265173267325,0.0402454863387978,3,2,0,1,1.0,6.123233995736766e-17
2025-03-27,12.3,6.672004058307534,8.027577424390245,0.0397222094288304,56.19112603120936,50.70095484432718,8.861279998950131,5.0733523525,0.0398513827272727,3,3,0,1,1.0,6.123233995736766e-17
2025-03-28,12.08,8.420849339999998,7.525667953658536,0.0407245736224028,56.48761555006502,56.03297258575198,10.661894401223776,5.257726577114428,0.0359529523373052,3,4,0,1,1.0,6.123233995736766e-17
2025-03-29,12.6,8.808728368227731,5.229610879606879,0.0372034394213381,54.44574882790091,64.42244519312169,10.102254161741834,6.759775582309582,0.0339057102115915,3,5,1,1,1.0,6.123233995736766e-17
2025-03-30,13.34,6.983814020661157,4.232655555831266,0.0335655824468085,52.63607672774869,68.769434448,5.5478138565466875,6.996581431034483,0.0353447099725526,3,6,1,1,1.0,6.123233995736766e-17
2025-03-31,12.46,5.352618100888656,5.630856395121952,0.0338526297577854,51.46936212026144,69.91257488594165,4.57665821611551,8.065175024509804,0.0382111896551724,3,0,0,1,1.0,6.123233995736766e-17
2025-04-01,12.23,5.463844705510388,5.174890182741117,0.0360009284467713,49.008381146052635,64.035309048,5.67729598025974,7.478459756690998,0.0385432404371584,4,1,0,1,0.8660254037844387,-0.49999999999999983
2025-04-02,12.16,6.102574535562633,5.460580361538462,0.0342341417391304,50.24066640735874,61.469154177718835,6.301693204604919,7.9282089829268285,0.03517814,4,2,0,1,0.8660254037844387,-0.49999999999999983
2025-04-03,11.79,6.003248497340425,6.220246751269036,0.0318044514435695,51.412689683311434,67.69676455408971,4.6547296663705024,6.994489754385964,0.0381929475138121,4,3,0,1,0.8660254037844387,-0.49999999999999983
2025-04-04,11.13,5.9227542336802275,6.334586324937027,0.0323160894874022,51.409205312252965,63.93877416622691,4.582985233820459,5.4611683341772155,0.0395100573543015,4,4,0,1,0.8660254037844387,-0.49999999999999983
2025-04-05,11.81,5.38569398042328,5.148289207594937,0.034306318815331,50.07646435046113,59.70150266490765,5.407103781903766,8.610094620098039,0.0370042919369786,4,5,1,1,0.8660254037844387,-0.49999999999999983
2025-04-06,12.64,4.63880841728526,5.262364890025576,0.0363126611208406,49.58438510540184,53.8420719762533,5.644464605692954,8.825365916461918,0.0339565874316939,4,6,1,1,0.8660254037844387,-0.49999999999999983
2025-04-07,11.97,4.805623178076063,7.492524484771573,0.0363050156794425,50.45623309486166,54.539204823219,5.5665202,7.935357100244499,0.0364134257064722,4,0,0,1,0.8660254037844387,-0.49999999999999983
2025-04-08,11.75,5.0077159184434965,7.601007420253165,0.0394732828546562,51.43959668906456,48.51941629551452,5.6079806911458325,8.027577424390245,0.0362699592021758,4,1,0,1,0.8660254037844387,-0.49999999999999983
2025-04-09,11.66,6.329675791666667,8.625536402035623,0.041674944250871,54.92308855190539,45.96035033068783,6.131543796175576,7.525667953658536,0.0397222094288304,4,2,0,1,0.8660254037844387,-0.49999999999999983
2025-04-10,11.46,7.767282303030303,8.971274167088607,0.0417837594050743,57.278419718586385,49.90369140105541,6.672004058307534,5.229610879606879,0.0407245736224028,4,3,0,1,0.8660254037844387,-0.49999999999999983
2025-04-11,11.04,7.226394335269271,8.443770254452927,0.0400956026200873,58.42237919764398,51.29381786243386,8.420849339999998,4.232655555831266,0.0372034394213381,4,4,0,1,0.8660254037844387,-0.49999999999999983
2025-04-12,11.71,7.009693277836691,6.442849255754475,0.042227736196319,57.635987054973825,51.02094523809525,8.808728368227731,5.630856395121952,0.0335655824468085,4,5,1,1,0.8660254037844387,-0.49999999999999983
2025-04-13,12.53,6.60155697564276,4.968002982142857,0.0424004078947368,57.80342975,48.51476757671958,6.983814020661157,5.174890182741117,0.0338526297577854,4,6,1,1,0.8660254037844387,-0.49999999999999983
2025-04-14,11.73,6.904575024390244,7.437709134177216,0.0422037815789473,58.558616231675394,46.207313452380944,5.352618100888656,5.460580361538462,0.0360009284467713,4,0,0,1,0.8660254037844387,-0.49999999999999983
2025-04-15,11.7,6.044746096398305,6.60838909390863,0.0387918108581436,57.45937355176933,47.61690731299735,5.463844705510388,6.220246751269036,0.0342341417391304,4,1,0,1,0.8660254037844387,-0.49999999999999983
2025-04-16,11.55,6.08257351206815,6.052126672588833,0.0407388293963254,57.25854588089005,47.00866433597884,6.102574535562633,6.334586324937027,0.0318044514435695,4,2,0,1,0.8660254037844387,-0.49999999999999983
2025-04-17,11.13,7.274276832189973,6.100018218829516,0.0418498372703412,55.664289384313726,55.77253473015873,6.003248497340425,5.148289207594937,0.0323160894874022,4,3,0,1,0.8660254037844387,-0.49999999999999983
2025-04-18,11.0,8.904176774432118,5.808056943877552,0.0418397187772925,55.69803758562091,58.096808976190474,5.9227542336802275,5.262364890025576,0.034306318815331,4,4,0,1,0.8660254037844387,-0.49999999999999983
2025-04-19,11.48,8.786154700662252,4.796360627249357,0.0372165344978165,56.336442959477125,58.35330761904762,5.38569398042328,7.492524484771573,0.0363126611208406,4,5,1,1,0.8660254037844387,-0.49999999999999983
2025-04-20,12.26,6.3405931566455696,4.329262816062176,0.037868801051709,57.66741112026144,53.116801735449734,4.63880841728526,7.601007420253165,0.0363050156794425,4,6,1,1,0.8660254037844387,-0.49999999999999983
2025-04-21,11.69,5.91432569883351,6.758236498721228,0.0379136722319859,58.51848956544502,52.84140875661376,4.805623178076063,8.625536402035623,0.0394732828546562,4,0,0,1,0.8660254037844387,-0.49999999999999983
2025-04-22,11.34,6.552381529078014,7.276118005089058,0.0397041843722563,60.32712963006536,52.40403103174604,5.0077159184434965,8.971274167088607,0.041674944250871,4,1,0,1,0.8660254037844387,-0.49999999999999983
2025-04-23,11.25,7.018994889182058,7.32928536061381,0.0400335854513584,60.74697033986928,51.761043782493374,6.329675791666667,8.443770254452927,0.0417837594050743,4,2,0,1,0.8660254037844387,-0.49999999999999983
2025-04-24,11.14,8.071383546560847,7.348879176923077,0.0398782589363557,60.32721906405229,58.15656175066313,7.767282303030303,6.442849255754475,0.0400956026200873,4,3,0,1,0.8660254037844387,-0.49999999999999983
2025-04-25,10.85,7.188498289841987,6.050305270618557,0.0363039441535776,59.88572206405229,62.567082938829785,7.226394335269271,4.968002982142857,0.042227736196319,4,4,0,1,0.8660254037844387,-0.49999999999999983
2025-04-26,11.22,5.777843995197439,4.075246325520833,0.0357693052631579,58.85608070904325,64.32286677659575,7.009693277836691,7.437709134177216,0.0424004078947368,4,5,1,1,0.8660254037844387,-0.49999999999999983
2025-04-27,11.99,5.3567088940860215,3.5885536736292427,0.0366020736842105,58.460810799212595,57.619576896000005,6.60155697564276,6.60838909390863,0.0422037815789473,4,6,1,1,0.8660254037844387,-0.49999999999999983
2025-04-28,11.11,6.020663842685852,5.8540655155440415,0.038292924759405,60.5699179921466,56.058960611702126,6.904575024390244,6.052126672588833,0.0387918108581436,4,0,0,1,0.8660254037844387,-0.49999999999999983
2025-04-29,11.04,6.4717700359249335,6.04375557622739,0.0371501850877193,62.11853457984294,57.23954371276596,6.044746096398305,6.100018218829516,0.0407388293963254,4,1,0,1,0.8660254037844387,-0.49999999999999983
2025-04-30,10.84,5.900697973441734,5.757048581395349,0.0357176079447323,60.65093568947368,59.81034693066667,6.08257351206815,5.808056943877552,0.0418498372703412,4,2,0,1,0.8660254037844387,-0.49999999999999983
2025-05-01,10.59,6.4409609856823264,6.26943952685422,0.0380954551724137,61.10670326240209,59.11809853926702,7.274276832189973,4.796360627249357,0.0418397187772925,5,3,0,1,0.49999999999999994,-0.8660254037844387
2025-05-02,10.3,6.599480635927506,6.322508012886598,0.0376672157031924,61.66528736197916,59.00258381201044,8.904176774432118,4.329262816062176,0.0372165344978165,5,4,0,1,0.49999999999999994,-0.8660254037844387
2025-05-03,10.84,5.509956571888412,4.733064185863874,0.0358162160760587,60.896423739243815,60.02644226631854,8.786154700662252,6.758236498721228,0.037868801051709,5,5,1,1,0.49999999999999994,-0.8660254037844387
2025-05-04,11.59,4.693528551657857,4.122028104712042,0.0343369852558542,59.62373457627118,63.61165598694517,6.3405931566455696,7.276118005089058,0.0379136722319859,5,6,1,1,0.49999999999999994,-0.8660254037844387
2025-05-05,10.94,5.1745589453669,5.657856700258398,0.0342669396551724,58.08968231901042,68.09360121354167,5.91432569883351,7.32928536061381,0.0397041843722563,5,0,0,1,0.49999999999999994,-0.8660254037844387
2025-05-06,10.72,5.718334893390192,6.1915727493540045,0.0343101119724375,58.3252422946545,68.52002580678851,6.552381529078014,7.348879176923077,0.0400335854513584,5,1,0,1,0.49999999999999994,-0.8660254037844387
2025-05-07,10.58,5.8877811507720255,6.591284271794873,0.0351149956784788,61.029981140808346,63.13787919060052,7.018994889182058,6.050305270618557,0.0398782589363557,5,2,0,1,0.49999999999999994,-0.8660254037844387
2025-05-08,10.34,5.9468110471092075,7.15442094132653,0.0370107446074201,63.45114441851369,58.26281030208333,8.071383546560847,4.075246325520833,0.0363039441535776,5,3,0,1,0.49999999999999994,-0.8660254037844387
2025-05-09,10.24,5.71749981745182,6.957819317010309,0.0382437981099656,64.25519707431552,53.12671886979167,7.188498289841987,3.5885536736292427,0.0357693052631579,5,4,0,1,0.49999999999999994,-0.8660254037844387
2025-05-10,10.55,5.8362463334925945,5.817604512953368,0.0414605159345391,66.08597489178618,45.127217789062506,5.777843995197439,5.8540655155440415,0.0366020736842105,5,5,1,1,0.49999999999999994,-0.8660254037844387
2025-05-11,11.53,5.810748351901446,5.0084757057291664,0.0424369111302847,66.4308963637549,43.71882397135417,5.3567088940860215,6.04375557622739,0.038292924759405,5,6,1,1,0.49999999999999994,-0.8660254037844387
2025-05-12,11.09,6.06333355465805,6.410707902313625,0.04118587166236,66.54036102349869,50.66037733854167,6.020663842685852,5.757048581395349,0.0371501850877193,5,0,0,1,0.49999999999999994,-0.8660254037844387
2025-05-13,10.88,5.911788546924114,5.342435876606683,0.0390028143350604,64.73106617885118,60.21021670496083,6.4717700359249335,6.26943952685422,0.0357176079447323,5,1,0,1,0.49999999999999994,-0.8660254037844387
2025-05-14,10.65,6.384195467948718,5.344541976923077,0.0379228761904761,63.89817476078431,62.62584907552084,5.900697973441734,6.322508012886598,0.0380954551724137,5,2,0,1,0.49999999999999994,-0.8660254037844387
2025-05-15,10.33,7.585345729817008,6.0227025835475585,0.0370243040482342,65.18807705483029,60.13234955584416,6.4409609856823264,4.733064185863874,0.0376672157031924,5,3,0,1,0.49999999999999994,-0.8660254037844387
2025-05-16,9.97,8.129678305797102,6.127454435897436,0.037198414507772,66.46345792015707,57.755696913838115,6.599480635927506,4.122028104712042,0.0358162160760587,5,4,0,1,0.49999999999999994,-0.8660254037844387
2025-05-17,10.48,6.139404363834422,3.910005212435233,0.0349853877374784,64.83322314210527,58.44037968766405,5.509956571888412,5.657856700258398,0.0343369852558542,5,5,1,1,0.49999999999999994,-0.8660254037844387
2025-05-18,11.13,5.20938641388737,3.029693062176166,0.0324560250865051,62.794622383399215,60.610791468586385,4.693528551657857,6.1915727493540045,0.0342669396551724,5,6,1,1,0.49999999999999994,-0.8660254037844387
2025-05-19,10.64,5.733113993569132,4.497016527131783,0.0327473824804856,61.86968580865006,58.121607026178005,5.1745589453669,6.591284271794873,0.0343101119724375,5,0,0,1,0.49999999999999994,-0.8660254037844387
2025-05-20,10.57,5.510109945770065,5.522391665803109,0.033364731707317,62.71735290909091,54.232980316622694,5.718334893390192,7.15442094132653,0.0351149956784788,5,1,0,1,0.49999999999999994,-0.8660254037844387
2025-05-21,10.6,4.969746894194248,6.423958764857881,0.0345245369886858,63.42390839973788,54.44533065445027,5.8877811507720255,6.957819317010309,0.0370107446074201,5,2,0,1,0.49999999999999994,-0.8660254037844387
2025-05-22,10.29,4.66676775060183,5.983696126943006,0.0349353339115351,64.40018438481675,54.741481308093995,5.9468110471092075,5.817604512953368,0.0382437981099656,5,3,0,1,0.49999999999999994,-0.8660254037844387
2025-05-23,9.98,4.868298290460879,5.510158229591837,0.03466749004329,64.85593454237289,53.94233380729167,5.71749981745182,5.0084757057291664,0.0414605159345391,5,4,0,1,0.49999999999999994,-0.8660254037844387
2025-05-24,10.47,5.1463763470588235,4.102617375959079,0.0336866626086956,65.19945134550196,55.910042640625,5.8362463334925945,6.410707902313625,0.0424369111302847,5,5,1,1,0.49999999999999994,-0.8660254037844387
2025-05-25,11.01,5.8511546798029554,3.5259693118556696,0.0336763692441355,65.16202935509138,57.9072081171875,5.810748351901446,5.342435876606683,0.04118587166236,5,6,1,1,0.49999999999999994,-0.8660254037844387
2025-05-26,11.67,5.252461268135411,4.068783829842932,0.0344785483870967,65.09417877806789,57.24224094010416,6.06333355465805,5.344541976923077,0.0390028143350604,5,0,0,1,0.49999999999999994,-0.8660254037844387
2025-05-27,10.55,5.3051002513397645,6.185790169665809,0.0343809151515151,66.37001545691906,57.496144937336815,5.911788546924114,6.0227025835475585,0.0379228761904761,5,1,0,1,0.49999999999999994,-0.8660254037844387
2025-05-28,10.42,5.152542791885442,6.43973369250646,0.0322837419913419,66.43906427308193,61.53195811458334,6.384195467948718,6.127454435897436,0.0370243040482342,5,2,0,1,0.49999999999999994,-0.8660254037844387
2025-05-29,10.17,6.011845520172136,6.560095035714285,0.0336073830888697,67.83570199609375,61.39917557552083,7.585345729817008,3.910005212435233,0.037198414507772,5,3,0,1,0.49999999999999994,-0.8660254037844387
2025-05-30,9.83,7.086299903225806,6.877869211734693,0.0386856614853195,70.19811460574412,55.808879348958335,8.129678305797102,3.029693062176166,0.0349853877374784,5,4,0,1,0.49999999999999994,-0.8660254037844387
2025-05-31,10.33,7.974288848638671,4.874037097435897,0.0392074044843049,70.02989184031414,52.34582010677084,6.139404363834422,4.497016527131783,0.0324560250865051,5,5,1,1,0.49999999999999994,-0.8660254037844387
2025-06-01,10.73,7.511273073888889,4.667042987046632,0.0372445965858041,69.445600780027,49.51549412328767,5.20938641388737,5.522391665803109,0.0327473824804856,6,6,1,2,1.2246467991473532e-16,-1.0
2025-06-02,10.09,8.041310600440287,6.64152663496144,0.0406545802690582,68.27600631359354,53.32040773424657,5.733113993569132,6.423958764857881,0.033364731707317,6,0,0,2,1.2246467991473532e-16,-1.0
2025-06-03,9.8,10.227742804914003,6.577004167525773,0.0411144573225516,68.13251338575269,56.276790153005464,5.510109945770065,5.983696126943006,0.0345245369886858,6,1,0,2,1.2246467991473532e-16,-1.0
2025-06-04,9.74,12.37802868032787,6.23234876744186,0.0389958639212175,68.34748618120805,58.50093605177111,4.969746894194248,5.510158229591837,0.0349353339115351,6,2,0,2,1.2246467991473532e-16,-1.0
2025-06-05,9.54,12.589045829162131,6.232119921671019,0.0361247199281867,69.50420678120805,61.64805726575343,4.66676775060183,4.102617375959079,0.03466749004329,6,3,0,2,1.2246467991473532e-16,-1.0
2025-06-06,9.22,11.75787497120658,5.997696813953488,0.0356748146821844,70.83331343967829,61.12439491780822,4.868298290460879,3.5259693118556696,0.0336866626086956,6,4,0,2,1.2246467991473532e-16,-1.0
2025-06-07,9.61,12.289947058951968,4.825394440414508,0.035452828391734,72.44216411155914,57.941678493112946,5.1463763470588235,4.068783829842932,0.0336763692441355,6,5,1,2,1.2246467991473532e-16,-1.0
2025-06-08,10.1,12.651196209721464,4.185995206718347,0.034993708370837,72.16665264555256,58.02539083149172,5.8511546798029554,6.185790169665809,0.0344785483870967,6,6,1,2,1.2246467991473532e-16,-1.0
2025-06-09,9.43,10.15376081769306,5.708070730077122,0.0336697768817204,72.10199022207267,56.00938637292818,5.252461268135411,6.43973369250646,0.0343809151515151,6,0,0,2,1.2246467991473532e-16,-1.0
2025-06-10,9.15,9.887858627995644,6.337065578005115,0.03522763652641,72.84821759299192,54.62183108888889,5.3051002513397645,6.560095035714285,0.0322837419913419,6,1,0,2,1.2246467991473532e-16,-1.0
2025-06-11,9.05,12.277135513631409,6.732787953964194,0.0412583577817531,73.30423168513514,53.1187699,5.152542791885442,6.877869211734693,0.0336073830888697,6,2,0,2,1.2246467991473532e-16,-1.0
2025-06-12,8.83,13.920680145446097,6.403775214285714,0.0387465973214285,72.85775546955345,53.80987129329609,6.011845520172136,4.874037097435897,0.0386856614853195,6,3,0,2,1.2246467991473532e-16,-1.0
2025-06-13,8.64,11.11866133224401,5.767237312020461,0.0334863270609319,72.70043556738544,54.26492900554017,7.086299903225806,4.667042987046632,0.0392074044843049,6,4,0,2,1.2246467991473532e-16,-1.0
2025-06-14,9.1,9.141283092997812,4.417068928205128,0.0318162219227313,72.91706070850204,55.44551583844011,7.974288848638671,6.64152663496144,0.0372445965858041,6,5,1,2,1.2246467991473532e-16,-1.0
2025-06-15,9.47,7.302461600098136,4.24481693814433,0.0320828910891089,73.80227806224627,52.48350543575419,7.511273073888889,6.577004167525773,0.0406545802690582,6,6,1,2,1.2246467991473532e-16,-1.0
2025-06-16,8.83,6.968926579757976,6.26112565374677,0.0334297767776777,74.20348806621621,52.41062462849162,8.041310600440287,6.23234876744186,0.0411144573225516,6,0,0,2,1.2246467991473532e-16,-1.0
2025-06-17,8.68,6.2848832490400435,5.657593689119172,0.0317601393884892,74.5396863414305,54.402444272980496,10.227742804914003,6.232119921671019,0.0389958639212175,6,1,0,2,1.2246467991473532e-16,-1.0
2025-06-18,8.6,6.638238380668804,5.831138097938144,0.0328482522522522,75.37261902291105,55.02224626815643,12.37802868032787,5.997696813953488,0.0361247199281867,6,2,0,2,1.2246467991473532e-16,-1.0
2025-06-19,8.51,6.604170379989065,5.364405930232558,0.0370521763110307,76.96297444999999,51.999771,12.589045829162131,4.825394440414508,0.0356748146821844,6,3,0,2,1.2246467991473532e-16,-1.0
2025-06-20,8.18,7.487928998360656,5.147457418848167,0.0376062872628726,76.22759377432432,48.17888048459384,11.75787497120658,4.185995206718347,0.035452828391734,6,4,0,2,1.2246467991473532e-16,-1.0
2025-06-21,8.47,8.979212032226563,3.985766436842105,0.035837046237534,74.56380600809716,50.44553577437326,12.289947058951968,5.708070730077122,0.034993708370837,6,5,1,2,1.2246467991473532e-16,-1.0
2025-06-22,8.94,9.022284867213116,3.5056151394736843,0.0313729379562043,73.14045818378379,54.0268648575419,12.651196209721464,6.337065578005115,0.0336697768817204,6,6,1,2,1.2246467991473532e-16,-1.0
2025-06-23,8.27,9.531105450657895,5.156702437172775,0.0334548444846292,74.20359212972973,53.42336291876751,10.15376081769306,6.732787953964194,0.03522763652641,6,0,0,2,1.2246467991473532e-16,-1.0
2025-06-24,8.02,9.518947542897328,5.929551477690289,0.034454059891107,75.49842429824561,53.83019605849582,9.887858627995644,6.403775214285714,0.0412583577817531,6,1,0,2,1.2246467991473532e-16,-1.0
2025-06-25,7.96,8.418541218681318,6.2962014414893615,0.0352079674208144,74.88721836962365,54.787294933333335,12.277135513631409,5.767237312020461,0.0387465973214285,6,2,0,2,1.2246467991473532e-16,-1.0
2025-06-26,7.85,7.281656751929438,6.191859965789473,0.0352203938572719,74.4398714845222,53.39979024233983,13.920680145446097,4.417068928205128,0.0334863270609319,6,3,0,2,1.2246467991473532e-16,-1.0
2025-06-27,7.76,6.829924143559489,5.7003662189973605,0.0340054531531531,75.58009414285715,52.67424680392156,11.11866133224401,4.24481693814433,0.0318162219227313,6,4,0,2,1.2246467991473532e-16,-1.0
2025-06-28,7.93,6.261399787629995,4.7802968297872335,0.0337274214801444,76.24500937516869,53.06996954061624,9.141283092997812,6.26112565374677,0.0320828910891089,6,5,1,2,1.2246467991473532e-16,-1.0
2025-06-29,8.34,6.545848496681416,4.447189005347593,0.0334195725952813,76.96361191316147,51.83558779661017,7.302461600098136,5.657593689119172,0.0334297767776777,6,6,1,2,1.2246467991473532e-16,-1.0
2025-06-30,7.86,7.159248283457249,5.722647420212766,0.0354642697841726,77.00358130499325,52.56110731197772,6.968926579757976,5.831138097938144,0.0317601393884892,6,0,0,2,1.2246467991473532e-16,-1.0
2025-07-01,7.84,7.867341159650516,6.24860600729927,0.0350850906801007,78.37805360125262,55.7367979879518,6.2848832490400435,5.364405930232558,0.0328482522522522,7,1,0,2,-0.4999999999999998,-0.8660254037844388
2025-07-02,7.79,7.839448348929421,6.2086997737226275,0.0354242839195979,78.186825,56.742731341365456,6.638238380668804,5.147457418848167,0.0370521763110307,7,2,0,2,-0.4999999999999998,-0.8660254037844388
2025-07-03,7.43,9.119948195418754,6.032489422794118,0.0357334291091593,77.1175886964657,57.73237795983936,6.604170379989065,3.985766436842105,0.0376062872628726,7,3,0,2,-0.4999999999999998,-0.8660254037844388
2025-07-04,7.64,13.552680103205631,4.647847213483146,0.0350083006289308,76.74239042619543,55.93733265060241,7.487928998360656,3.5056151394736843,0.035837046237534,7,4,0,2,-0.4999999999999998,-0.8660254037844388
2025-07-05,7.79,12.997643791862284,4.496563563432836,0.0370007704918032,77.42167697089397,53.285600008,8.979212032226563,5.156702437172775,0.0313729379562043,7,5,1,2,-0.4999999999999998,-0.8660254037844388
2025-07-06,8.2,9.66564157538036,4.292286754716981,0.0335317835443038,78.54597383367984,53.898455296,9.022284867213116,5.929551477690289,0.0334548444846292,7,6,1,2,-0.4999999999999998,-0.8660254037844388
2025-07-07,7.66,8.706533337610264,5.443372644444445,0.0305840974683544,78.86297054469854,56.53015561693548,9.531105450657895,6.2962014414893615,0.034454059891107,7,0,0,2,-0.4999999999999998,-0.8660254037844388
2025-07-08,7.59,8.859901405668017,6.581907397058823,0.0325218761061946,79.19149420000001,54.196931610441766,9.518947542897328,6.191859965789473,0.0352079674208144,7,1,0,2,-0.4999999999999998,-0.8660254037844388
2025-07-09,7.56,8.054583998549672,6.8078974481481485,0.0332529570164348,79.2667838079332,54.0406981686747,8.418541218681318,5.7003662189973605,0.0352203938572719,7,2,0,2,-0.4999999999999998,-0.8660254037844388
2025-07-10,7.42,8.320248200160128,6.325022507462687,0.0342037808564231,79.45263574321503,54.131668181451616,7.281656751929438,4.7802968297872335,0.0340054531531531,7,3,0,2,-0.4999999999999998,-0.8660254037844388
2025-07-11,7.28,8.9534098904,5.758473230483271,0.0350915944931164,79.15429202301254,56.811780882591094,6.829924143559489,4.447189005347593,0.0337274214801444,7,4,0,2,-0.4999999999999998,-0.8660254037844388
2025-07-12,7.64,8.713060908965517,4.526318126394052,0.0331586418663303,78.78326331512605,59.99935374693878,6.261399787629995,5.722647420212766,0.0334195725952813,7,5,1,2,-0.4999999999999998,-0.8660254037844388
2025-07-13,7.85,8.167092748,4.343857958490566,0.0325552860759493,79.01755450840336,58.71503650406504,6.545848496681416,6.24860600729927,0.0354642697841726,7,6,1,2,-0.4999999999999998,-0.8660254037844388
2025-07-14,7.47,9.342138730184148,6.140301925650558,0.0333996007556675,79.65998683647798,57.59153393927126,7.159248283457249,6.2086997737226275,0.0350850906801007,7,0,0,2,-0.4999999999999998,-0.8660254037844388
2025-07-15,7.42,10.07731031962482,5.968236148148148,0.0345844874686716,79.98439939166666,57.78512931325301,7.867341159650516,6.032489422794118,0.0354242839195979,7,1,0,2,-0.4999999999999998,-0.8660254037844388
2025-07-16,7.45,8.78608433148295,5.101484062730628,0.0321752553191489,79.38119330208333,60.132309666666664,7.839448348929421,4.647847213483146,0.0357334291091593,7,2,0,2,-0.4999999999999998,-0.8660254037844388
2025-07-17,7.35,7.44710303508772,5.2027095296296295,0.0313868316582914,78.38153472765073,59.5713261,9.119948195418754,4.496563563432836,0.0350083006289308,7,3,0,2,-0.4999999999999998,-0.8660254037844388
2025-07-18,7.09,6.358317360416667,5.300067383763837,0.0312047641154328,77.98010771933473,57.917875187251,13.552680103205631,4.292286754716981,0.0370007704918032,7,4,0,2,-0.4999999999999998,-0.8660254037844388
2025-07-19,7.37,6.319517995268138,4.32943584074074,0.0319821221662468,78.58229003950105,60.2902974,12.997643791862284,5.443372644444445,0.0335317835443038,7,5,1,2,-0.4999999999999998,-0.8660254037844388
2025-07-20,7.86,6.507815497607655,3.530065645283019,0.0305779596977329,79.41273782120582,59.296234836,9.66564157538036,6.581907397058823,0.0305840974683544,7,6,1,2,-0.4999999999999998,-0.8660254037844388
2025-07-21,7.46,9.198623291066282,4.526286781481481,0.0303357227101631,78.01060485862786,57.77095344223108,8.706533337610264,6.8078974481481485,0.0325218761061946,7,0,0,2,-0.4999999999999998,-0.8660254037844388
2025-07-22,7.54,8.34603711844197,4.957713453531599,0.0324361750629722,77.04559890852391,57.76457120318725,8.859901405668017,6.325022507462687,0.0332529570164348,7,1,0,2,-0.4999999999999998,-0.8660254037844388
2025-07-23,7.53,8.197727724603174,5.325359225092251,0.0354014037974683,77.81909287733889,56.898249064000005,8.054583998549672,5.758473230483271,0.0342037808564231,7,2,0,2,-0.4999999999999998,-0.8660254037844388
2025-07-24,7.48,8.53792675136612,5.894834156934307,0.0347036896984924,79.08543266112267,54.89362276494024,8.320248200160128,4.526318126394052,0.0350915944931164,7,3,0,2,-0.4999999999999998,-0.8660254037844388
2025-07-25,7.28,7.576920104559748,5.997214923076923,0.0329474528301886,78.75581038541667,56.02569116465863,8.9534098904,4.343857958490566,0.0331586418663303,7,4,0,2,-0.4999999999999998,-0.8660254037844388
2025-07-26,7.54,8.969157820126783,4.705457781818182,0.0316360113350125,78.27868308559499,55.23580659437751,8.713060908965517,6.140301925650558,0.0325552860759493,7,5,1,2,-0.4999999999999998,-0.8660254037844388
2025-07-27,8.05,8.416259415706051,4.2447772788104094,0.0294196510745891,79.00946421174005,56.804332558232936,8.167092748,5.968236148148148,0.0333996007556675,7,6,1,2,-0.4999999999999998,-0.8660254037844388
2025-07-28,7.55,7.9486387486166015,6.125943140740741,0.0310921637055837,80.56408807098121,55.38894774698795,9.342138730184148,5.101484062730628,0.0345844874686716,7,0,0,2,-0.4999999999999998,-0.8660254037844388
2025-07-29,7.68,8.609993023715415,6.864593500000001,0.0343299505076142,80.89961126834382,54.0229391659919,10.07731031962482,5.2027095296296295,0.0321752553191489,7,1,0,2,-0.4999999999999998,-0.8660254037844388
2025-07-30,7.66,9.518478128522338,6.805339514705882,0.0352469316455696,80.12514985146443,53.60041912955465,8.78608433148295,5.300067383763837,0.0313868316582914,7,2,0,2,-0.4999999999999998,-0.8660254037844388
2025-07-31,7.62,13.526273554509803,5.901254261029412,0.033472167709637,78.01172148837209,56.5552301352459,7.44710303508772,4.32943584074074,0.0312047641154328,7,3,0,2,-0.4999999999999998,-0.8660254037844388
2025-08-01,7.46,13.873913877161057,6.1590334913793106,0.0314835843621399,76.94030426041667,56.660533696629216,6.358317360416667,3.530065645283019,0.0319821221662468,8,4,0,2,-0.8660254037844384,-0.5000000000000004
2025-08-02,7.86,10.745846936170214,5.75488448051948,0.0317101975308642,76.2380405235602,53.75515468539326,6.319517995268138,4.526286781481481,0.0305779596977329,8,5,1,2,-0.8660254037844384,-0.5000000000000004
2025-08-03,8.34,11.534980932110091,5.51172063362069,0.0343552304526749,76.81597205263158,52.1751647740113,6.507815497607655,4.957713453531599,0.0303357227101631,8,6,1,2,-0.8660254037844384,-0.5000000000000004
2025-08-04,7.97,13.21455138751148,7.277912038626609,0.0354235102599179,77.24587378067885,51.298119254237285,9.198623291066282,5.325359225092251,0.0324361750629722,8,0,0,2,-0.8660254037844384,-0.5000000000000004
2025-08-05,8.11,13.580483371383892,7.623616314893616,0.0352621753424657,78.25335145169713,52.42659992134831,8.34603711844197,5.894834156934307,0.0354014037974683,8,1,0,2,-0.8660254037844384,-0.5000000000000004
2025-08-06,8.22,11.466744963336389,7.7682506794871795,0.0342508809849521,79.64257708115184,50.562146214689264,8.197727724603174,5.997214923076923,0.0347036896984924,8,2,0,2,-0.8660254037844384,-0.5000000000000004
2025-08-07,8.12,10.30879303492647,7.7464403093220335,0.0336307117486338,80.83439362924281,48.62890684831461,8.53792675136612,4.705457781818182,0.0329474528301886,8,3,0,2,-0.8660254037844384,-0.5000000000000004
2025-08-08,7.98,10.081401520231214,7.02532747008547,0.0337776666666666,80.4564018616188,48.72080656179775,7.576920104559748,4.2447772788104094,0.0316360113350125,8,4,0,2,-0.8660254037844384,-0.5000000000000004
2025-08-09,8.28,9.119271611775527,5.593817134199134,0.0336173622589531,79.65174547643979,51.39243267231638,8.969157820126783,6.125943140740741,0.0294196510745891,8,5,1,2,-0.8660254037844384,-0.5000000000000004
2025-08-10,8.86,8.976193969387756,5.014728826839827,0.0330762596153846,79.31266986125655,53.981550994350286,8.416259415706051,6.864593500000001,0.0310921637055837,8,6,1,2,-0.8660254037844384,-0.5000000000000004
2025-08-11,8.35,8.724246635048232,6.96315288362069,0.0319527548209366,80.05014552755905,55.065677954802254,7.9486387486166015,6.805339514705882,0.0343299505076142,8,0,0,2,-0.8660254037844384,-0.5000000000000004
2025-08-12,8.55,7.917186067655236,7.199291564655172,0.0316933746556473,80.74215349081365,56.29520084180791,8.609993023715415,5.901254261029412,0.0352469316455696,8,1,0,2,-0.8660254037844384,-0.5000000000000004
2025-08-13,8.65,8.20518277705828,6.6848001043478265,0.0299899875862068,80.77985103947368,57.547301937853106,9.518478128522338,6.1590334913793106,0.033472167709637,8,2,0,2,-0.8660254037844384,-0.5000000000000004
2025-08-14,8.69,9.658067924668874,6.552817004347826,0.0311420950413223,80.57929190813648,57.598437378531074,13.526273554509803,5.75488448051948,0.0314835843621399,8,3,0,2,-0.8660254037844384,-0.5000000000000004
2025-08-15,8.5,9.79043985925926,6.299942238095238,0.032267964137931,79.36030342519685,56.78668446590909,13.873913877161057,5.51172063362069,0.0317101975308642,8,4,0,2,-0.8660254037844384,-0.5000000000000004
2025-08-16,8.92,8.67512879888786,5.042281835497835,0.0315331977869986,79.04838685224274,59.45785339772727,10.745846936170214,7.277912038626609,0.0343552304526749,8,5,1,2,-0.8660254037844384,-0.5000000000000004
2025-08-17,9.64,7.4887514104,4.676897091703057,0.030447744121715,79.60795852645504,58.54306346022727,11.534980932110091,7.623616314893616,0.0354235102599179,8,6,1,2,-0.8660254037844384,-0.5000000000000004
2025-08-18,9.54,6.491196625464684,6.358712090128756,0.0313115491009681,78.74705423218997,55.01256280113637,13.21455138751148,7.7682506794871795,0.0352621753424657,8,0,0,2,-0.8660254037844384,-0.5000000000000004
2025-08-19,9.76,6.365890378127896,7.523186510729613,0.031430757201646,78.39012177690289,54.001983573033705,13.580483371383892,7.7464403093220335,0.0342508809849521,8,1,0,2,-0.8660254037844384,-0.5000000000000004
2025-08-20,9.9,6.049047053112033,7.331475623931624,0.0317771544827586,78.71217202099737,55.18916338764045,11.466744963336389,7.02532747008547,0.0336307117486338,8,2,0,2,-0.8660254037844384,-0.5000000000000004
2025-08-21,10.03,6.1287492502308405,7.7024995683760675,0.0317853873626373,78.47704311811023,54.05308745505618,10.30879303492647,5.593817134199134,0.0337776666666666,8,3,0,2,-0.8660254037844384,-0.5000000000000004
2025-08-22,9.63,6.691765059797608,8.17766074248927,0.0324025808219178,78.17157120472442,53.13777331460674,10.081401520231214,5.014728826839827,0.0336173622589531,8,4,0,2,-0.8660254037844384,-0.5000000000000004
2025-08-23,9.98,6.863544254761905,6.326977077586207,0.0335198260273972,77.87364393175854,56.288014977528086,9.119271611775527,6.96315288362069,0.0330762596153846,8,5,1,2,-0.8660254037844384,-0.5000000000000004
2025-08-24,10.99,6.217985415750916,4.861749354700855,0.0309104862637362,77.13778476115486,58.94191562921348,8.976193969387756,7.199291564655172,0.0319527548209366,8,6,1,2,-0.8660254037844384,-0.5000000000000004
2025-08-25,11.0,6.127113666359447,6.991367888412017,0.0310873972602739,75.38715505774277,61.82358952247191,8.724246635048232,6.6848001043478265,0.0316933746556473,8,0,0,2,-0.8660254037844384,-0.5000000000000004
2025-08-26,11.08,6.1417183871499175,7.051431442982456,0.0301640934065934,73.13536291842105,63.97346976836158,7.917186067655236,6.552817004347826,0.0299899875862068,8,1,0,2,-0.8660254037844384,-0.5000000000000004
2025-08-27,11.1,6.424361022018349,7.568607013157895,0.0319348720770288,73.0159903236842,63.32880547457627,8.20518277705828,6.299942238095238,0.0311420950413223,8,2,0,2,-0.8660254037844384,-0.5000000000000004
2025-08-28,11.03,7.0813941323529415,8.002796931034483,0.0323148910344827,74.16135911052632,59.97183332768362,9.658067924668874,5.042281835497835,0.032267964137931,8,3,0,2,-0.8660254037844384,-0.5000000000000004
2025-08-29,10.37,6.767243574044587,7.447727055555556,0.0304764869684499,74.10573215526315,59.048981728813565,9.79043985925926,4.676897091703057,0.0315331977869986,8,4,0,2,-0.8660254037844384,-0.5000000000000004
2025-08-30,10.56,6.503991394301471,6.278962532188841,0.0308275234159779,74.10361696031747,55.684082261363635,8.67512879888786,6.358712090128756,0.030447744121715,8,5,1,2,-0.8660254037844384,-0.5000000000000004
2025-08-31,11.2,6.447627672509225,5.7339321869565225,0.0331790991735537,74.60014696031746,54.585182022727274,7.4887514104,7.523186510729613,0.0313115491009681,8,6,1,2,-0.8660254037844384,-0.5000000000000004
2025-09-01,11.94,6.099492720476706,5.9082547590361445,0.0330202970479704,74.60559570661157,52.09858895,6.491196625464684,7.331475623931624,0.031430757201646,9,0,0,3,-1.0,-1.8369701987210297e-16
2025-09-02,11.49,6.638192963724305,8.392105451807229,0.0335672893772893,74.38040413636364,53.924913342857145,6.365890378127896,7.7024995683760675,0.0317771544827586,9,1,0,3,-1.0,-1.8369701987210297e-16
2025-09-03,11.41,8.091033369879518,8.934944807228916,0.0355048935779816,74.33998884297522,53.12357107857143,6.049047053112033,8.17766074248927,0.0317853873626373,9,2,0,3,-1.0,-1.8369701987210297e-16
2025-09-04,11.0,9.154926652083333,8.402929957317074,0.0328041948529411,73.18071707468879,56.100528302158274,6.1287492502308405,6.326977077586207,0.0324025808219178,9,3,0,3,-1.0,-1.8369701987210297e-16
2025-09-05,10.3,8.745623821471654,7.664973406060606,0.0313078161764705,71.47283290833334,58.20874805035971,6.691765059797608,4.861749354700855,0.0335198260273972,9,4,0,3,-1.0,-1.8369701987210297e-16
2025-09-06,10.69,7.3754722879708385,6.5944300545454535,0.0288195919117647,70.59635329831933,58.32370525362319,6.863544254761905,6.991367888412017,0.0309104862637362,9,5,1,3,-1.0,-1.8369701987210297e-16
2025-09-07,11.42,6.0615024058441564,6.1244777682926825,0.0287075959409594,70.43423759243699,54.523580913043475,6.217985415750916,7.051431442982456,0.0310873972602739,9,6,1,3,-1.0,-1.8369701987210297e-16
2025-09-08,11.01,5.399684630354957,8.020222144578314,0.0306353622920517,70.96482373109244,47.813143340579714,6.127113666359447,7.568607013157895,0.0301640934065934,9,0,0,3,-1.0,-1.8369701987210297e-16
2025-09-09,11.1,5.574727562347188,8.084553442424243,0.0325547095588235,70.7010523697479,51.702287536231886,6.1417183871499175,8.002796931034483,0.0319348720770288,9,1,0,3,-1.0,-1.8369701987210297e-16
2025-09-10,10.8,6.777424314583333,7.392046530120481,0.0333224733944954,71.31820671008404,56.13392665942029,6.424361022018349,7.447727055555556,0.0323148910344827,9,2,0,3,-1.0,-1.8369701987210297e-16
2025-09-11,10.63,7.496695561893204,7.883701325301205,0.0362552633517495,72.0670726512605,55.9957931884058,7.0813941323529415,6.278962532188841,0.0304764869684499,9,3,0,3,-1.0,-1.8369701987210297e-16
2025-09-12,10.16,8.129870577294685,8.461883150602409,0.03776326007326,71.08637850840337,57.55343780434782,6.767243574044587,5.7339321869565225,0.0308275234159779,9,4,0,3,-1.0,-1.8369701987210297e-16
2025-09-13,10.5,8.833981369379014,7.015120963636364,0.0376442893772893,70.61373997478991,59.92681549275362,6.503991394301471,5.9082547590361445,0.0331790991735537,9,5,1,3,-1.0,-1.8369701987210297e-16
2025-09-14,11.33,8.958357850241546,6.660791115151515,0.039646047706422,71.74669119327731,58.639673898550726,6.447627672509225,8.392105451807229,0.0330202970479704,9,6,1,3,-1.0,-1.8369701987210297e-16
2025-09-15,10.84,9.032431494571773,9.032666969512196,0.0387674844036697,73.20483095378152,53.99320286956522,6.099492720476706,8.934944807228916,0.0335672893772893,9,0,0,3,-1.0,-1.8369701987210297e-16
2025-09-16,10.85,8.778051213250517,10.017944403614456,0.0370208058608058,72.7736477605042,52.52275210869565,6.638192963724305,8.402929957317074,0.0355048935779816,9,1,0,3,-1.0,-1.8369701987210297e-16
2025-09-17,10.72,8.115248511432009,9.65012516766467,0.0349891149635036,71.60620679497907,57.89175919424461,8.091033369879518,7.664973406060606,0.0328041948529411,9,2,0,3,-1.0,-1.8369701987210297e-16
2025-09-18,10.37,8.33303604556355,9.699095412121212,0.03707576,70.95573809623431,63.869343640287774,9.154926652083333,6.5944300545454535,0.0313078161764705,9,3,0,3,-1.0,-1.8369701987210297e-16
2025-09-19,9.9,8.599785316239316,9.098002698224851,0.0356631623036649,70.63299904832714,61.413800048484845,8.745623821471654,6.1244777682926825,0.0288195919117647,9,4,0,3,-1.0,-1.8369701987210297e-16
2025-09-20,10.11,7.324627033775632,7.020310160714287,0.0350956503496503,70.24416353183521,61.66450712195122,7.3754722879708385,8.020222144578314,0.0287075959409594,9,5,1,3,-1.0,-1.8369701987210297e-16
2025-09-21,10.81,6.8740471557971015,6.432433017857143,0.0338109125874125,69.56257805617977,64.75754571341463,6.0615024058441564,8.084553442424243,0.0306353622920517,9,6,1,3,-1.0,-1.8369701987210297e-16
2025-09-22,10.49,6.469075154479918,8.31132274556213,0.0305156760070052,69.61367847211896,64.85461114545456,5.399684630354957,7.392046530120481,0.0325547095588235,9,0,0,3,-1.0,-1.8369701987210297e-16
2025-09-23,10.33,6.111313723021583,8.602322773809524,0.0296157132867132,69.42040752788104,63.86135202424243,5.574727562347188,7.883701325301205,0.0333224733944954,9,1,0,3,-1.0,-1.8369701987210297e-16
2025-09-24,10.26,5.909332280385079,8.191221744047619,0.0280810191972076,69.57849872490706,64.0201553030303,6.777424314583333,8.461883150602409,0.0362552633517495,9,2,0,3,-1.0,-1.8369701987210297e-16
2025-09-25,10.02,5.846677121374866,8.448934517647059,0.0282617665505226,69.54655181040891,62.641848612121215,7.496695561893204,7.015120963636364,0.03776326007326,9,3,0,3,-1.0,-1.8369701987210297e-16
2025-09-26,9.63,6.232350913043478,7.946280452941176,0.0302488041958041,69.6778981189591,60.99981533333334,8.129870577294685,6.660791115151515,0.0376442893772893,9,4,0,3,-1.0,-1.8369701987210297e-16
2025-09-27,9.9,6.878983806529625,7.337143188235293,0.0329977517482517,68.42860906319703,63.45628789696969,8.833981369379014,9.032666969512196,0.039646047706422,9,5,1,3,-1.0,-1.8369701987210297e-16
2025-09-28,10.61,7.3380186841552995,5.95034464117647,0.0333196573426573,68.5908612007435,64.34391414545455,8.958357850241546,10.017944403614456,0.0387674844036697,9,6,1,3,-1.0,-1.8369701987210297e-16
2025-09-29,10.2,7.501362758830694,8.83809438011696,0.0340790210526315,68.30718207434944,63.66025802424243,9.032431494571773,9.65012516766467,0.0370208058608058,9,0,0,3,-1.0,-1.8369701987210297e-16
2025-09-30,10.23,7.603148582926829,8.1765536,0.0387807280701754,67.81402343122676,62.42268212727272,8.778051213250517,9.699095412121212,0.0349891149635036,9,1,0,3,-1.0,-1.8369701987210297e-16
2025-10-01,10.17,7.020202962499999,6.6291595,0.0326220149253731,63.10531109756098,57.15766042857143,8.115248511432009,9.098002698224851,0.03707576,10,2,0,3,-0.8660254037844386,0.5000000000000001
2025-10-02,9.97,7.534288570469799,7.3318158076923075,0.0327910223880597,63.76634151219512,52.72991078571429,8.33303604556355,7.020310160714287,0.0356631623036649,10,3,0,3,-0.8660254037844386,0.5000000000000001
2025-10-03,9.52,8.96919922818792,6.5209255384615386,0.0360637835820895,66.35553563414635,56.552529750000005,8.599785316239316,6.432433017857143,0.0350956503496503,10,4,0,3,-0.8660254037844386,0.5000000000000001
2025-10-04,9.86,8.774221903614457,5.183331615384616,0.0390054850746268,64.43516256097561,66.26815478571429,7.324627033775632,8.31132274556213,0.0338109125874125,10,5,1,3,-0.8660254037844386,0.5000000000000001
2025-10-05,10.69,7.547923328859061,4.4745571153846155,0.0354986119402985,63.40203253658537,62.77961310714285,6.8740471557971015,8.602322773809524,0.0305156760070052,10,6,1,3,-0.8660254037844386,0.5000000000000001
2025-10-06,10.22,5.616730546666667,6.117174307692308,0.0289712255639097,61.02977643902438,67.43691071428572,6.469075154479918,8.191221744047619,0.0296157132867132,10,0,0,3,-0.8660254037844386,0.5000000000000001
2025-10-07,10.15,4.92165249689441,6.877332423076923,0.0246678872180451,59.462601634146345,65.08070988888889,6.111313723021583,8.448934517647059,0.0280810191972076,10,1,0,3,-0.8660254037844386,0.5000000000000001
2025-10-08,10.06,4.90335580794702,7.543425153846154,0.0262133909774436,58.20921704878049,60.149208370370374,5.909332280385079,7.946280452941176,0.0282617665505226,10,2,0,3,-0.8660254037844386,0.5000000000000001
2025-10-09,9.74,4.303060832214765,5.952284461538462,0.027225423076923,58.033862902439026,51.85849503571429,5.846677121374866,7.337143188235293,0.0302488041958041,10,3,0,3,-0.8660254037844386,0.5000000000000001
2025-10-10,9.64,5.477970144578313,5.486467076923077,0.0285311212121212,58.2256186097561,68.54330364285714,6.232350913043478,5.95034464117647,0.0329977517482517,10,4,0,3,-0.8660254037844386,0.5000000000000001
2025-10-11,10.05,5.203747174496645,3.8102755,0.0267204318181818,57.56148375609756,69.8308035,6.878983806529625,8.83809438011696,0.0333196573426573,10,5,1,3,-0.8660254037844386,0.5000000000000001
2025-10-12,11.0,5.0800567333333335,3.787958653846154,0.0303403787878787,56.4726626097561,67.83854164285715,7.3380186841552995,8.1765536,0.0340790210526315,10,6,1,3,-0.8660254037844386,0.5000000000000001
2025-10-13,10.46,4.4400450186335405,6.051803115384615,0.0270300833333333,57.26826173170732,67.08685953571428,7.501362758830694,6.6291595,0.0387807280701754,10,0,0,3,-0.8660254037844386,0.5000000000000001
2025-10-14,10.32,4.59982967114094,5.819981346153846,0.0246296818181818,58.108956317073165,67.62248960714285,7.603148582926829,7.3318158076923075,0.0326220149253731,10,1,0,3,-0.8660254037844386,0.5000000000000001
2025-10-15,10.35,4.981365366666666,5.3458380384615385,0.0250687286821705,56.03872834146341,75.28660717857143,7.020202962499999,6.5209255384615386,0.0327910223880597,10,2,0,3,-0.8660254037844386,0.5000000000000001
2025-10-16,10.09,4.60450424852071,6.1026370000000005,0.0283483779527559,53.87303742857142,71.26607320689655,7.534288570469799,5.183331615384616,0.0360637835820895,10,3,0,3,-0.8660254037844386,0.5000000000000001
2025-10-17,9.77,6.606584932885906,7.8273875,0.0301605634920634,55.771329333333334,67.01997131034483,8.96919922818792,4.4745571153846155,0.0390054850746268,10,4,0,3,-0.8660254037844386,0.5000000000000001
2025-10-18,10.21,7.269217190789473,6.150748153846154,0.0330666904761904,55.90248014285714,64.23635055172414,8.774221903614457,6.117174307692308,0.0354986119402985,10,5,1,3,-0.8660254037844386,0.5000000000000001
2025-10-19,11.14,4.643788337423313,3.757435961538462,0.0300618095238095,53.890872952380946,61.81106317241379,7.547923328859061,6.877332423076923,0.0289712255639097,10,6,1,3,-0.8660254037844386,0.5000000000000001
2025-10-20,10.59,3.673809666666666,5.53503523076923,0.027296238095238,53.13681304761905,59.00384189655172,5.616730546666667,7.543425153846154,0.0246678872180451,10,0,0,3,-0.8660254037844386,0.5000000000000001
2025-10-21,10.54,4.040447729166667,7.757793961538462,0.0264688253968253,50.56061873809523,59.67109789655173,4.92165249689441,5.952284461538462,0.0262133909774436,10,1,0,3,-0.8660254037844386,0.5000000000000001
2025-10-22,10.71,4.792357715151515,8.538112384615385,0.0214152063492063,49.50083871428571,61.75683134482758,4.90335580794702,5.486467076923077,0.027225423076923,10,2,0,3,-0.8660254037844386,0.5000000000000001
2025-10-23,10.36,5.451827375838926,8.45331444,0.0196829365079365,49.152575071428565,65.05416662068966,4.303060832214765,3.8102755,0.0285311212121212,10,3,0,3,-0.8660254037844386,0.5000000000000001
2025-10-24,10.02,6.348465490066225,9.389859576923076,0.0203856031746031,48.77251985714286,65.59295972413794,5.477970144578313,3.787958653846154,0.0267204318181818,10,4,0,3,-0.8660254037844386,0.5000000000000001
2025-10-25,10.5,6.13462123030303,7.52772824,0.0209522301587301,50.43859126190476,60.908189655172414,5.203747174496645,6.051803115384615,0.0303403787878787,10,5,1,3,-0.8660254037844386,0.5000000000000001
2025-10-26,11.47,5.4459274415584416,4.63814316,0.0266360317460317,50.80317461904762,62.65531606896552,5.0800567333333335,5.819981346153846,0.0270300833333333,10,6,1,3,-0.8660254037844386,0.5000000000000001
2025-10-27,10.99,4.506997818181818,5.37439392,0.0276190317460317,48.48174604761905,63.622844827586206,4.4400450186335405,5.3458380384615385,0.0246296818181818,10,0,0,3,-0.8660254037844386,0.5000000000000001
2025-10-28,11.14,4.631667752941176,7.151371461538461,0.023690619047619,45.49553580952381,63.61968393103448,4.59982967114094,6.1026370000000005,0.0250687286821705,10,1,0,3,-0.8660254037844386,0.5000000000000001
2025-10-29,11.06,4.980152980263158,8.873477307692308,0.0210010944881889,45.441369,65.19583331034482,4.981365366666666,7.8273875,0.0283483779527559,10,2,0,3,-0.8660254037844386,0.5000000000000001
2025-10-30,10.8,5.429570464052287,8.933039384615386,0.022616808,45.50489992857143,70.08452017241379,4.60450424852071,6.150748153846154,0.0301605634920634,10,3,0,3,-0.8660254037844386,0.5000000000000001
2025-10-31,10.2,5.152643333333334,8.565497192307692,0.028674664,48.07485621428572,64.98299810344828,6.606584932885906,3.757435961538462,0.0330666904761904,10,4,0,3,-0.8660254037844386,0.5000000000000001
