date,pct_respiratory,pm25,pm25_n_stations,no2,no2_n_stations,ozone,ozone_n_stations,temperature,temp_n_stations,humidity,humidity_n_stations
2022-09-25,14.14,6.105620111208792,2275,6.223313852459016,427,0.03186775266175266,1221,68.25499998321091,953,54.27309147281324,423
2022-09-26,13.21,5.535372349611543,2703,8.019504489510489,429,0.031414073589533936,1223,67.7099119017764,957,51.46201237825059,423
2022-09-27,13.13,5.329798308888889,2250,8.4789151778291,433,0.030441837837837837,1221,65.93113606471816,958,48.541956608490565,424
2022-09-28,13.1,4.852062315222272,2227,7.630214092378752,433,0.02843129290429043,1212,65.03534792251308,955,50.68305140330189,424
2022-09-29,13.0,5.056905199444885,2522,7.437301118055556,432,0.028553007444168735,1209,64.08211303382664,946,55.084231995271864,423
2022-09-30,12.57,5.998141066756273,2232,7.660195110091744,436,0.029386500408830743,1223,62.287903969344605,946,59.79502311217184,419
2022-10-01,13.45,5.709677533392698,2246,6.179587076744187,430,0.03056262648556876,1178,62.22502361015119,926,63.25489173493976,415
2022-10-02,14.79,5.346266239081325,2656,5.111612167832168,429,0.02909863945578231,1176,62.30773064820847,921,63.08279877777778,414
2022-10-03,13.5,5.664890256660746,2252,8.031749918793503,431,0.028662563296516563,1177,61.447962824222934,933,61.07285263461539,416
2022-10-04,13.58,6.399911582819383,2270,9.224649027842228,431,0.030442831632653062,1176,61.78537285021552,928,61.121881332530116,415
2022-10-05,13.42,7.312888189715621,2567,10.067064053240742,432,0.03140811092294665,1181,63.220318930629674,937,59.65102373621103,417
2022-10-06,13.03,8.085100226497595,2287,10.42339846728972,428,0.03222412574341546,1177,63.74599488191489,940,58.6054125430622,418
2022-10-07,12.9,7.870594714098647,2291,9.42026475116279,430,0.03115825274725275,1183,61.342381183846975,941,58.902745045346066,419
2022-10-08,13.98,6.677687946980854,2716,7.008356617169373,431,0.029981220713073006,1178,59.38289538125665,939,56.142244727923625,419
2022-10-09,15.32,7.597313193306913,2271,7.15778384883721,430,0.030598566922421144,1173,60.177879980830674,939,55.44972598568019,419
2022-10-10,14.35,8.635910586161303,2269,9.639701431554524,431,0.032540365811965816,1170,61.88082737420042,938,56.11792931980907,419
2022-10-11,14.3,9.154035618955513,2585,9.190943305555557,432,0.034299393680614854,1171,63.1021190149413,937,56.34112348086125,418
2022-10-12,14.32,8.99819636695652,2300,8.510502163170163,429,0.030844628717077313,1177,63.40800560063898,939,57.814096766109785,419
2022-10-13,14.02,7.113343119286025,2297,8.271049503496503,429,0.0281257818336163,1178,60.6946215823592,941,57.113224683333335,420
2022-10-14,13.41,7.175705626202813,2702,9.172067707943926,428,0.030290248510638298,1175,60.15778686474974,939,52.232022648325355,418
2022-10-15,14.51,7.422825464690497,2294,6.981514206161138,422,0.029381766011955593,1171,60.21683149893391,938,57.079926619617225,418
2022-10-16,15.87,7.687299554148472,2290,6.161538575829384,422,0.02749434589041096,1168,58.45018563646055,938,62.00037277033493,418
2022-10-17,14.84,6.445457505430566,2578,7.943187571095572,429,0.02773481217838765,1166,55.396541896698615,939,59.51600978520286,419
2022-10-18,15.16,5.595463352915388,2281,8.752213229166667,432,0.025260038095238094,1155,52.82970373064688,943,52.06253251068883,421
2022-10-19,15.12,6.1993175453752185,2292,10.649238395348839,430,0.024985138020833336,1152,52.94694490243902,943,46.92117724703088,421
2022-10-20,14.9,8.285043914473684,2736,12.003229330210772,427,0.03033465187119234,1149,56.169710370370375,945,44.429600722748816,422
2022-10-21,14.74,9.542824936521738,2300,10.873688086247087,429,0.03681820557491289,1148,59.46295107733051,944,46.926044713270144,422
2022-10-22,16.29,10.598544772687609,2292,6.881059614117647,425,0.036822405240174674,1145,60.524916141039235,943,57.16231447268409,421
2022-10-23,18.15,8.75300972066822,2574,5.293472818181818,418,0.034073278215223095,1143,57.71809949150743,942,61.878596028503566,421
2022-10-24,17.3,7.429825680439561,2275,7.851842794326242,423,0.028246692576419215,1145,55.87457226588983,944,59.86665242992874,421
2022-10-25,17.85,6.870859592756184,2264,9.398569820093458,428,0.02562856457242583,1146,54.681967861849095,941,60.348400695962,421
2022-10-26,17.62,5.692806639035418,2654,9.649265850117095,427,0.024364588132635253,1146,52.44194821951219,943,64.6312911472684,421
2022-10-27,17.0,5.712361204605846,2258,9.132842763466043,427,0.027602186573670442,1147,51.27748744656085,945,58.83292812826603,421
2022-10-28,16.49,7.270343354157501,2273,10.467218988290398,427,0.02618404192139738,1145,51.5044787410148,946,57.037731312796204,422
2022-10-29,17.77,9.179731127145086,2564,10.218549533018868,424,0.027769810858143607,1142,52.555653937566134,945,57.080511703087886,421
2022-10-30,19.77,9.938829701986755,2265,10.160265903073286,423,0.025786074758135446,1137,53.857604608695645,943,58.77579502857142,420
2022-10-31,18.85,9.555440887908208,2266,12.559750845070422,426,0.025336744288224956,1138,56.09951432592593,945,60.99810150952381,420
2022-11-01,19.55,9.672092331254586,2726,10.030093728337235,427,0.028964007761966365,773,57.02583005894737,950,62.43637194033413,419
2022-11-02,19.87,10.083086250000001,2300,9.110389387850468,428,0.029498795306388523,767,55.497593766631475,947,64.77911963397129,418
2022-11-03,19.61,9.68768287587108,2296,8.616647449648712,427,0.027700707953063883,767,52.688839278012686,946,68.5757276354916,417
2022-11-04,18.86,8.278864048536208,2596,9.043067399061034,426,0.026205438481675395,764,52.86697669034995,943,66.99600717745804,417
2022-11-05,20.21,5.764756366754618,2274,6.944800700234192,427,0.027676259791122718,766,54.302631714893614,940,65.57733390865384,416
2022-11-06,21.77,5.8513763819383255,2270,6.097566697183098,426,0.02784070588235294,765,55.39768754100106,939,64.86002718509616,416
2022-11-07,20.44,5.52113306366344,2686,6.907568766899767,429,0.02668425,760,55.27239651483051,944,63.73738482254197,417
2022-11-08,20.15,5.731556861220905,2277,6.899647455813954,430,0.02658903187250996,753,52.478087834920636,945,66.35221112740385,416
2022-11-09,19.71,7.612548683421517,2268,8.436018088785046,428,0.026737588313413014,753,51.12076462314225,942,67.25146863855421,415
2022-11-10,19.26,8.180152790089739,2563,9.366782786542924,431,0.026131946452476573,747,50.13221331842386,939,66.9788297584541,414
2022-11-11,18.87,6.599426779307282,2252,9.092970273364486,428,0.022539694259012016,749,45.97051801814301,937,68.45996138834951,412
2022-11-12,20.33,6.56254517316209,2258,7.737501588652483,423,0.023697663989290497,747,42.12605173019272,934,66.42984370631068,412
2022-11-13,22.3,5.678556674685418,2702,6.593404512941177,425,0.025586038821954482,747,39.50590724786325,936,63.63666352184465,412
2022-11-14,20.56,6.8127273529411765,2261,9.858187371495326,428,0.023737985333333333,750,38.98243160425532,940,63.48477846376811,414
2022-11-15,20.57,7.905905030701754,2280,10.693340504651163,430,0.02400991877496671,751,38.637150114528104,943,66.9217354313253,415
2022-11-16,20.36,7.633582414984472,2576,9.754798104651163,430,0.02446696021220159,754,39.32376356581741,942,62.47963856354916,417
2022-11-17,20.04,8.045826165433173,2297,11.468409060324825,431,0.025215774666666666,750,36.99370467303609,942,59.05064484172662,417
2022-11-18,19.73,7.796591459353147,2288,10.752945590277777,432,0.026819472703062584,751,34.53367183757962,942,57.17080277458034,417
2022-11-19,21.65,7.686572913986536,2674,9.0573476937355,431,0.026705138482023966,751,34.552864182590234,942,53.23390472355769,416
2022-11-20,24.24,7.548937745245467,2261,9.703568958139536,430,0.02685916219839142,746,35.56606117021277,940,49.234158002409636,415
2022-11-21,22.57,9.015607477876106,2260,14.270784353488372,430,0.024439426845637584,745,38.70632403075292,943,50.273997442583735,418
2022-11-22,22.66,11.635332169465052,2561,16.76526821527778,432,0.022793793057409882,749,42.077814658898305,944,53.536592734449755,418
2022-11-23,22.58,13.021140492994746,2284,16.27340431712963,432,0.025655141145139813,751,44.866623249999996,944,58.366183446043166,417
2022-11-24,26.14,12.20569869190372,2285,10.919658487179488,429,0.026838609103078982,747,46.07617448777896,941,60.62874938609113,417
2022-11-25,24.57,9.303434531883523,2713,10.191998154205608,428,0.023637900937081662,747,46.22315775505857,939,60.97708298561151,417
2022-11-26,25.04,8.695693909850483,2274,10.45472981775701,428,0.024591833780160856,746,45.49987464042553,940,62.37620512709832,417
2022-11-27,26.58,7.314592575209528,2267,9.6830761682243,428,0.025342375838926175,745,46.062307873673035,942,67.16778787529975,417
2022-11-28,23.83,6.640474364170913,2551,9.70059254524362,431,0.02684036484687084,751,44.05413653439154,945,67.733504569378,418
2022-11-29,23.26,7.557805046470846,2281,9.474146018561484,431,0.024625876329787234,752,42.748686306553914,946,68.27939985406698,418
2022-11-30,22.62,5.706256527704485,2274,9.6441263549884,431,0.025686774535809018,754,39.353025406743946,949,63.603418181818185,418
2022-12-01,21.81,5.733088662829559,2693,9.072246385514019,428,0.02579806568364611,746,39.691875156283004,947,58.56192884134615,416
2022-12-02,21.05,6.788724376583661,2289,9.96951995116279,430,0.023716127345844502,746,42.852763819238895,946,67.03576983373495,415
2022-12-03,22.52,6.618671609574,2277,8.570627072769954,426,0.02123479166666667,744,42.53786772823779,942,70.52948755932204,413
2022-12-04,24.46,7.372897848140901,2555,8.694303450236967,422,0.020274889784946234,744,41.547032843054076,943,69.61980081642511,414
2022-12-05,22.65,8.604932482378855,2270,10.881794719626168,428,0.020886600806451612,744,43.735789996825396,945,74.5244167125604,414
2022-12-06,22.17,9.05536059815951,2282,11.076659477751758,427,0.020074445047489824,737,44.729182663124334,941,79.22572676213592,412
2022-12-07,21.65,10.576929985390796,2738,10.559997864801865,429,0.01846461527967258,733,45.33575341754757,946,80.6193269589372,414
2022-12-08,21.06,9.498231018760908,2292,10.03485779350348,431,0.021310166892808683,737,44.304639693446084,946,76.7385331180723,415
2022-12-09,20.29,8.633152311072058,2276,10.171186812933025,433,0.021541020408163265,735,42.787698973516946,944,72.15125305569008,413
2022-12-10,21.96,8.585613617990653,2568,8.25806534883721,430,0.024378428180574552,731,42.977770606574765,943,73.56163095157385,413
2022-12-11,23.62,8.325168686369652,2267,6.554163164319249,426,0.024122886456908344,731,43.037593961783436,942,75.0160618907767,412
2022-12-12,21.66,7.400816600087797,2278,8.07439158041958,429,0.02338208665749656,727,40.79562451687764,948,77.87278633253013,415
2022-12-13,21.42,7.7678921139474655,2703,9.197017028037383,428,0.023067110650069153,723,39.026140650475185,947,75.05235646265061,415
2022-12-14,21.31,7.233967526477024,2285,10.27917270657277,426,0.022648189226519337,724,38.19029763991552,947,73.26844033574879,414
2022-12-15,20.59,6.097323139894086,2266,11.133384262295081,427,0.02234049245541838,729,37.119285752109704,948,72.78845536956521,414
2022-12-16,20.02,6.387889445919563,2561,10.358599855140188,428,0.024361475994513035,729,34.961698839153435,945,66.62232697820824,413
2022-12-17,21.56,7.045139507746791,2259,10.13215948711944,427,0.023211415637860083,729,32.90780080275716,943,63.419733320388346,412
2022-12-18,23.12,7.838901471213463,2258,9.895900065573771,427,0.023702547455295736,727,31.013438580063625,943,64.17993124939467,413
2022-12-19,21.15,8.660375455187802,2689,11.786345418224299,428,0.021725341192787795,721,31.5481231128692,948,66.01031662560386,414
2022-12-20,20.99,10.232294655157343,2288,12.366995719626168,428,0.019747119444444444,720,32.82928624421052,950,67.62747475180723,415
2022-12-21,20.77,11.733773819886611,2293,13.716584123543123,429,0.018931567081604428,723,31.584967238696112,951,69.40242152048192,415
2022-12-22,20.38,9.474490606767795,2571,11.610678971830987,426,0.02043361312849162,716,27.25012095899054,951,71.25561708192771,415
2022-12-23,20.22,6.99449678785172,2239,8.81768776555024,418,0.0247241313559322,708,22.435180596620906,947,66.34293946973365,413
2022-12-24,22.07,7.503695911091154,2227,9.025490326086956,414,0.024957576704545455,704,25.390512378061768,939,63.138392931707315,410
2022-12-25,23.47,7.22912107496136,2588,9.311791079326923,416,0.025284348011363634,704,31.01197116489362,940,61.994397363414635,410
2022-12-26,22.7,7.712678924350939,2234,12.090051173076924,416,0.022958486562942006,707,34.355619863974496,941,65.7894514136253,411
2022-12-27,20.47,8.947713647925033,2241,12.044394332541566,421,0.0251162993006993,715,37.886649049735446,945,68.4771508478261,414
2022-12-28,20.33,9.642365030672435,2543,11.629997636792453,424,0.027975567454798334,719,42.54777427157895,950,70.31552580769231,416
2022-12-29,19.7,9.46361835437527,2297,11.4699054608076,421,0.0264626560332871,721,45.136389800632905,948,73.22236210144928,414
2022-12-30,19.04,9.681892734586794,2287,11.32665429928741,421,0.02257205594405594,715,45.34745205801688,948,78.25622983170732,410
2022-12-31,20.27,9.362049381939304,2702,8.821433204761904,420,0.024190827489481065,713,46.682961161392406,948,84.41915788807785,411
2023-01-01,20.14,9.926951508112724,2342,6.723099286746988,415,0.024211161335187758,719,46.30275015940489,941,80.94860841542288,402
2023-01-02,19.96,9.783815358876117,2349,8.313829479318736,411,0.023335082402234638,716,45.08547147077577,941,82.9461347531172,401
2023-01-03,17.62,7.810183489312977,2620,9.483647477218225,417,0.022869153103448274,725,45.05666061864407,944,83.2406153880597,402
2023-01-04,17.05,6.219360451089278,2341,10.120273722222223,414,0.0261564958677686,726,44.215832397667015,943,77.34332554094293,403
2023-01-05,16.13,5.998152253610876,2354,10.123849503631961,413,0.026538070344827584,725,41.79931978964059,946,75.48938023631841,402
2023-01-06,15.34,7.573970228280625,2751,11.410077893719807,414,0.024938039835164835,728,40.87050964067439,949,75.27573926237623,404
2023-01-07,16.15,8.70438334393554,2358,9.704568603406326,411,0.026876174931129475,726,40.68205860232067,948,71.38751143920595,403
2023-01-08,16.81,9.343575355156183,2337,9.11325197815534,412,0.02622430982019364,723,40.330400057022175,947,69.4571308560794,403
2023-01-09,15.17,10.509650344537814,2618,10.696120836538462,416,0.026367266296809983,721,41.8314576969377,947,73.50905026799008,403
2023-01-10,14.67,11.010335230114846,2351,10.791666400954654,419,0.027547903765690378,717,43.91289362,950,73.6848788159204,402
2023-01-11,14.43,12.42932460109983,2364,11.04288695215311,418,0.02583681491712707,724,44.11046922560336,953,76.07657831188119,404
2023-01-12,13.88,9.137339097006853,2773,10.743642751196171,418,0.0270849122085048,729,42.94443058071278,954,73.35629157425743,404
2023-01-13,13.44,5.7554975757832345,2362,10.120173109263657,421,0.026167031724137934,725,40.214725293193716,955,70.41469754679802,406
2023-01-14,14.32,6.387588140631578,2375,8.42255791826923,416,0.02907619341563786,729,38.60705736649214,955,71.42596900000001,406
2023-01-15,15.05,6.729889170196672,2644,6.546705243961353,414,0.031852832647462276,729,40.89653455031447,954,73.83113167990075,403
2023-01-16,14.35,7.041902378987664,2351,8.668595871980676,414,0.028718987569060772,724,42.750407350472194,953,74.74450130445544,404
2023-01-17,13.89,7.886419220475786,2354,11.339206701923077,416,0.024834150684931507,730,43.04930188982162,953,77.13274414532019,406
2023-01-18,13.66,7.284367084548105,2744,9.838187925837321,418,0.024008522696011003,727,42.220237807570975,951,76.57395095320197,406
2023-01-19,13.38,5.95909931896916,2367,10.696577908653847,416,0.025197501369863016,730,40.1086063812038,947,74.62057628395063,405
2023-01-20,12.71,5.371933911553111,2363,9.132030580722892,415,0.026127467213114753,732,37.6822089947313,949,69.6079515049261,406
2023-01-21,13.98,6.938884816057294,2653,8.838623510948905,411,0.02583209849521204,731,35.797832646251315,947,70.54436029629629,405
2023-01-22,14.83,8.265722022024566,2361,8.526587932692307,416,0.028092593964334705,729,35.59064996304118,947,73.94868626419753,405
2023-01-23,14.01,7.178016183932347,2365,8.581821906698565,418,0.028305141289437584,729,36.113653185850055,947,68.6722563308642,405
2023-01-24,13.73,8.904806561850126,2789,11.05512962529833,419,0.026711700410396718,731,36.84951094426919,951,69.11329713546799,406
2023-01-25,13.78,8.08559278424801,2387,10.862917928229665,418,0.02815118553888131,733,37.254993869198316,948,72.70989751980198,404
2023-01-26,13.6,6.31468930886076,2370,9.430383490521328,422,0.02806359455782313,735,36.89045867263158,950,65.57002348138958,403
2023-01-27,13.05,6.503646470211162,2652,11.815676021126762,426,0.027869473469387753,735,37.502911818086226,951,63.51485056683169,404
2023-01-28,13.91,7.228792642228738,2387,9.587979367924529,424,0.03045035704514364,731,38.392016829652995,951,66.64944110421835,403
2023-01-29,15.18,7.34098722231579,2375,7.151798021479714,419,0.029174626886145406,729,34.226868060063225,949,74.10460317955112,401
2023-01-30,14.09,7.002221611713666,2766,9.396127288732394,426,0.02490216802168022,738,29.585547069400633,951,70.30742093052109,403
2023-01-31,14.04,7.055577408579758,2401,10.446786678403756,426,0.02512331848852901,741,28.847606050473185,951,63.07476622332506,403
2023-02-01,13.87,9.128145539108495,2378,12.080284263403264,429,0.02479974089068826,741,31.497126335805085,944,60.66778815189873,395
2023-02-02,13.69,10.176039299394398,2642,13.509371855477855,429,0.026213666218034993,743,33.813903074388946,941,61.87670040712468,393
2023-02-03,13.11,7.056144086827615,2361,11.001954302325583,430,0.02909040348525469,746,32.764059952229296,942,54.90633807106599,394
2023-02-04,14.07,7.51150082382763,2367,10.33412110046729,428,0.03211075978407558,741,36.2701971581741,942,56.31515037055838,394
2023-02-05,15.15,7.787181315431436,2793,9.447514558962265,424,0.03161730997304582,742,42.86626371549894,942,64.75929825888325,394
2023-02-06,13.96,8.770678739075095,2357,9.93721682201405,427,0.031823971849865955,746,43.32997858474576,944,65.99086516120906,397
2023-02-07,13.82,8.356346387083159,2369,10.761820745920746,429,0.02906777376171352,747,43.048926897245764,944,63.55465903266332,398
2023-02-08,13.69,10.442705575471697,2650,12.479332918604651,430,0.028535211436170212,752,43.262229185185184,945,65.433907325,400
2023-02-09,13.47,9.022899946644435,2399,11.476634960739029,433,0.03141879415670651,753,43.00231498521647,947,63.5237995875,400
2023-02-10,13.06,6.293776770191507,2402,9.474981853828305,431,0.03183368841544607,751,40.842391381856544,948,58.0442485436409,401
2023-02-11,13.95,6.458262217594255,2785,9.119516195804197,429,0.030120262666666668,750,39.11772756599789,947,58.118527456359104,401
2023-02-12,15.16,7.921782274247492,2392,10.585456859813085,428,0.03295012955465587,741,41.082409803174606,945,59.61562328428927,401
2023-02-13,13.84,6.9841006428869425,2397,10.769048226107225,429,0.03543072229639519,749,43.33486064631579,950,59.07096007462686,402
2023-02-14,13.64,7.067800524467688,2677,8.789151577102803,428,0.0355950509383378,746,43.495704405491026,947,62.675274595,400
2023-02-15,13.64,6.3828411614238405,2416,8.318106284382285,429,0.03217266844919786,748,42.387016644514766,948,60.368099602499996,400
2023-02-16,13.46,7.163415564710779,2403,10.819384965197216,431,0.029547223262032088,748,38.688228922995776,948,61.963787492499996,400
2023-02-17,13.01,5.515539400993613,2818,9.676753112643677,435,0.03111635552596538,751,36.495893059071726,948,57.00747155,400
2023-02-18,14.09,6.507289987126246,2408,9.973019789351852,432,0.032702583444592793,749,37.90157751216931,945,51.8684674,400
2023-02-19,14.91,7.379644189883915,2412,9.297882009280743,431,0.033536809906291834,747,44.28915295343915,945,56.466337245000005,400
2023-02-20,13.88,8.238302270825551,2677,10.916494928074245,431,0.030811477911646585,747,48.4241272173913,943,61.286163374999994,400
2023-02-21,13.91,7.4452329075,2400,8.586900434579439,428,0.03315900401069519,748,46.463902748945145,948,64.73048108521303,399
2023-02-22,13.9,6.793662249373433,2394,6.562199430260048,423,0.03254053989361702,752,40.333198383720934,946,69.03574679949875,399
2023-02-23,13.41,6.712913801441442,2775,6.939107572429906,428,0.0323210625,752,37.648237316348194,942,72.1313515525,400
2023-02-24,12.79,6.063796997926172,2411,6.736755840375587,426,0.032649829590488774,757,36.190417508492565,942,69.65505903258145,399
2023-02-25,13.87,7.922832961124897,2418,7.595368552693209,427,0.03038358201058201,756,38.167575149522804,943,72.7298308459596,396
2023-02-26,14.96,9.893982594154643,2703,7.481827009411765,425,0.03264092734478203,757,42.893880625,944,74.0463267979798,396
2023-02-27,13.65,8.362040103491273,2406,8.019110509345795,428,0.03461635177865612,759,44.75766330517423,947,70.35645704534005,397
2023-02-28,13.41,7.354038021285475,2396,7.843282317016317,429,0.029964241622574956,1134,44.906009753164554,948,69.30803909476309,401
2023-03-01,13.26,9.037734836318052,2792,8.22778261627907,430,0.033981321799307955,1156,44.659719482866045,963,67.18314290953545,409
2023-03-02,13.01,8.071696536371237,2392,8.359037176334107,431,0.03162970872947277,1157,43.97327317080745,966,68.23515447201946,411
2023-03-03,12.64,7.947438848914858,2396,8.696856004651163,430,0.03382406724137931,1160,43.066142626943005,965,68.97170291727494,411
2023-03-04,13.52,7.09686658424015,2665,7.422236792540793,429,0.03599955497835498,1155,43.13582884599376,961,67.98732116829268,410
2023-03-05,14.34,7.411095890290039,2379,6.936738628504673,428,0.03846203726169844,1154,45.38693221145833,960,66.01872119756098,410
2023-03-06,13.26,7.553305748525696,2374,8.007806518604651,430,0.03619031483087597,1153,46.32991800415369,963,65.01566200731708,410
2023-03-07,12.87,6.645198215785663,2762,7.210833070754718,424,0.03608211130284728,1159,44.253826367768596,968,64.4589206902439,410
2023-03-08,13.05,6.219731475553698,2393,7.646176466042155,427,0.03482462618432386,1161,42.87230181320949,969,63.91815005839416,411
2023-03-09,12.8,6.7912623696287024,2397,8.305295107226108,429,0.034328292850990524,1161,44.318601032921805,972,65.47336723543688,412
2023-03-10,12.52,6.406002713323353,2672,7.613721262295082,427,0.03191506620808254,1163,45.413468096807414,971,74.86715605084746,413
2023-03-11,13.4,5.385386897608057,2383,5.035805035377359,424,0.03280464853195164,1158,45.842050915463915,970,72.51032876029056,413
2023-03-12,14.49,5.963549290824917,2376,5.107432529550827,423,0.032326514236410704,1159,43.512690332988626,967,74.28817404600484,413
2023-03-13,13.25,5.523601360902256,2793,6.870449913145539,426,0.03399730034423408,1162,42.97957258264463,968,70.69654828813559,413
2023-03-14,13.12,5.103225936967632,2348,6.344382134117647,425,0.03557496020761246,1156,42.93653431088083,965,67.75834258353511,413
2023-03-15,13.08,6.6775352743928424,2347,7.266918077464789,426,0.03698042350907519,1157,45.28876069678089,963,64.83404591747573,412
2023-03-16,12.82,8.255766773805043,2657,8.448783190588236,425,0.03870317962003455,1158,45.66308859067358,965,63.09978616788322,411
2023-03-17,12.34,7.840953071398571,2381,8.108730070422535,426,0.036687942241379314,1160,41.64847281619937,963,63.13902420437956,411
2023-03-18,13.22,5.365006180520571,2382,6.090909082742317,423,0.038635860505666954,1147,39.35511551247401,962,52.571876176039126,409
2023-03-19,14.43,4.968022470036101,2770,5.149387848341232,422,0.038321993006993,1144,38.78369535483871,961,53.17524344362745,408
2023-03-20,13.22,6.87712402190396,2374,7.897927284382285,429,0.03837518977469671,1154,42.76872256787565,965,59.042264953545235,409
2023-03-21,13.03,8.56352479832636,2390,8.394718456674473,427,0.03896156833910035,1156,45.68996521243523,965,66.30406239999999,410
2023-03-22,13.0,9.572058329583802,2667,7.512019477751757,427,0.0367080793787748,1159,49.10438626064382,963,73.73965632107843,408
2023-03-23,12.61,9.238116226090604,2384,7.203172788732395,426,0.034781981958762885,1164,50.336822582815735,966,74.96520895110025,409
2023-03-24,12.16,7.024059424217119,2395,6.419237850815851,429,0.03486176030927835,1164,47.510033627066115,968,68.29985672549019,408
2023-03-25,13.02,5.914381115617218,2811,5.877338097902098,429,0.03690240086206897,1160,45.98637638095238,966,63.982628184275185,407
2023-03-26,13.81,6.4616606508403365,2380,6.140763228235294,425,0.03740906846999155,1183,46.166115171310636,969,59.129290926289926,407
2023-03-27,12.73,6.838516066999583,2403,8.373318981395348,430,0.03794645264040234,1193,45.77932275823046,972,58.73408837254902,408
2023-03-28,12.59,7.052127407380074,2710,8.502031362586605,433,0.039447432635983264,1195,45.37963403285421,974,56.73782454166667,408
2023-03-29,12.24,7.294503737597376,2439,8.086567124711316,433,0.0411451186299081,1197,45.3019132523172,971,59.43150565770171,409
2023-03-30,12.29,7.567488239390195,2427,7.339056324825986,431,0.04172737907949791,1195,46.6258997507724,971,62.66614302682927,410
2023-03-31,12.0,7.9191806893480585,2807,7.875101421296296,432,0.0390704582299421,1209,50.718786993833504,973,64.16559774754903,408
2023-04-01,12.69,6.0559346668048075,2413,6.245512623255814,430,0.03947673512154233,1193,51.980950038934424,976,58.149539288834944,412
2023-04-02,13.64,5.294056115255658,2386,4.93633471495327,428,0.039154477424749166,1196,50.959862679050566,969,55.47603969852941,408
2023-04-03,12.44,6.545205770244821,2655,6.412884956018519,432,0.03822527606338616,1199,51.69489004290092,979,59.34215004136253,411
2023-04-04,12.23,8.352369941394965,2423,6.1334652529002325,431,0.034333103247293925,1201,51.66075463608563,981,64.53577140096618,414
2023-04-05,12.0,7.216688140307181,2409,6.80509119630485,433,0.03454882431307244,1201,49.869682622448984,980,60.26909323429952,414
2023-04-06,11.44,6.0121643520678685,2829,7.830281509216589,434,0.03586733805162365,1201,48.79883929268293,984,53.711362447115384,416
2023-04-07,11.66,5.4738484956701035,2425,6.993720132867133,429,0.03821706244796003,1201,49.34018487906504,984,51.536209115384615,416
2023-04-08,12.42,5.613629283471075,2420,6.041517552447552,429,0.03725351793160967,1199,50.98737462639594,985,52.60295781730769,416
2023-04-09,13.23,6.749785700336701,2673,6.692491079439253,428,0.039538702680067005,1194,54.1906740964467,985,52.17577522596154,416
2023-04-10,12.01,7.452126563204006,2397,9.233911758700696,431,0.040472179166666664,1200,57.48643878760162,984,51.4407295,416
2023-04-11,11.73,8.113479060330578,2420,8.670321240184757,433,0.04438578119800333,1202,60.82303434517767,985,48.835148158653844,416
2023-04-12,11.82,8.37137441534111,2829,7.649996419354839,434,0.04387650857142857,1225,61.586439281947264,986,47.79731001923077,416
2023-04-13,11.54,8.916980428512904,2441,7.930851351851851,432,0.04366176910435497,1217,59.88182662170386,986,51.729476709832134,417
2023-04-14,11.23,9.310299531071138,2446,8.082894102088167,431,0.04075027677100494,1214,58.56185814052953,982,56.859230893975905,415
2023-04-15,11.72,7.762639439692982,2736,6.027158540603248,431,0.038029111847555926,1207,58.2037788470948,981,59.67578122222222,414
2023-04-16,12.63,6.020115759934453,2441,5.043013397674419,430,0.038132964285714284,1204,55.712306880612246,980,57.59419798547216,413
2023-04-17,11.58,5.187660244453575,2434,6.070000456018518,432,0.042250854045037534,1199,54.40946801529052,981,52.70632554457832,415
2023-04-18,11.36,6.5659387506095435,2871,6.2474897558139535,430,0.043471680532445926,1202,54.02172565615463,983,53.035697423076925,416
2023-04-19,11.23,7.660030197788697,2442,6.816790339578454,427,0.043457092715231786,1208,53.79996815423902,979,52.09977011352657,414
2023-04-20,11.03,8.670700550286181,2446,7.6910633488372095,430,0.043339311934156376,1215,55.93452515345528,984,50.599838748201435,417
2023-04-21,10.7,7.355317344026549,2712,7.869009305555556,432,0.04092459950657895,1216,55.912373270600206,983,54.005299120192305,416
2023-04-22,11.57,5.907969760609807,2427,5.385016889929743,427,0.03780250788381743,1205,53.35530488217213,976,57.5162335377129,411
2023-04-23,12.3,5.34356531763734,2421,4.383002826603325,421,0.0376659991687448,1203,51.65613949185336,982,57.08213920192308,416
2023-04-24,11.51,6.392912807267545,2807,6.253629487238979,431,0.03912724132231405,1210,52.95956235198373,983,55.36559621875001,416
2023-04-25,11.42,7.822105384266886,2428,6.893136174712644,435,0.038072723770491805,1220,53.83505776774848,986,59.86470103349282,418
2023-04-26,11.27,8.419308147736626,2430,7.774168181609196,435,0.03825332895816243,1219,56.06165910162601,984,58.72379450119904,417
2023-04-27,11.02,8.045959093239228,2692,7.880652300230947,433,0.039120564754098364,1220,58.149513553752534,986,58.08985417266187,417
2023-04-28,10.77,7.469590588669951,2436,7.115132180555555,432,0.039440326813365935,1227,58.75518498883249,985,58.403958243373495,415
2023-04-29,11.54,6.445367752052545,2436,5.824419925058549,427,0.037715899591836737,1225,59.6393641395112,982,55.04526744660194,412
2023-04-30,12.45,4.790516326638477,2838,4.521308146572104,423,0.03923682992641047,1223,58.98929024236252,982,56.155707016990284,412
2023-05-01,11.47,4.426330493592394,2419,5.19741811627907,430,0.03865752571428571,1225,57.37260649235474,981,52.643429851941754,412
2023-05-02,11.46,4.339721951907131,2412,5.723319654292343,431,0.03687025568181818,1232,56.86931926836735,980,53.603951719128325,413
2023-05-03,11.36,4.60348374990751,2703,6.550093358796296,432,0.03680543306451613,1240,57.82392675178026,983,53.34547115421687,415
2023-05-04,11.04,5.635253805088223,2437,6.562268848484848,429,0.037284491552695094,1243,58.17564727670396,983,61.95572376682692,416
2023-05-05,10.67,6.231419012715341,2438,6.18410427039627,429,0.03795411048387097,1240,59.77391579552391,983,62.296816004807695,416
2023-05-06,11.34,6.910205134676564,2829,5.090001420187793,426,0.037778638573743924,1234,61.31157232756867,983,61.35074206024096,415
2023-05-07,12.21,6.9895518880197605,2429,4.55243037735849,424,0.03786658617886179,1230,62.812001068367344,980,61.42914465301205,415
2023-05-08,11.33,6.435161276386037,2435,5.757468673659673,429,0.037691436585365855,1230,63.50251781716037,979,60.226388838554215,415
2023-05-09,11.3,6.622981179733727,2704,6.310781469907408,432,0.03882496188158962,1233,62.79668554192229,978,58.666985218446605,412
2023-05-10,10.97,7.026916533086725,2433,6.917934445221445,429,0.04083781478472786,1231,63.0182392597137,978,57.1896700776699,412
2023-05-11,10.9,9.144761620107127,2427,7.236366981220657,426,0.04060829991850041,1227,64.96023491632653,980,60.21937661407767,412
2023-05-12,10.53,10.266708241246498,2856,7.404630914893617,423,0.039546130364372475,1235,67.27677854989817,982,60.82361097349398,415
2023-05-13,11.03,9.239633310118803,2441,5.4316809689737475,419,0.03846240373679935,1231,66.86761813789582,979,61.56945692978208,413
2023-05-14,11.98,7.399339713638237,2427,3.993357788095238,420,0.03741301309328969,1222,65.69536558895706,978,60.65338105825243,412
2023-05-15,11.12,7.015264044172235,2694,6.363401444444444,423,0.03789361769480519,1232,66.04476159631147,976,58.56225802682927,410
2023-05-16,10.99,8.047338952556238,2445,7.079936273584906,424,0.04010410913500404,1237,67.1534662803262,981,57.484249309927364,413
2023-05-17,10.91,7.596075986928105,2448,6.152609110849057,424,0.04013709155485399,1267,64.88740818042812,981,55.28085726699029,412
2023-05-18,10.66,9.545877329109468,2841,6.7194630372093025,430,0.04117031987075929,1238,64.40574401019367,981,57.096027389294406,411
2023-05-19,10.29,10.981954226407451,2469,6.17434813255814,430,0.037751705882352944,1241,65.65624727319062,981,61.90227973607748,413
2023-05-20,10.95,10.414603377804976,2451,4.897256883449883,429,0.034709110751818914,1237,65.70832895603272,978,61.51389764320388,412
2023-05-21,11.71,10.90322740832106,2716,4.8319589207459215,429,0.03740940728744939,1235,66.59382223848516,977,57.13345199514563,412
2023-05-22,10.7,11.875217657282743,2451,6.885278652777777,432,0.04128096839546191,1234,67.25494535300102,983,55.72616872639225,413
2023-05-23,10.57,11.92219340862841,2457,7.041896085253456,434,0.04142722745735175,1231,67.24382443699187,984,57.630980922330096,412
2023-05-24,10.49,10.807368844087897,2867,6.7864916050808315,433,0.04201138665594856,1244,65.85614052690356,985,59.23745366343825,413
2023-05-25,10.35,7.399435891825945,2459,5.4854304,435,0.04040954065040651,1230,64.25587323045686,985,56.198138046116505,412
2023-05-26,10.02,7.109856876022913,2444,6.27518119630485,433,0.04193230719482619,1237,64.67851437804879,984,55.96552774271844,412
2023-05-27,10.85,7.050785418329637,2706,5.332192933179724,434,0.043458648,1250,65.85634585670732,984,54.77870509002433,411
2023-05-28,11.58,7.224364196054255,2433,4.736133116009281,431,0.042204469205834684,1234,66.70217212207527,983,57.37977257420925,411
2023-05-29,11.99,7.632866522134878,2417,4.503146271028037,428,0.04173128200972447,1234,68.06585746122448,980,56.68095622249389,409
2023-05-30,10.58,8.645351035112862,2791,6.1602338232558145,430,0.04031483954619124,1234,68.46207663857868,985,56.16804017274939,411
2023-05-31,10.37,9.208431082135524,2435,6.563939278422273,431,0.039892288082083664,1267,69.1220045704154,987,57.42592208937198,414
2023-06-01,10.12,10.22272518647541,2440,7.042100778290993,433,0.04133159797033568,1281,69.59086488145897,987,59.21586495923261,417
2023-06-02,9.75,10.790910059970567,2718,7.404094868663594,434,0.043987615019762845,1265,70.33857975865581,982,59.71823017505995,417
2023-06-03,10.34,10.841078389413212,2437,5.299087300925926,432,0.043194187096774195,1240,69.6789746401631,981,59.987415539568346,417
2023-06-04,10.93,10.963513645721372,2419,4.198697171693736,431,0.04090472712550607,1235,68.75423006639429,979,58.95106931490385,416
2023-06-05,9.74,12.91020416143814,2837,6.452140705069124,434,0.041317023405972556,1239,68.6361871141692,981,57.95627223076924,416
2023-06-06,9.85,19.481366008571428,2450,6.9783906201373,437,0.0435553577170418,1244,68.64588731605691,984,57.87571460047847,418
2023-06-07,9.57,18.08589334262295,2440,7.039956752293578,436,0.0408637,1240,67.57357198680202,985,60.29261043914081,419
2023-06-08,9.56,17.42890920228867,2709,6.856885392201835,436,0.04022739854486661,1237,67.45345186497462,985,59.115256107655505,418
2023-06-09,9.33,14.845054901960784,2448,6.782687306451613,434,0.04084474536663981,1241,68.36693457505072,986,57.759312736842105,418
2023-06-10,9.82,13.841592036065574,2440,5.550094635103926,433,0.043646549193548385,1240,68.71733969004065,984,60.25819585851319,417
2023-06-11,10.37,11.749950912424351,2809,4.073801295081967,427,0.03929497644191714,1231,68.13605942929807,983,64.78812320432692,416
2023-06-12,9.44,9.473439952085915,2421,4.93826475462963,432,0.03689066558441559,1232,67.32238989329268,984,66.21781675059952,417
2023-06-13,9.24,8.908993907263028,2437,5.839751678160919,435,0.038504581508515816,1233,67.9822361453252,984,63.71510952997602,417
2023-06-14,9.22,10.291131644469107,2703,6.004809164383562,438,0.03804774939369442,1237,69.39082720977596,982,62.47409705023924,418
2023-06-15,8.85,11.301768685457516,2448,6.0187103940774485,439,0.03813411129163282,1231,69.48060296243655,985,62.61302937889688,417
2023-06-16,8.68,12.474679072156542,2453,6.118309764976958,434,0.037889702526487365,1227,69.19043490621814,981,61.27854050359712,417
2023-06-17,9.03,16.019251811103352,2864,4.972767262672811,434,0.0400369959049959,1221,70.72977167315574,976,58.646536881927716,415
2023-06-18,9.56,13.931107451294697,2433,4.143999930555555,432,0.03936544526748972,1215,71.5354078534836,976,57.10450511352657,414
2023-06-19,8.9,11.62311062355372,2420,4.943441935483872,434,0.039168937704918035,1220,72.00856889150461,977,57.775438667475726,412
2023-06-20,8.76,10.865852501124438,2668,5.187853949656751,437,0.03882036025848142,1238,71.4042629389002,982,57.808722313253014,415
2023-06-21,8.57,9.372619775216137,2429,5.531840322654462,437,0.038264526742301457,1234,70.74576607309645,985,57.580128148681055,417
2023-06-22,8.44,7.76904320306038,2418,5.450764739631337,434,0.03537026645519429,1261,70.28060311437247,988,59.271237992771084,415
2023-06-23,8.29,8.383410008282318,2777,5.66515304347826,437,0.03488644524959742,1242,71.13355864741642,987,60.72618550843374,415
2023-06-24,8.56,8.962271084583334,2400,5.092765664351852,432,0.03703818087649403,1255,72.95137333231708,984,58.40461257004831,414
2023-06-25,8.99,8.692486378705636,2395,4.226235894613583,427,0.037462214743589746,1248,74.12349021928935,985,56.14588140096618,414
2023-06-26,8.17,10.721370139173304,2637,5.426863699074074,432,0.0372357982243745,1239,73.91451307598784,987,56.62101120673076,416
2023-06-27,8.09,15.688653126341865,2422,5.702602158986175,434,0.03759765189363417,1241,73.5587383915237,991,58.980062930622005,418
2023-06-28,8.17,19.499626390961858,2412,5.855188840277777,432,0.04017887177482408,1279,73.86276032894736,988,59.269631925837324,418
2023-06-29,7.96,21.150337238212526,2842,6.323248427251732,433,0.041134491777603754,1277,75.07498968452983,989,58.500926482014385,417
2023-06-30,7.76,18.165050197188922,2419,7.243344628504673,428,0.04113012197028929,1279,76.53186745233266,986,57.61191883894231,416
2023-07-01,8.14,14.217305490549828,2328,5.545716508235294,425,0.03970955177993528,1236,77.17870200411099,973,57.3010781642512,414
2023-07-02,8.62,10.611865374464772,2569,4.643904772833723,427,0.036873128267973856,1224,77.3047075405961,973,56.27689173188406,414
2023-07-03,7.95,8.917740436123347,2270,5.463393960465116,430,0.03695530226904376,1234,77.37670047191011,979,55.16056272048193,415
2023-07-04,8.49,11.917090630890053,2292,4.772655482352941,425,0.035770687296416935,1228,76.04369442169909,977,57.91603713075061,413
2023-07-05,7.78,11.24589585995458,2642,5.906904077102804,428,0.03516222024291498,1235,75.85224824387754,980,58.62972233975904,415
2023-07-06,7.73,8.018694801503095,2262,6.05629772027972,429,0.03479908930008045,1243,75.12262289897959,980,58.285473255421685,415
2023-07-07,7.66,7.441219203646065,2249,5.4712805397196265,428,0.03483972594987874,1237,74.4511585367347,980,58.57886523373494,415
2023-07-08,8.2,7.188974596191986,2521,4.5352929834905655,424,0.0346636639544345,1229,74.46874979345604,978,60.35766880145279,413
2023-07-09,8.52,6.690309838294092,2251,3.874720147342995,414,0.033233482843137256,1224,74.84400090246406,974,58.72749460583942,411
2023-07-10,7.77,7.172908455615942,2208,5.592503106888361,421,0.03548199270072992,1233,76.34670635378322,978,54.90608607748184,413
2023-07-11,7.72,7.916141145552561,2597,6.339285779620853,422,0.03747401775625504,1239,77.44131690602656,979,50.65201260869565,414
2023-07-12,7.69,8.470470956900504,2181,6.454529267772512,422,0.03668666531932094,1237,78.09700754376931,971,50.6712584842615,413
2023-07-13,7.57,8.05840357827476,2191,6.066957849056604,424,0.035753543602281994,1227,78.73585890824744,970,52.0566782276029,413
2023-07-14,7.49,8.678416308261404,2433,6.434973895981088,423,0.03624672608340147,1223,78.57220382730092,967,54.25660195620438,411
2023-07-15,7.82,11.238027547761883,2167,5.376535014492753,414,0.03458504773462783,1236,78.72674706139438,961,55.57511236585366,410
2023-07-16,8.28,13.890094593503479,2155,4.73344281686747,415,0.03446156750202102,1237,78.92447890093848,959,55.32013492665036,409
2023-07-17,7.62,17.807892384615386,2509,6.343786885167464,418,0.036105999188311685,1232,79.32591313291796,963,52.30505848668281,413
2023-07-18,7.71,14.76995471197411,2163,6.364390119331742,419,0.03571712296416938,1228,79.05125952182952,962,52.793861762135926,412
2023-07-19,7.68,11.918902556734318,2168,6.447620774881517,422,0.034935121138211386,1230,78.71093236994818,965,55.38366371186441,413
2023-07-20,7.54,10.671418304098362,2440,6.3252677129411765,425,0.037240582587469484,1229,78.50286853678756,965,56.34378899270073,411
2023-07-21,7.51,9.076801484521575,2132,6.126825938679246,424,0.035423782467532465,1232,77.82400486344538,952,55.227025474327625,409
2023-07-22,7.92,8.884499328651685,2136,5.37941206855792,423,0.03465287957689178,1229,78.23110525236594,951,51.228315767726166,409
2023-07-23,8.53,10.538103121200159,2533,5.157821476190476,420,0.036736002429149796,1235,78.87184111671924,951,51.12896517359413,409
2023-07-24,7.79,11.614759691553896,2143,6.793618241706161,422,0.03793783414239482,1236,79.42435292654774,953,53.127071009779954,409
2023-07-25,7.91,12.950975976851852,2160,7.2243458199052135,422,0.0396151319388576,1243,80.08709076285415,953,52.86787084184915,411
2023-07-26,7.92,12.929196667220607,2407,6.744241066350711,422,0.04016956500802568,1246,80.45932960229645,958,50.80869412348668,413
2023-07-27,7.77,11.672861413023256,2150,6.254855541860466,430,0.03798636392914653,1242,80.5886883696781,963,52.4807419686747,415
2023-07-28,7.7,10.433321774268464,2153,6.337318280742459,431,0.038440277551020405,1225,80.38503013513514,962,52.12523872463768,414
2023-07-29,8.13,8.050076157080523,2521,4.884370759345795,428,0.034547168170631665,1219,79.30569667640918,958,53.5625492566586,413
2023-07-30,8.58,6.921853259552656,2146,4.358174162352941,425,0.033299901054339005,1233,78.34709697803346,956,51.36959878345499,411
2023-07-31,8.12,7.920560579878901,2147,6.2452327006960555,431,0.034986748981255096,1227,77.24025887682673,958,54.29597152173913,414
2023-08-01,8.21,8.21712081550916,2347,6.224381233100233,429,0.03620385481239804,1226,76.62693772285418,967,55.87849447242206,417
2023-08-02,8.24,8.759833661736641,2096,6.381524429906542,428,0.036868159705159706,1221,76.19335649948293,967,58.00234977511962,418
2023-08-03,8.24,9.145188698473284,2096,6.229320046948357,426,0.036786771241830066,1224,75.99551847772021,965,60.68282301913875,418
2023-08-04,8.08,10.142912241819634,2506,6.01325318501171,427,0.035950525630593984,1229,76.41547554093263,965,61.049178776978415,417
2023-08-05,8.55,10.919670027619047,2100,5.136053133802816,426,0.03525559787059787,1221,76.62525151612903,961,59.21990023501199,417
2023-08-06,9.18,9.761692056829034,2094,4.367134257683215,423,0.03467920709570957,1212,76.21089161914672,961,58.86737155635492,417
2023-08-07,8.62,8.69591468992248,2322,5.448766114754098,427,0.033419320331950206,1205,75.59514080166149,963,60.01086177218225,417
2023-08-08,8.67,8.612425688792689,2079,5.320088542253521,426,0.033517640920295806,1217,75.01373383747412,966,59.81328477697841,417
2023-08-09,8.8,9.062996062709429,2089,5.616666807058824,425,0.03350822477440525,1219,75.47898651817238,963,59.640216802884616,416
2023-08-10,8.69,7.891446305229024,2467,5.76176762529274,427,0.032394069501226495,1223,75.97521822797928,965,59.86310521634615,416
2023-08-11,8.41,7.242755698193916,2104,5.411152204225352,426,0.032341025995125915,1231,76.6966914159751,964,59.04157166987952,415
2023-08-12,9.11,6.581125155049787,2109,4.64525740521327,422,0.03321690196078431,1224,77.35497387642782,963,58.472723915458936,414
2023-08-13,9.79,5.876765276766822,2363,4.039923693396227,424,0.030714276456111567,1219,76.49146996780894,963,58.59021208695653,414
2023-08-14,9.28,6.1375589698275865,2088,5.92499328372093,430,0.03146194453507341,1226,76.12937659067359,965,57.66757785336539,416
2023-08-15,9.42,6.735411854066986,2090,6.070912309302325,430,0.03240754640839386,1239,76.71918522130301,967,56.633751746411484,418
2023-08-16,9.62,7.798333224220623,2502,6.6615939584295605,433,0.03537506634692246,1251,77.48237166943005,965,53.614022543062205,418
2023-08-17,9.73,8.88053503030303,2079,6.687892424528302,424,0.03580377180114099,1227,77.37857946991701,964,55.51818004076738,417
2023-08-18,9.5,10.076693284074604,2091,6.008577408018868,424,0.03602298864557989,1233,76.58194091304348,966,54.49843968105515,417
2023-08-19,10.18,10.945208183354456,2367,5.082114845238094,420,0.03561750123051682,1219,75.42730060373444,964,56.90497637740385,416
2023-08-20,11.18,12.488808433908046,2088,4.782499125301205,415,0.033554099754701555,1223,76.19875109166667,960,66.12805412106538,413
2023-08-21,10.74,13.080519807025986,2078,5.437467572446556,421,0.03173879050736497,1222,77.15479811398964,965,65.6479921826923,416
2023-08-22,11.04,11.914011823625923,2438,5.747487572104019,423,0.0329823314378554,1231,76.3642094849741,965,62.785445743405276,417
2023-08-23,11.13,11.399122701644101,2068,6.695511976190476,420,0.03563559610705596,1233,76.8348233922997,961,60.78162382608696,414
2023-08-24,11.09,10.999333846004843,2065,6.814569261176471,425,0.0369748631147541,1220,77.55891929698858,963,60.592387461538465,416
2023-08-25,10.78,10.290312060034305,2332,6.7017470657277,426,0.035157625407166125,1228,77.01828486500519,963,62.42459374457832,415
2023-08-26,11.17,8.840259436345967,2058,5.528072457345971,422,0.033972355792933444,1217,76.59509747242456,961,59.90027030843373,415
2023-08-27,12.21,8.37946899609375,2048,5.02962640430622,418,0.03259777112387203,1219,75.32445622372529,961,57.85982073798077,416
2023-08-28,11.88,8.54600998243464,2448,6.933339142857142,427,0.03403869942669943,1221,74.94522398026999,963,55.988491403846155,416
2023-08-29,11.79,9.588024535314174,2053,7.571714909090909,429,0.0340929068627451,1224,75.53197145906735,965,54.319518978417264,417
2023-08-30,11.85,9.516684617308654,1999,7.0643748046511625,430,0.034603910964550705,1213,74.56163095426196,962,51.8110308444976,418
2023-08-31,11.58,8.151450572743208,2282,6.800111765661253,431,0.035107449713818475,1223,73.060901827622,963,49.717833480861245,418
2023-09-01,11.05,7.59857186159844,2052,6.173802414117647,425,0.03417247716150082,1226,72.81775173922186,951,56.694199011990406,417
2023-09-02,11.48,7.506303359747205,2057,5.277352599526067,422,0.035808463054187195,1218,73.94591879284962,951,62.251860788461535,416
2023-09-03,12.19,8.441578486564696,2419,4.3256573071428575,420,0.03427039388934765,1211,75.23283968809272,949,62.43169948433735,415
2023-09-04,13.13,8.64000523884257,2039,4.602503431980907,419,0.032779019008264465,1210,74.19653571549,949,64.17438137590361,415
2023-09-05,12.23,9.442286567992145,2037,6.4767436014150945,424,0.0328411393442623,1220,74.560646658588,949,61.81436221256039,414
2023-09-06,12.16,11.257736684919601,2301,6.81993870657277,426,0.03292921693548387,1240,74.51221692348008,954,58.3986046618705,417
2023-09-07,11.64,10.193295980392156,2040,7.521978447058824,425,0.03279667095736122,1243,74.39597224973767,953,55.208707539568344,417
2023-09-08,11.1,8.332318733040509,2049,7.709917430588235,425,0.03247105288852726,1229,74.03538340566037,954,53.755177759615385,416
2023-09-09,11.48,7.902757655144368,2459,6.277965992890995,422,0.03231221760391198,1227,73.2474957148847,954,55.66794335731415,417
2023-09-10,12.6,7.558951466405101,2039,5.470134129496403,417,0.030244665579119086,1226,71.91269224789916,952,60.21962573798077,416
2023-09-11,11.88,7.1974071021611,2036,7.584325124705883,425,0.02972429641693811,1228,70.75569551308901,955,63.945917317307696,416
2023-09-12,11.86,6.6536400707201375,2319,6.846624791569086,427,0.03006083360522023,1226,69.82794059224318,954,63.034786675480774,416
2023-09-13,11.81,6.427964108451393,2047,6.636818487119438,427,0.030344614379084964,1224,68.73398510167715,954,63.245127697115386,416
2023-09-14,11.47,6.662754282226563,2048,6.76141112412178,427,0.032070914447134787,1239,67.82048247064989,954,62.36755856698564,418
2023-09-15,11.05,7.387271843338816,2432,7.0349498286384975,426,0.03227319886822959,1237,67.50404458743455,955,60.47308966028708,418
2023-09-16,11.62,8.463617989320388,2060,6.468966602836879,423,0.033173723089564504,1217,68.11110622105262,950,59.67175432296651,418
2023-09-17,12.81,7.915882898288508,2045,5.47819056635071,422,0.03229374979423868,1215,68.6410527486856,951,59.45718034210527,418
2023-09-18,12.34,7.739467585620914,2295,7.13281737236534,427,0.03292549630844955,1219,68.322074795383,953,57.979101732057416,418
2023-09-19,12.36,8.386751530185004,2054,7.2373666666666665,426,0.033886340704340705,1221,67.89667262710084,952,58.43803276019185,417
2023-09-20,12.22,9.967789813352827,2052,7.363317644705882,425,0.03434915334420881,1226,68.10432428886556,952,60.06675065155131,419
2023-09-21,11.99,10.065660045528455,2460,7.282738868852459,427,0.033645714401952805,1229,67.69716439810925,952,63.92854151073986,419
2023-09-22,11.48,9.849114584023381,2053,7.1591359859484776,427,0.03439544009779951,1227,66.90500943277311,952,64.24193059665872,419
2023-09-23,12.12,8.569773393049436,2043,5.360882492924528,424,0.034221710892710894,1221,66.59050930494217,951,62.19187105011933,419
2023-09-24,13.07,7.464492027062419,2291,4.974739400954654,419,0.031103169811320754,1219,67.12655354631579,950,61.772225820574164,418
2023-09-25,12.43,6.962957734683794,2024,7.130484751773049,423,0.029822295901639345,1220,67.7956837192429,951,59.755780332535885,418
2023-09-26,12.59,6.940438463209876,2025,7.834063401425178,421,0.029324549630844955,1219,67.92282373004201,952,58.688346227817746,417
2023-09-27,12.24,6.612852661009934,2416,7.875981197183099,426,0.029907183823529408,1224,67.67094001993704,953,58.38740290191387,418
2023-09-28,11.98,7.243211890255906,2032,7.480593274881517,422,0.029885181818181818,1221,67.18732313684211,950,60.440660522673035,419
2023-09-29,11.47,7.224908009485771,2003,6.956276030805687,422,0.030733370400654127,1223,67.54455069368422,950,62.47415984210526,418
2023-09-30,11.99,8.013463864263462,2247,5.037861373205742,418,0.030498708777686626,1219,67.84229242088608,948,62.644342021634614,416
2023-10-01,12.95,8.161200576092416,1991,5.219441657766991,412,0.03121555110732538,1174,66.66227068947369,950,64.37668770873786,412
2023-10-02,12.37,8.072980645648776,1919,7.807782658711218,419,0.03251626079593565,1181,66.0989317591623,955,66.16948972048192,415
2023-10-03,12.32,9.836390401873137,2349,9.066606412887827,419,0.034097998309382926,1183,66.27422142513089,955,64.55140156144579,415
2023-10-04,12.21,9.59057546094553,1946,8.909750454761905,420,0.0329120813559322,1180,67.18090261280167,953,62.262750830917874,414
2023-10-05,11.86,7.77662545948718,1950,9.088924916267942,418,0.030067189189189193,1184,65.63419144050104,958,61.76257709397591,415
2023-10-06,11.47,6.144296523063144,2233,8.555385293975903,415,0.028162581081081082,1184,63.49727542154812,956,59.152886843373494,415
2023-10-07,12.15,5.0442355386981035,1951,6.607500466346154,416,0.02841065593220339,1180,61.10466840481172,956,56.44976091346154,416
2023-10-08,13.23,4.759695519319939,1941,6.2641018289156625,415,0.029025241086587432,1178,60.31707658534032,955,52.43966176442307,416
2023-10-09,12.61,5.200145555987894,2313,8.213826896385543,415,0.02890082242990654,1177,60.25800776384535,957,53.94311331807229,415
2023-10-10,12.81,5.8646050567595465,1938,8.580087085918855,419,0.029789539574468088,1175,60.65781716041667,960,58.447946824096384,415
2023-10-11,12.71,6.630341378142638,1949,8.036866840095465,419,0.02958368344709898,1172,59.499691219562955,961,65.2253182139423,416
2023-10-12,12.27,6.426979729043952,2207,8.235202711217184,419,0.027856420648464164,1172,58.58376619667013,961,67.33219546859902,414
2023-10-13,11.86,5.537285062821833,1942,7.738436496420047,419,0.025642575680272107,1176,58.42876660457856,961,63.369998983132525,415
2023-10-14,12.68,4.634315205287714,1929,6.8933654795180725,415,0.02391336425531915,1175,56.75356547753396,957,64.55399666019417,412
2023-10-15,13.92,3.868197888793841,2338,5.836768173170732,410,0.026122871160409556,1172,56.845085351097175,957,59.30307379611651,412
2023-10-16,13.05,4.360952187306501,1938,8.45753846793349,421,0.023881920308483292,1167,56.95559381458334,960,59.289511872289154,415
2023-10-17,13.21,5.834567217547461,1949,10.019204722748814,422,0.02570894061962134,1162,58.280954538541664,960,58.327931853365385,416
2023-10-18,12.94,7.083731793679458,2215,10.21784642352941,425,0.028357118820468343,1153,60.38715707724426,958,56.97382927228915,415
2023-10-19,12.72,7.891561534907598,1948,10.98303984,425,0.02981475543951262,1149,62.314134613138684,959,57.196250187951804,415
2023-10-20,12.3,6.910001446437724,1951,10.624316931603774,424,0.029500304952215464,1151,63.11121687280248,967,56.41895891304348,414
2023-10-21,13.11,5.781040290239726,2336,7.744352095238095,420,0.030103299563318777,1145,61.61963214596273,966,57.43539392251816,413
2023-10-22,14.29,5.255733383979328,1935,5.285058645083933,417,0.02789699650655022,1145,59.60015165871369,964,60.7892462902439,410
2023-10-23,13.63,6.014641646090535,1944,7.416594327790974,421,0.027564714036617262,1147,59.34920795440414,965,63.85006837046005,413
2023-10-24,13.81,7.510089590579711,2208,8.993082177033493,418,0.030967009548611108,1152,60.06922879214064,967,66.87088000728156,412
2023-10-25,13.51,7.395002021505376,1953,8.223606507109004,422,0.02978220942408377,1146,60.192221749741464,967,68.26606410653753,413
2023-10-26,13.17,7.2534172456765,1966,8.831301643705464,421,0.028164724587315376,1151,58.21989339896907,970,69.80431664648911,413
2023-10-27,12.6,7.782495304857621,2388,9.222973830188678,424,0.025768854656222803,1149,55.88658060556127,971,68.34167806779661,413
2023-10-28,13.27,7.156799847278226,1984,6.410501966666666,420,0.025178461605584644,1146,51.68496081733746,969,67.6705677330097,412
2023-10-29,14.41,6.314206654628688,1966,5.243391626506024,415,0.02364319527145359,1142,47.83003261673554,968,63.1276329684466,412
2023-10-30,14.1,5.903722731981982,2220,8.337861007177032,418,0.024485326029798422,1141,44.28868955371901,968,57.84334966828087,413
2023-10-31,13.73,6.444841915262889,1959,10.014946116945108,419,0.027382393728222997,1148,43.91216948659794,970,51.82380065700483,414
2023-11-01,14.53,7.289120120145002,1931,11.553073375296911,421,0.027126142857142856,812,44.54886231034482,957,49.76366013399504,403
2023-11-02,14.28,8.079183494362534,2306,13.225562330969266,423,0.029489349323493237,813,48.49742631066946,956,48.40540825742574,404
2023-11-03,13.99,9.025171415933782,1933,13.217565636150235,426,0.03170674565756824,806,53.15315567570386,959,50.9275073866995,406
2023-11-04,14.98,11.07006005598756,1929,12.296769624113477,423,0.030014324223602486,805,54.78232174712644,957,56.79339314814815,405
2023-11-05,16.5,11.968659127718649,2161,9.995369796208532,422,0.031838447204968943,805,56.25684144665272,956,58.002905398514855,404
2023-11-06,15.67,9.116843665621735,1914,9.581311206161137,422,0.03149338528678305,802,57.9481265799373,957,59.64006090841584,404
2023-11-07,15.52,8.395714552277433,1932,8.198977313679245,424,0.030250796019900494,804,56.92411101876955,959,65.59391143349754,406
2023-11-08,15.42,7.187989895752896,2331,8.014449604761905,420,0.028294986318407957,804,53.94037126200418,958,61.08490178078817,406
2023-11-09,15.13,7.728439450155763,1926,9.961200125890736,421,0.024916183291770574,802,50.53680596558916,959,58.0863316765432,405
2023-11-10,14.72,7.073219741200828,1932,10.876476102380952,420,0.024208649625935164,802,47.79817903657263,957,56.403090425742576,404
2023-11-11,15.72,7.34804192166743,2183,9.671817283333333,420,0.025358738693467334,796,47.872524462264145,954,54.84717191770574,401
2023-11-12,17.27,7.404685938860104,1930,9.468898577565632,419,0.026922209068010076,794,49.70815502210527,950,52.17873257605984,401
2023-11-13,16.41,7.987728323819408,1927,12.586351133802816,426,0.026201445692883896,801,50.61086352301255,956,52.19617202716049,405
2023-11-14,16.27,7.7495282655021835,2290,12.680461781690141,426,0.026256496863237142,797,51.203638439075625,952,52.64207502970297,404
2023-11-15,16.31,8.676014605729167,1920,13.002035929411765,425,0.02701456242118537,793,51.90645600942408,955,57.9509985382716,405
2023-11-16,15.78,9.560541055089192,1906,11.826818276995306,426,0.02494692731829574,798,53.38078610062893,954,70.56366476790124,405
2023-11-17,15.25,8.263623674515236,2166,10.041139308235294,425,0.024874166458072593,799,52.962350525210084,952,72.18189998267327,404
2023-11-18,16.45,6.96429548002103,1902,7.907259120853081,422,0.025127236180904525,796,50.558567966351205,951,70.89875170471464,403
2023-11-19,17.75,7.335979961276818,1911,7.367662787735848,424,0.029010431446540884,795,48.94183239199157,949,67.3563172970297,404
2023-11-20,16.62,6.070825996512641,2294,8.17694923640662,423,0.02539618813131313,792,48.189405470588234,952,62.17504891831683,404
2023-11-21,16.45,5.917522162232655,1917,9.411837123831775,428,0.023802733585858587,792,46.4584866726128,953,63.62540009429281,403
2023-11-22,16.29,6.100966357255107,1909,10.770401781902553,431,0.02165513417721519,790,46.14396000735294,952,62.29053451243781,402
2023-11-23,18.12,7.217290877936435,2171,8.28056043255814,430,0.024751413705583758,788,43.753559369085174,951,64.97200726433915,401
2023-11-24,17.76,6.598764878228782,1897,6.84713618224299,428,0.02608034263959391,788,39.60165841201264,949,66.53018976309227,401
2023-11-25,18.36,7.603559116217644,1893,8.319180591121496,428,0.024505687898089174,785,37.89661841894737,950,65.40746166084787,401
2023-11-26,19.64,8.465567316866935,2247,8.631950440758294,422,0.02456760791826309,783,38.36912099052632,950,67.92387812718204,401
2023-11-27,17.9,6.42584760782241,1892,9.694383352668215,431,0.024867663694267517,785,37.672271370020965,954,61.887050079207924,404
2023-11-28,17.69,7.215258889717634,1877,11.568935776223777,429,0.024624268789808917,785,37.22079473375262,954,56.846213116336635,404
2023-11-29,17.65,8.926705666038625,2123,12.546153046620045,429,0.02592796823379924,787,39.670298720881426,953,60.715972745049505,404
2023-11-30,17.13,9.884462388473853,1874,12.009427791569086,427,0.026788603535353537,792,43.1191438541448,953,70.32543939950372,403
2023-12-01,16.64,9.16615170386266,1864,11.66691018309859,426,0.02316727692307692,780,43.87931624050633,948,77.16897678908188,403
2023-12-02,17.86,9.019445510778707,2273,9.233706955082742,423,0.021928868725868723,777,45.04158828888889,945,77.45854001745636,401
2023-12-03,19.53,6.845865018766756,1865,8.050997345238095,420,0.02349868134715026,772,46.0407085,944,74.65263771321696,401
2023-12-04,18.09,6.62448288847185,1865,11.480115742924529,424,0.02126504134366925,774,45.81181483932347,946,68.63575584538654,401
2023-12-05,17.96,7.5168215719000475,2121,12.894339865248227,423,0.021655917861799216,767,45.49648534004237,944,66.56691273182958,399
2023-12-06,17.8,7.044390798395722,1870,11.153029678403756,426,0.02507438571428571,770,44.9497255281018,943,64.315977518797,399
2023-12-07,17.6,7.215433448628295,1859,10.82786873943662,426,0.026403080729166667,768,46.02826903072034,944,63.95369895989975,399
2023-12-08,17.31,8.080528057168378,2239,10.563280922352941,425,0.026379716883116883,770,46.52351996924708,943,67.06833851005025,398
2023-12-09,18.56,7.672266379644587,1857,9.012114330935251,417,0.026151674479166668,768,45.03217242189161,941,64.53409609343434,396
2023-12-10,20.7,6.204049067787419,1844,8.543975028503564,421,0.023584492167101827,766,41.96672527523911,941,61.9578543324937,397
2023-12-11,19.55,6.048991403625955,2096,11.706748490610329,426,0.021093351948051946,770,40.33823836025505,941,62.87872173551637,397
2023-12-12,19.55,7.193177602996255,1869,12.759615103044498,427,0.02252482314694408,769,40.6704653089172,942,64.00280554156171,397
2023-12-13,19.62,8.139210113685346,1856,12.194043803278689,427,0.023614922178988324,771,41.49405992136026,941,62.66003489974937,399
2023-12-14,19.41,9.572988150220263,2270,13.616445627314816,432,0.023738973890339424,766,42.211565438894795,941,61.61842887218045,399
2023-12-15,19.16,10.613645272775706,1877,14.422821479166666,432,0.023688875486381326,771,44.36959389596603,942,60.46826160902256,399
2023-12-16,21.17,10.026015997857526,1867,12.371009272727273,429,0.024332411917098444,772,44.843753391489365,940,61.62099642713569,398
2023-12-17,23.4,8.114815460992908,2115,10.803889857476635,428,0.023538297650130546,766,44.79589247765958,940,66.25484305527638,398
2023-12-18,21.76,6.309792652362846,1841,10.552460128205128,429,0.023354708712613786,769,43.3083874208289,941,64.11044996984924,398
2023-12-19,22.01,5.648027385157096,1846,10.208025318706698,433,0.024124934895833335,768,42.02866411395101,939,64.16922419849246,398
2023-12-20,21.94,7.137163999999999,2218,10.610379292343389,431,0.02290914785992218,771,44.14114754042553,940,68.55935314357683,397
2023-12-21,21.46,9.1245191808,1875,11.29690559164733,431,0.02065692912371134,776,45.32718517978723,940,72.7409747002519,397
2023-12-22,21.55,10.331017428875866,1877,11.571319537037038,432,0.019338804375804375,777,45.386850687234045,940,76.61939379899498,398
2023-12-23,23.67,10.207158026365349,2124,9.629474198135199,429,0.022961544631306598,773,46.11490389552239,938,79.92039419395466,397
2023-12-24,24.79,10.14667510979548,1858,8.587342454976303,422,0.022832509778357237,767,44.76031062486602,933,78.86099571032746,397
2023-12-25,26.32,8.903389190579318,1847,7.288011770685579,423,0.023525684415584416,770,41.947441357296135,932,75.27172653787879,396
2023-12-26,23.89,7.0713413114901265,2228,10.08839964102564,429,0.020244216145833334,768,41.682904514438505,935,74.25530743434344,396
2023-12-27,23.32,7.135727155759871,1849,10.87609613317757,428,0.021433215123859192,767,41.840839868449194,935,74.518451239899,396
2023-12-28,23.11,6.489745047282608,1840,10.391780800464037,431,0.020442360931435963,773,40.77652610470086,936,74.59921785138539,397
2023-12-29,22.16,6.461660055528961,2089,10.30552154734411,433,0.02262427237354086,771,40.53800057754011,935,70.92193298737374,396
2023-12-30,23.14,6.495702052545156,1827,9.021551863109048,431,0.022916784415584417,770,40.32847431437768,932,72.82514441161617,396
2023-12-31,23.46,8.528852060043668,1832,8.619280511574074,432,0.026118,768,39.66092714270386,932,74.25676556455696,395
2024-01-01,23.7,9.712027612068965,2204,8.045446357967668,433,0.023032015727391875,763,38.07387167414404,847,72.45742425641025,390
2024-01-02,21.36,7.379955214783075,1867,10.051907114416476,437,0.022509980494148246,769,36.820680929411765,850,72.11171139487179,390
2024-01-03,20.92,8.215231836712913,1874,10.724797857798166,436,0.02388607152145644,769,37.29874952230047,852,73.80189331377551,392
2024-01-04,20.24,6.8354375902484765,2133,9.349369598623852,436,0.02586434289439374,767,37.29135145550351,854,70.88579309693877,392
2024-01-05,19.24,7.667902422245651,1897,10.79591300921659,434,0.023914514248704666,772,36.83075586885246,854,69.98357636479592,392
2024-01-06,20.09,8.569409669846317,1887,9.372969699300699,429,0.02445193725490196,765,36.35998622941177,850,72.95276247058824,391
2024-01-07,21.04,6.604918685512367,2264,6.287997279720279,429,0.026721137434554974,764,36.1403297196702,849,70.95191682097186,391
2024-01-08,19.11,6.71368094208289,1882,8.985584808857809,429,0.024236778645833332,768,35.2977538,850,67.40678493367348,392
2024-01-09,18.71,5.337695901340482,1865,9.540334833718244,433,0.02616848496732026,765,36.39275574765258,852,70.71425921428572,392
2024-01-10,18.08,4.899399352548833,2099,8.397431164351852,432,0.02771252031454784,763,37.55380104347826,851,68.13950034438776,392
2024-01-11,17.42,6.1033371910052905,1890,9.577984767281107,434,0.027131980263157898,760,36.389742517038776,851,65.72182652173913,391
2024-01-12,16.72,6.378190244291025,1883,10.07757806235566,433,0.026708032981530343,758,33.20867792488263,852,65.96936952295918,392
2024-01-13,17.7,5.346433291327914,2214,7.48860124537037,432,0.0279806608811749,749,28.857040972941178,850,66.4145014974359,390
2024-01-14,18.58,5.800067346502937,1873,6.79737150812065,431,0.027107372311827953,744,25.223070590588236,850,66.43366863333333,390
2024-01-15,17.82,6.519686101340482,1865,9.154612997685184,432,0.0244722908847185,746,22.12091527230047,852,68.24978325575448,391
2024-01-16,17.18,7.270110421256039,2070,10.436190424942263,433,0.026561258666666664,750,23.544174064705885,850,67.51098975191816,391
2024-01-17,16.91,6.920676716729022,1871,11.326766775981524,433,0.0273230222513089,764,29.417649413915093,848,65.78634876923077,390
2024-01-18,16.47,8.057388060094887,1897,13.685537155963303,436,0.024155766404199478,762,34.75008083589138,847,66.67329392525774,388
2024-01-19,15.56,8.73570423270163,2269,11.921209565517241,435,0.026358080729166667,768,31.480887153301886,848,69.79205195897435,390
2024-01-20,16.44,6.780971987856389,1894,8.436720297235022,434,0.02806833071895425,765,29.576755070588234,850,68.37502642820513,390
2024-01-21,17.85,6.749481983545648,1884,7.61916288248848,434,0.028136770039421815,761,33.255728,848,70.98119010025707,389
2024-01-22,16.54,7.9927118822971055,2107,11.537848255760368,434,0.025508971241830065,765,38.56502975910693,851,77.92808870076726,391
2024-01-23,16.43,9.134269969505784,1902,12.955629744239632,434,0.022305119791666665,768,42.722290555294116,850,80.34364212886598,388
2024-01-24,16.34,8.452740265066666,1875,12.049782181609196,435,0.01984711345646438,758,43.77300941627358,848,85.91351832989692,388
2024-01-25,16.03,6.8426715401624545,2216,11.158608009389672,426,0.019768348958333334,768,45.315009844705884,850,84.41924753061224,392
2024-01-26,15.49,5.5478011347780125,1892,9.685481034642033,433,0.02086824155844156,770,44.62538795641932,849,78.60024593573264,389
2024-01-27,16.43,5.6229661788747345,1884,8.533403482517482,429,0.02196004150453956,771,43.92340505771496,849,73.84263537532134,389
2024-01-28,17.83,4.936858867264998,2117,7.814182762790697,430,0.023643169712793736,766,44.2675270882353,850,72.23306440102827,389
2024-01-29,16.56,5.836814538133334,1875,10.16134988425926,432,0.02433621474773609,773,44.59411183882353,850,68.79523063589744,390
2024-01-30,16.47,6.70397068644958,1904,11.47314698173516,438,0.02598107216494845,776,44.72563769320843,854,68.0575021150895,391
2024-01-31,16.48,6.928146100440529,2270,11.317185889908256,436,0.027561567774936062,782,45.40152403629977,854,67.60204892327366,391
2024-02-01,16.1,7.56755062993763,1924,10.572650078886312,431,0.026337838010204083,784,45.9236945418139,849,71.62600977692307,390
2024-02-02,15.43,7.117188733090531,1922,8.43660375638051,431,0.02793735414012739,785,44.69765444876325,849,77.80181028717948,390
2024-02-03,16.43,6.851460107276119,2144,6.87110381030445,427,0.029062512163892443,781,42.0117036162928,847,75.10437474611399,386
2024-02-04,18.01,6.590084502914679,1887,6.673965514084507,426,0.030217971685971685,777,41.68109842502952,847,71.99584977002584,387
2024-02-05,17.0,5.964616705385428,1894,8.453340344186048,430,0.02845362387676508,779,42.693609021251476,847,70.73561671428571,385
2024-02-06,16.9,7.094530465716829,2246,10.27495480778032,437,0.027837707908163267,784,42.95227544470588,850,71.81969789664083,387
2024-02-07,16.61,7.674622899843505,1917,10.571293574712644,435,0.03050501025641026,780,43.122818767962315,849,72.53098397674418,387
2024-02-08,16.39,7.594618933681462,1915,10.382510898850574,435,0.02956170166453265,781,44.83818476588235,850,69.04818267525773,388
2024-02-09,15.74,7.545450460111317,2156,9.722518467592593,432,0.02862692071611253,782,45.060002585394585,849,73.2976211185567,388
2024-02-10,16.79,7.7626876811746195,1907,8.22016515116279,430,0.02748320231958763,776,42.558061831168835,847,72.01563377002584,387
2024-02-11,18.27,6.269880293901157,1902,6.789320738317757,428,0.02484355512820513,780,41.03757235106383,846,68.75876000515464,388
2024-02-12,16.93,6.789890655293089,2286,10.040074125290023,431,0.025197885057471264,783,40.72633762588236,850,68.03184395360825,388
2024-02-13,16.61,6.110211699165798,1918,10.477036178899082,436,0.028410891165172855,781,41.191735083529416,850,65.3531686056701,388
2024-02-14,16.07,5.6501032513089005,1910,9.362565066513762,436,0.0332823583227446,787,42.20871153773585,848,63.35173152564103,390
2024-02-15,16.11,5.928469563745944,2157,9.762659556581985,433,0.03128090644753476,791,43.42370803411765,850,67.29676285421995,391
2024-02-16,15.41,5.985179258233141,1913,8.649560364055299,434,0.030374434673366833,796,39.92152553482881,847,68.18474280769232,390
2024-02-17,16.55,5.5653947537978,1909,6.238639721962617,428,0.032250253768844224,796,34.22455630070755,848,66.1087599539642,391
2024-02-18,17.77,5.477251185218165,2246,7.11653582175926,432,0.03252618592964824,796,37.96034234474616,847,62.32169195652174,391
2024-02-19,16.67,6.782308728134878,1898,10.09204929953917,434,0.032358224592220826,797,42.517491505910165,846,64.31541294358975,390
2024-02-20,16.58,8.284961057894737,1900,11.329915096551725,435,0.03236760503144654,795,46.11541339834515,846,66.08153896930946,391
2024-02-21,16.5,9.13378264634714,2149,10.076254838337183,433,0.03405014391143911,813,48.51723453246753,847,67.00696992307692,390
2024-02-22,15.95,10.281533236162362,1897,10.494669740139212,431,0.03263970460048426,826,48.61174621040189,846,68.76750413881747,389
2024-02-23,15.31,7.905951353002611,1915,10.182452349425288,435,0.031093543817527013,833,47.23066142384888,847,62.636473076923075,390
2024-02-24,16.1,5.789429122120817,2301,8.298721642857142,434,0.03426820457280385,831,45.25129700236967,844,54.646069287179486,390
2024-02-25,17.38,6.340241152872957,1897,7.8382747581395344,430,0.03501603373493976,830,48.57591315183868,843,52.201433353846156,390
2024-02-26,16.14,8.635540493690852,1902,9.834847097222223,432,0.03459756047904192,835,52.46133976477542,846,57.9062086025641,390
2024-02-27,15.92,9.836576162325581,2150,7.836576386574074,432,0.03388471816037736,848,49.908194552538376,847,64.31916874871796,390
2024-02-28,15.68,6.486628523408732,1901,7.123324291954023,435,0.03254455594405594,858,43.39858798,850,61.64723372378516,391
2024-02-29,15.26,4.681317572708114,1898,6.968976773455378,437,0.030443510096575945,1139,41.61870009753232,851,54.28824341794872,390
2024-03-01,14.56,6.1030138735529835,2246,7.95673166745283,424,0.031067263250883395,1132,45.01469157459207,858,61.51888118766067,389
2024-03-02,15.42,7.034030478740157,1905,6.337606895981088,423,0.03059939377777778,1125,48.08673989148192,857,71.15245104884319,389
2024-03-03,16.48,6.145868020602219,1893,5.073334126190477,420,0.031012060444444444,1125,49.16943769778296,857,68.64861570179949,389
2024-03-04,15.39,5.899662199812383,2132,7.0784307139479905,423,0.03075133068081344,1131,49.704672019767436,860,68.52187033676093,389
2024-03-05,15.24,5.4090856731681605,1897,7.731216244655582,421,0.02850352743362832,1130,48.59475172780374,856,70.85845296382429,387
2024-03-06,14.88,5.636881199154781,1893,7.834186364066193,423,0.027368302736098853,1133,48.64001716452742,857,72.64425999742268,388
2024-03-07,14.23,4.955152644580957,2279,6.604563960093897,426,0.027641394366197183,1136,47.61266258556461,859,75.14037442307692,390
2024-03-08,13.61,5.3067562426004224,1892,7.06384254245283,424,0.028761589991220367,1139,46.70564115151515,858,70.41281730769231,390
2024-03-09,14.58,4.380577252648305,1888,5.940716914691944,422,0.03112518221830986,1136,44.77626787179487,858,64.15447805384615,390
2024-03-10,15.36,3.582883847713343,2121,5.584634425531915,423,0.03532306707855251,1133,46.00576262222223,855,54.324020864102565,390
2024-03-11,14.42,4.249325378723404,1880,7.563292103529411,425,0.03753369169611307,1132,48.95587842191143,858,51.682008807692306,390
2024-03-12,14.26,6.0155711330858965,1886,8.520630047619047,420,0.037763150044130625,1133,52.395730219369895,857,57.93171681725888,394
2024-03-13,13.87,8.67094876114082,2244,9.289090603325416,421,0.03744426666666667,1140,52.66954560630841,856,62.14207886294417,394
2024-03-14,13.49,9.114966774655354,1886,8.126828637231505,419,0.03713423746701847,1137,52.193947672897195,856,60.550293329949234,394
2024-03-15,12.93,6.892909737739872,1876,6.558432175355451,422,0.031011056189640035,1139,49.84215521662764,854,65.29442849489796,392
2024-03-16,13.59,5.337319226799242,2112,5.987847524940618,421,0.03371496306068602,1137,50.1338664021102,853,63.08339570918367,392
2024-03-17,14.66,4.375740297441364,1876,4.675299639618138,419,0.03370090396475771,1135,48.7348161880141,851,59.213593117346946,392
2024-03-18,13.52,4.353202368589743,1872,6.284926042755345,421,0.033604464160839155,1144,46.61112918661972,852,53.59670607397959,392
2024-03-19,13.57,5.246824405656209,2263,7.477862002364066,423,0.03614967015706807,1146,48.72026613380282,852,50.737626096446704,394
2024-03-20,13.38,6.238293402452025,1876,8.217029513064134,421,0.03819750261780105,1146,49.69483922196262,856,51.86208834517767,394
2024-03-21,13.14,6.188627828510183,1866,7.248065089201878,426,0.03684097894736842,1140,48.34435439578454,854,53.35816265394402,393
2024-03-22,12.74,7.283367083017078,2108,7.664305592941177,425,0.03552726608695652,1150,48.907810451990635,854,59.16757426530612,392
2024-03-23,13.53,5.986151064136825,1871,4.966356852731592,421,0.03819693641114982,1148,47.1866650996483,853,66.78049809693877,392
2024-03-24,14.47,5.485663519913886,1858,4.196636076555024,418,0.03830414751286449,1166,44.781130921911426,858,65.30464612499999,392
2024-03-25,13.48,5.5979446366501575,2221,6.262199420803783,423,0.0381121926369863,1168,46.724183282887076,859,64.1369672117347,392
2024-03-26,13.43,4.888645357788411,1881,6.239030867924528,424,0.03397990846877673,1169,45.6005101287703,862,67.44285424556962,395
2024-03-27,13.15,5.197722476645436,1884,7.864100241050119,419,0.031523815384615385,1170,46.164647087861276,865,64.57761578987342,395
2024-03-28,12.68,6.207526640486209,2139,8.212692345323742,417,0.036673868263473054,1169,49.31910535697675,860,60.881325744897964,392
2024-03-29,12.5,6.029265894154818,1899,6.5522738939759035,415,0.041389806148590946,1171,50.47177627262181,862,58.939092956743,393
2024-03-30,13.6,6.477000680783483,1889,5.582350012106537,413,0.03936749957155099,1167,51.7368219616279,860,65.99551467857142,392
2024-03-31,14.18,6.9688522537777775,2250,4.801878558024692,405,0.03631521495327103,1177,51.734810008158505,858,71.324400657289,391
2024-04-01,13.14,7.616170051009565,1882,7.291587624096385,415,0.0329787165820643,1182,52.88107202290951,873,70.8822207841191,403
2024-04-02,13.0,6.23086519554849,1887,7.097659167064439,419,0.03519646588037068,1187,52.98930372571429,875,65.46073273762376,404
2024-04-03,12.81,3.696560762552792,2131,6.587238654676258,417,0.03719347851727043,1187,51.430226896,875,60.961308441975305,405
2024-04-04,12.5,3.6459178641909813,1885,6.380988958937198,414,0.03828900591715976,1183,50.39766037714286,875,58.89019797542998,407
2024-04-05,12.03,4.31196799841605,1894,5.6784032843373495,415,0.039236348523206746,1185,49.75664600228833,874,57.77487532019704,406
2024-04-06,12.79,4.420028624326751,2228,4.598716753026634,413,0.038728520710059174,1183,47.818530828178694,873,59.94615090886699,406
2024-04-07,13.46,4.919345435638298,1880,5.526906718826406,409,0.03918822673434856,1182,50.093334289655175,870,55.4728828960396,404
2024-04-08,12.49,6.460884372611464,1884,8.464626064903847,416,0.038408401687763716,1185,54.03927012270642,872,53.71501417487684,406
2024-04-09,12.4,7.0982390548266165,2134,8.302733536057692,416,0.03850146576500423,1183,56.160927839265206,871,53.21873640394089,406
2024-04-10,11.94,6.807090390089615,1897,8.106179259615384,416,0.03801177937447168,1183,56.21851529850747,871,57.250235206896555,406
2024-04-11,11.88,5.949572911052631,1900,7.510196835322195,419,0.03897517920540997,1183,57.05464371444955,872,57.269110657635466,406
2024-04-12,11.29,4.772399058643327,2285,6.179322339712918,418,0.04179922966101695,1180,58.44644572477064,872,52.677708083538086,407
2024-04-13,11.8,4.695181719621252,1901,4.693890716707021,413,0.044831545762711866,1180,58.715392781859926,871,50.6046309308642,405
2024-04-14,12.48,5.445260336675462,1895,4.984355153658536,410,0.04531079676870748,1176,60.83454055912744,871,53.08765202970297,404
2024-04-15,11.67,6.530347207906977,2150,6.6543086634615385,416,0.04313965820642978,1182,60.20156032989691,873,58.99250565763547,406
2024-04-16,11.43,6.609207424843424,1916,6.915500610047847,418,0.041217516863406405,1186,61.001918952000004,875,53.51191927941177,408
2024-04-17,11.29,6.991399529166667,1920,7.172081866983373,421,0.0375227827181208,1192,60.13551348,875,57.13690568550369,407
2024-04-18,10.99,6.586607768788683,2262,6.505827061611375,422,0.03533169798657718,1192,57.514024416666665,876,60.07735229238329,407
2024-04-19,10.68,6.2936924929724105,1921,5.89792460952381,420,0.03614599664710813,1193,55.739526584000004,875,57.491789746305415,406
2024-04-20,11.27,5.740160984301413,1911,4.751734551558753,417,0.036101614153327716,1187,54.29414223940435,873,55.302791275184276,407
2024-04-21,12.3,4.864707549001393,2153,4.923539266187051,417,0.035813530749789386,1187,54.34847356192661,872,50.30308746191647,407
2024-04-22,11.65,5.880810417714885,1908,6.973858997613366,419,0.04132532271584242,1193,57.06289363272312,874,47.161603840686276,408
2024-04-23,11.56,6.07445350522466,1914,6.801106878571428,420,0.041966139378673384,1191,58.42947648512586,874,51.748803254901965,408
2024-04-24,11.43,6.2389429276688455,2295,5.876035312348669,413,0.03931064507989908,1189,58.40609160228572,875,54.83380918872549,408
2024-04-25,11.24,6.390429768426555,1913,5.462473043062201,418,0.038827529907329406,1187,57.02435992351598,876,58.7876891990172,407
2024-04-26,10.87,6.530490292452829,1908,5.427489925659473,417,0.03888619512195122,1189,57.2918411391106,877,64.81785182843137,408
2024-04-27,11.3,7.0640898516968855,2151,4.11208812039312,407,0.037644157540016855,1187,59.615725387614674,872,66.80260057037037,405
2024-04-28,12.02,6.691305448785639,1894,4.720809188118812,404,0.03587985304054054,1184,60.41500827293578,872,64.35536694074074,405
2024-04-29,11.44,6.749037193736731,1884,6.719989587951807,415,0.038017808403361344,1190,61.70067184765177,873,58.790224145320195,406
2024-04-30,11.26,6.205223078431373,2244,6.49676198561151,417,0.03795986540049546,1211,61.05662118628571,875,56.116727284313725,408
2024-05-01,10.99,5.91229257631579,1900,6.151342159806296,413,0.03876165460526316,1216,61.375299683789954,876,55.42030720681265,411
2024-05-02,10.72,6.333643105429625,1897,6.598998496350364,411,0.03841677467105263,1216,61.35542768114286,875,56.48167081219513,410
2024-05-03,10.34,6.165236075708314,2153,5.8925929662650605,415,0.03638403533278554,1217,61.09942189041096,876,61.209193885085575,409
2024-05-04,11.07,5.5375105347368425,1900,4.3914605364077675,412,0.034435017326732674,1212,60.50876704805492,874,65.60467422249388,409
2024-05-05,11.82,4.697279526288118,1902,3.61234285012285,407,0.033470289495450785,1209,59.26614898167239,873,67.16723050735294,408
2024-05-06,11.09,5.591498483289358,2274,5.732338659313725,408,0.033306525577557755,1212,59.82219947247707,872,66.80165764390244,410
2024-05-07,10.95,6.265434217185029,1897,5.881926833333334,408,0.03616931907894737,1216,62.1029498859447,868,58.209631420537896,409
2024-05-08,10.69,7.00239748444913,1897,5.62412249879518,415,0.03711012757201646,1215,62.30786743448276,870,58.54511253789731,409
2024-05-09,10.48,5.972260727399814,2146,5.621113261390887,417,0.03412472928630025,1219,61.59067948623853,872,59.74379361463415,410
2024-05-10,10.1,5.195169008394544,1906,5.649781519230769,416,0.035254126229508194,1220,61.56069280870561,873,58.122212936430316,409
2024-05-11,10.7,5.305939252109704,1896,5.1028600504807695,416,0.03763399671592775,1218,62.37767326291619,871,54.172756675609754,410
2024-05-12,11.57,7.157365456405694,2248,4.690956684337349,415,0.03845196396396396,1221,64.16645615517241,870,55.90424539119804,409
2024-05-13,11.0,8.028394689509753,1897,6.479015119617225,418,0.03894542053789731,1227,65.53689335771429,875,57.88698675061124,409
2024-05-14,10.93,7.196872355718782,1906,6.406987789976134,419,0.03754294444444445,1224,64.83136183867276,874,62.20731122493888,409
2024-05-15,10.71,6.97428241651206,2156,6.1986959856801915,419,0.03738464068908942,1219,65.4425558027366,877,62.308355534146344,410
2024-05-16,10.5,6.827662221870047,1893,5.95827960576923,416,0.037623165016501654,1212,66.181148336,875,60.9973200804878,410
2024-05-17,10.14,6.715556109814323,1885,6.405614620437956,411,0.0373178407960199,1206,66.74228707586207,870,59.11295935452323,409
2024-05-18,10.67,6.905915977934686,2266,5.290724345588235,408,0.038683306922435365,1199,67.26733379976984,869,58.351330100244496,409
2024-05-19,11.26,6.635772467802022,1879,4.180726152334152,407,0.039472541736227044,1198,67.94784226804124,873,56.392118535279806,411
2024-05-20,10.5,7.230414747608926,1882,5.820575031784841,409,0.039568200329760925,1213,65.84322098744292,876,60.345796752427184,412
2024-05-21,10.39,8.14600052443609,2128,5.927310234146342,410,0.04005298780487805,1230,66.38644472862029,877,58.656819677184465,412
2024-05-22,10.35,7.416939380126183,1902,5.904272226829268,410,0.040179976345840134,1226,67.21375501254276,877,54.91756417961165,412
2024-05-23,10.08,7.469231133507853,1910,5.860398892944039,411,0.03886620510708402,1214,66.27034945330297,878,57.556805560679614,412
2024-05-24,9.84,7.656350305481873,2262,5.978608497572815,412,0.03950016078753077,1219,66.59850210921502,879,56.739578743341404,413
2024-05-25,10.33,7.173588121607516,1916,4.2469822092457425,411,0.036757807723911254,1217,66.14759327220956,878,60.75863638014528,413
2024-05-26,11.05,7.778583488445379,1904,3.8730022720588235,408,0.03862216680361545,1217,67.6132924086758,876,60.23583391747572,412
2024-05-27,11.59,6.82942550917647,2125,4.189318597051597,407,0.03758545070422535,1207,68.58817834324942,874,58.5087440902439,410
2024-05-28,10.19,5.742453914691943,1899,5.6687511564792175,409,0.03906640298507463,1206,68.91670215437003,881,54.67945031476998,413
2024-05-29,10.21,5.274394886149003,1906,5.793095549397591,415,0.038391162541254124,1212,67.67874255808655,878,54.01251607038835,412
2024-05-30,9.94,5.767146429439861,2303,5.99547640625,416,0.039521913863822804,1219,66.17857153968254,882,52.03475666343825,413
2024-05-31,9.67,6.284799419766206,1882,6.588613749397591,415,0.0418004415372036,1223,67.43319012031782,881,50.25419485679612,412
2024-06-01,10.35,6.853353517350158,1902,5.341636976019185,417,0.040537467213114756,1220,68.93766509389141,884,53.438019439320385,412
2024-06-02,10.95,6.826418577266322,2129,4.359216270731707,410,0.03717625020508614,1219,70.10767323103057,883,57.49845636253041,411
2024-06-03,9.88,7.0897432652631585,1900,6.085525898305085,413,0.03610122559474979,1219,71.3934045583239,883,60.12838613868613,411
2024-06-04,9.84,7.643406954497908,1912,5.766812026763991,411,0.03695599835255354,1214,72.72218982672706,883,58.53953674576272,413
2024-06-05,9.71,7.024167060471321,2249,6.166226835714285,420,0.03436352844187964,1213,74.07227490497738,884,56.82651253381643,414
2024-06-06,9.49,6.6673717841501565,1918,6.463810481042654,422,0.03688785313531353,1212,75.12986296384182,885,53.12379677349397,415
2024-06-07,9.22,6.372992700313808,1912,6.054914308056873,422,0.03827608484349259,1214,74.81233347570623,885,49.89499978554216,415
2024-06-08,9.79,6.02820603538175,2148,4.822235733173077,416,0.037763213872832366,1211,72.99001503628118,882,53.55198547572815,412
2024-06-09,10.41,5.67693627168234,1914,3.766633530120482,415,0.03469523203963666,1211,71.951902725,880,55.62768083902439,410
2024-06-10,9.49,5.505778832288401,1914,5.224433380382775,418,0.032995781998348475,1211,70.4769308197279,882,54.520790635922324,412
2024-06-11,9.46,6.387076728024369,2298,6.437431107142857,420,0.0364676,1210,71.98055245361991,884,52.48763229227053,414
2024-06-12,9.28,7.189412660910518,1911,6.77509228708134,418,0.04112947729149463,1211,75.16291229591837,882,49.47959219082126,414
2024-06-13,9.25,8.271275091147198,1909,6.890490580722891,415,0.044580082047116165,1231,76.32385644659091,880,49.538179031477,413
2024-06-14,8.96,8.454467660631384,2154,6.490487925301205,415,0.04338411330049261,1218,75.44412870534698,879,51.58991277128954,411
2024-06-15,9.27,7.5440854319126815,1924,5.175473669082126,414,0.041810200655200656,1221,74.53260108105023,876,47.28510416097561,410
2024-06-16,9.86,8.428189405109489,1918,4.074132686131387,411,0.04068069134775374,1202,73.86987672146118,876,47.48369765853659,410
2024-06-17,9.21,8.982152223748338,2257,5.013368968446602,412,0.03774627976686094,1201,73.77627483085715,875,53.37033182195122,410
2024-06-18,9.02,7.819324737089202,1917,4.981990251815981,413,0.03683396589018303,1202,72.01174387243735,878,52.253178508515816,411
2024-06-19,9.05,8.319357030825497,1914,5.660526486552568,409,0.036869905,1200,73.17361351308305,879,53.09946442579076,411
2024-06-20,8.92,8.685872836431226,2152,6.057782329297821,413,0.036673956016597516,1205,75.01589578677309,877,54.994438851219506,410
2024-06-21,8.68,8.8200789828125,1920,6.367900252403846,416,0.037409046396023195,1207,75.8628827258248,879,56.84244400243309,411
2024-06-22,9.1,8.662534576722338,1916,5.598413549878345,411,0.03859302666666667,1200,78.04716693500569,877,53.77607828850856,409
2024-06-23,9.66,6.952376660113587,2289,4.387765409756097,410,0.036270107769423555,1197,79.36416210514285,875,50.269256053921566,408
2024-06-24,8.84,6.0514362309697605,1918,5.3611809879227055,414,0.038581433805162366,1201,79.24972006150342,878,47.17630839608802,409
2024-06-25,8.76,7.100364289611753,1906,5.962844905797102,414,0.03943197672485453,1203,79.41969882896237,877,47.894302411764706,408
2024-06-26,8.82,6.804004581963363,2129,5.955820159036145,415,0.03751278036605657,1202,77.56306327771429,875,54.45514816707617,407
2024-06-27,8.72,5.6131232330148615,1884,5.028414213429257,417,0.03644490050167224,1196,75.1017575518814,877,55.95941138780488,410
2024-06-28,8.59,6.178368957591623,1910,5.343787698564594,418,0.03621108818635607,1202,74.7484540763968,877,52.686202541463416,410
2024-06-29,9.02,6.847530371630579,2263,4.373848740291263,412,0.03320449622799664,1193,76.77107805949656,874,56.04632556372549,408
2024-06-30,9.44,5.74986826606479,1883,3.941926943627451,408,0.03189715146443514,1195,76.59819504004577,874,55.93030598034398,407
2024-07-01,8.8,5.32294790586991,1891,4.840747004796163,417,0.034213505376344086,1209,74.46879143935926,874,53.2751906977887,407
2024-07-02,8.82,6.4368215146171694,2155,5.6842322619047625,420,0.03909544105523496,1213,75.79931815981735,876,49.89037583618582,409
2024-07-03,8.67,7.361464380062305,1926,6.0487174547619045,420,0.03715210444078947,1216,77.48990749942988,877,50.33727364878049,410
2024-07-04,9.25,10.812489351909184,1938,4.932713891566265,415,0.034898608552631584,1216,77.35162624515394,877,53.71048090441177,408
2024-07-05,8.71,9.87464366189236,2304,5.494872707838479,421,0.03579559124690339,1211,77.4605714760274,876,52.49565132678133,407
2024-07-06,9.17,7.4570309911041335,1911,4.937264211401425,421,0.037053122821576766,1205,77.82466651088203,873,50.97770193103448,406
2024-07-07,9.68,7.6305623259493665,1896,4.607175260143198,419,0.036956473466003316,1206,77.73554699541285,872,52.3782793308642,405
2024-07-08,8.94,8.319779049881236,2105,6.291539495215311,418,0.038713878661087865,1195,78.18333746057144,875,52.18476201724138,406
2024-07-09,8.92,8.933295206038135,1888,6.913346863414634,410,0.03824160099337748,1208,78.73051665272938,861,52.78834003007519,399
2024-07-10,8.86,8.088516103629669,1901,6.409124678743962,414,0.03796444078947368,1216,79.44354824798154,867,50.6578881414392,403
2024-07-11,8.72,8.274563657079646,2260,6.744691889156626,415,0.039088104958677684,1210,79.9408676367816,870,48.41541828465347,404
2024-07-12,8.57,9.246302602195504,1913,7.335103434782608,414,0.038866229013854926,1227,80.18554714678899,872,50.75821283663366,404
2024-07-13,9.09,9.304589421578948,1900,5.6351866195121945,410,0.03883578400659522,1213,80.42086956170704,867,51.851491417910445,402
2024-07-14,9.57,9.681537111996251,2134,4.66521862990196,408,0.03783876719138359,1207,80.52306810829492,868,52.80825337530864,405
2024-07-15,8.91,9.863058326465929,1893,5.714293033734941,415,0.03978341652892562,1210,80.03398560665137,872,54.205984669950745,406
2024-07-16,9.03,8.904035731034483,1885,5.847138388888889,414,0.03862332976092333,1213,78.85247354879449,871,54.76374798522168,406
2024-07-17,9.09,7.98187458782304,2283,5.837874555288462,416,0.036206797197032146,1213,77.64711010586882,869,55.23527078325124,406
2024-07-18,9.07,7.270579437532947,1897,5.849869582938389,422,0.03503849178981938,1218,76.6346289977038,871,53.11720620689655,406
2024-07-19,8.78,7.28691256210191,1884,6.3343251678487,423,0.03681873420836751,1219,76.8314576639816,869,50.76545191315137,403
2024-07-20,9.38,8.289211807674311,2137,5.639589119331743,419,0.03787403624382208,1214,77.18306533218392,870,53.287232504950495,404
2024-07-21,9.9,8.896502609134359,1883,4.601308600484261,413,0.0367970986949429,1226,76.44820787126437,870,56.007731261728395,405
2024-07-22,9.44,9.959716632135306,1892,6.392610647482014,417,0.036315097959183675,1225,76.583667736,875,56.79245748410758,409
2024-07-23,9.41,10.249041065333333,2250,6.717345927536232,414,0.03756603025347506,1223,77.61318977459955,874,54.89650048655257,409
2024-07-24,9.47,10.244177654631084,1911,6.290359167865708,417,0.03496646885245902,1220,78.23935811481056,871,54.278544400978,409
2024-07-25,9.39,10.298492146506778,1918,6.0660853741007195,417,0.034696308380797396,1229,77.84046305383734,873,54.10555429828851,409
2024-07-26,9.09,9.596805093475243,2161,6.015898569711538,416,0.03477629854368932,1236,75.9822425228833,874,53.11862793902439,410
2024-07-27,9.68,10.760101673277662,1916,5.231761251207729,414,0.03511789504132231,1210,74.67964786498857,874,55.717704892682924,410
2024-07-28,10.27,10.367814964921465,1910,4.674428012195122,410,0.03482423383084577,1206,75.35840188774341,873,55.78802449144255,409
2024-07-29,9.62,9.093808444687363,2287,5.868928448441247,417,0.03384183100902379,1219,76.8219142631579,874,54.9763246902439,410
2024-07-30,9.63,8.851003950157398,1906,5.857371628915662,415,0.03520637091503268,1224,78.06448851487414,874,53.90804072127139,409
2024-07-31,9.85,10.27101539334027,1922,6.254271199040767,417,0.036331218241042344,1228,78.55895585028571,875,54.78071686797066,409
2024-08-01,9.55,11.113680187037037,2160,7.133998717703349,418,0.03768242973856209,1224,80.29206030444698,877,51.87541367883211,411
2024-08-02,9.36,10.226351095683826,1923,6.933868250596659,419,0.0367454008097166,1235,80.60109630533485,881,52.31594959806296,413
2024-08-03,9.81,8.96345794568029,1933,5.452194804819277,415,0.03655455518945634,1214,80.56051116931818,880,52.35113186650485,412
2024-08-04,10.46,9.185145881782091,2267,4.953870028846154,416,0.03560401883701884,1221,79.98516379659091,880,54.416628541262135,412
2024-08-05,9.71,9.618669150419288,1908,6.621599098557692,416,0.03678342624286878,1227,79.74816395681817,880,53.72301934223301,412
2024-08-06,9.84,8.650019112676057,1917,6.150995811594203,414,0.03595530944625407,1228,78.4896256473265,879,55.480381109489045,411
2024-08-07,9.82,7.865894429767442,2150,5.503230901204819,415,0.03448150980392157,1224,76.88603202850626,877,56.44631205882353,408
2024-08-08,9.67,8.207720868639667,1926,5.703276492822967,418,0.03523228016194332,1235,75.52802426734927,879,59.12739278588808,411
2024-08-09,9.58,7.83634502065049,1937,5.168587468899521,418,0.032871595141700405,1235,74.72332022095672,878,58.815113931707316,410
2024-08-10,9.97,7.582981282439446,2312,4.684651359903381,414,0.03325111721311476,1220,74.91544896700796,879,55.34498020681265,411
2024-08-11,10.59,7.392155771857217,1933,4.461900866828087,413,0.03251906568144499,1218,74.949393285877,878,54.86005997560976,410
2024-08-12,9.99,7.258070809176225,1918,6.07832773444976,418,0.03114203865131579,1216,74.37395081621004,876,58.5521745,408
2024-08-13,10.16,8.021980774988377,2151,6.212289770883055,419,0.030554017199017198,1221,74.4444787309008,877,59.27760288753056,409
2024-08-14,10.25,9.427959103608247,1940,6.487190880952381,420,0.032523021276595745,1222,74.84641269520549,876,57.55416298284314,408
2024-08-15,10.19,9.500128136787565,1930,6.788407145584726,419,0.03325495,1220,75.79597842873433,877,55.660824185819074,409
2024-08-16,10.0,9.636052411868132,2275,6.573461763157895,418,0.03536017213114754,1220,77.14542964685715,875,55.02625034558823,408
2024-08-17,10.55,8.873209984768907,1904,4.490003330935251,417,0.03319784336356142,1213,76.37979674141876,874,59.89882292892156,408
2024-08-18,11.54,8.203768492055085,1888,3.9604538389423074,416,0.03281045596707819,1215,76.02197648394494,872,62.01114891666667,408
2024-08-19,11.04,7.56399179315197,2132,5.911114908872902,417,0.032716472563472564,1221,75.60245677459955,874,57.718936669117646,408
2024-08-20,11.15,6.594146115025906,1930,5.962448745238095,420,0.03334464150943396,1219,74.49645994380734,872,50.55033671007371,407
2024-08-21,11.2,6.662838558488613,1932,6.264892572792363,419,0.034226433278418456,1214,73.52057395667048,877,50.262222897560974,410
2024-08-22,11.14,7.2716170452001725,2323,6.582520642685851,417,0.03498277567789647,1217,72.26508683219178,876,54.5986454403893,411
2024-08-23,10.77,8.060791049510057,1939,6.582901940476191,420,0.03727463918367347,1225,72.60432906971428,875,56.98538916545012,411
2024-08-24,11.19,9.031522129668051,1928,5.675958928229665,418,0.03818787181594084,1217,73.95317561741122,873,55.989787902439026,410
2024-08-25,12.28,9.54337916542751,2152,5.156982370813397,418,0.03789193601312551,1219,74.26558098165138,872,55.71089214914426,409
2024-08-26,11.86,9.494655595933263,1918,7.568357421428572,420,0.036988205400982,1222,74.71598002742857,875,56.261325566909974,411
2024-08-27,11.78,9.284850503904217,1921,7.812364287410927,421,0.03890636161449753,1214,75.64243186368844,873,53.24963097804878,410
2024-08-28,11.53,8.046425249562171,2284,6.8956341071428575,420,0.036505657048639735,1213,75.613966368,875,52.13149593932039,412
2024-08-29,11.25,7.261633707029246,1949,6.498921807142858,420,0.03420606710310965,1222,74.01945114383561,876,53.14109195377129,411
2024-08-30,10.72,7.082831248587571,1947,6.641468727272728,418,0.033406350245499185,1222,74.16414156621005,876,55.093463041162224,413
2024-08-31,11.07,6.44972694724875,2199,5.516454784688995,418,0.03364854224774405,1219,74.65534483867278,874,54.51695497080292,411
2024-09-01,11.79,6.882276357363543,1942,4.617145971084337,415,0.03368541455437449,1223,74.8516667437071,874,53.45454759512195,410
2024-09-02,12.64,6.21953424754522,1935,3.991485543478261,414,0.03240195809367297,1217,73.05514329061785,874,49.56215079512195,410
2024-09-03,11.73,5.944569498921019,2317,6.750823745803357,417,0.033870577395577396,1221,71.92871058628572,875,50.54049860731707,410
2024-09-04,11.65,7.584959783769902,1947,7.787632243436755,419,0.035415650406504066,1230,72.19026223059362,876,52.79140349878345,411
2024-09-05,11.2,7.994182295897436,1950,8.058545933333333,420,0.0355017812244898,1225,73.60128507428571,875,52.249228163414635,410
2024-09-06,10.68,7.496853601190476,2184,7.233827565947243,417,0.032842166802943586,1223,72.77466246971429,875,52.13102949144254,409
2024-09-07,11.22,6.464095567497404,1926,5.365130660146699,409,0.03205092522596548,1217,70.717315860252,873,49.829382894348896,407
2024-09-08,12.1,6.207281514598541,1918,5.382599694376529,409,0.03266156332236842,1216,69.90190596781609,870,44.84708545679012,405
2024-09-09,11.62,7.008800539069359,2278,8.029400384615384,416,0.0335369180999181,1221,71.62829478146453,874,43.834309253071254,407
2024-09-10,11.45,7.751766298862461,1934,8.459208455635492,417,0.035166524938675385,1223,71.42347230434783,874,46.75154809090909,407
2024-09-11,11.49,9.41196752334025,1928,7.7862300623501195,417,0.03613855817737998,1229,70.74683512399541,871,52.28909596059113,406
2024-09-12,11.28,8.42575548357242,2161,7.092722875598087,418,0.03781906661184211,1216,69.56230033065442,871,56.111300785185186,405
2024-09-13,10.78,7.36046640093361,1928,7.398026863961814,419,0.03465757107843137,1224,69.88831353881278,876,56.97696367321867,407
2024-09-14,11.31,6.89833796723869,1923,5.777662007211538,416,0.03452079245283019,1219,71.84180135542857,875,55.58175063300493,406
2024-09-15,12.16,6.534352547588004,2301,4.472729033816425,414,0.032704572839506174,1215,71.21735094965675,874,56.71811835960591,406
2024-09-16,11.59,6.189076092139511,1921,5.946145715990453,419,0.03215038683127572,1215,69.52514297146118,876,59.445450997549024,408
2024-09-17,11.54,6.141581163476461,1933,6.6235564399038465,416,0.03185427002477292,1211,68.04156511174457,877,63.68516607090464,409
2024-09-18,11.43,6.326438615632184,2175,7.482536634615385,416,0.03215214979423868,1215,68.58242306849316,876,62.33188028921568,408
2024-09-19,10.97,6.4501664343329885,1934,7.246896578313253,415,0.03336647865353038,1218,70.35695518700115,877,59.741203848780486,410
2024-09-20,10.63,6.702831595755693,1932,7.494677689903846,416,0.03396473142857143,1225,70.91845087571267,877,57.793948739024394,410
2024-09-21,10.98,6.862438835073978,2298,5.979498428223844,411,0.03445431234668847,1223,69.43945704680365,876,59.03675776097561,410
2024-09-22,11.94,6.17507890984456,1930,5.322794360294118,408,0.03173691468416735,1219,68.18402768378995,876,61.46285424390244,410
2024-09-23,11.45,5.933835112676056,1917,7.10040271942446,417,0.029014253071253073,1221,68.00612205257143,875,60.01045093414634,410
2024-09-24,11.43,5.958337191420664,2168,7.503954011933175,419,0.029747705930807247,1214,69.46704323630136,876,59.22266249635037,411
2024-09-25,11.14,5.3222462602094245,1910,7.210169627403847,416,0.029807967445742902,1198,69.75728166476625,877,58.87477476399027,411
2024-09-26,10.82,5.355287686910994,1910,7.870351446555819,421,0.03065783207388749,1191,69.81922489497717,876,56.40778144768856,411
2024-09-27,10.52,5.753012572062084,2255,8.201895923444976,418,0.0322102128922816,1179,70.07842582245132,873,55.30283289242054,409
2024-09-28,11.08,5.746945626385224,1895,6.732657567307692,416,0.03187550382327953,1177,70.81695125465116,860,53.46326557037037,405
2024-09-29,11.81,5.6430419804543055,1893,5.690504685851319,417,0.029025707979626485,1178,70.67757246118192,863,53.107030958024694,405
2024-09-30,11.34,6.512452012735849,2120,8.362370324582338,419,0.028632128248114,1193,68.61011411880047,867,52.58601519211823,406
2024-10-01,11.15,6.939574324451411,1914,8.608081383693046,417,0.030116031007751936,1161,67.83790491734575,859,48.89714843349754,406
2024-10-02,11.11,7.208352165879265,1905,9.138170519138756,418,0.032149975149957155,1167,67.99550640140023,857,47.0345370591133,406
2024-10-03,10.82,7.915834026455027,2268,9.660340995238094,420,0.033974196229648666,1167,67.94614612093022,860,49.25075205665025,406
2024-10-04,10.57,8.268504510384217,1926,9.351734071090048,422,0.03347154670094259,1167,68.93531279582366,862,50.929669140049135,407
2024-10-05,10.92,8.345094422877846,1932,7.159742139810427,422,0.035668979363714534,1163,69.62692026193248,859,48.60049667407408,405
2024-10-06,12.17,8.630080531698287,2161,6.510085833333333,420,0.034676736887360275,1163,68.38851843655414,859,48.22807721728395,405
2024-10-07,11.76,8.237296694924124,1911,8.690338536817102,421,0.03212818126626193,1153,66.54865825925926,864,47.19939432029339,409
2024-10-08,11.54,8.044300348031497,1905,9.725402940047962,417,0.03240704712041884,1146,65.05215224593968,862,46.30808053300733,409
2024-10-09,11.59,7.819281982056893,2285,9.774195747596155,416,0.03425514561403509,1140,64.80215280836237,861,47.58803783578431,408
2024-10-10,11.33,7.506738541578947,1900,9.284928156626506,415,0.032342927689594354,1134,64.42434130313589,861,47.289325658476656,407
2024-10-11,11.01,8.12587780829832,1904,10.25945830769231,416,0.03581054577464789,1136,65.10538780487805,861,45.898152835380834,407
2024-10-12,11.45,8.358218135854342,2142,8.128181166666668,414,0.035808541703248466,1139,65.19308090592335,861,48.66562811302211,407
2024-10-13,12.47,8.051236492623815,1898,6.3641559170731705,410,0.03560563333333333,1140,63.10102033178114,859,52.883248009828016,407
2024-10-14,12.16,6.337855569246972,1899,7.0257944375,416,0.029442993881118883,1144,60.936963048723904,862,53.06750860784314,408
2024-10-15,12.13,5.902387609485816,2256,8.018412278846155,416,0.03023581260945709,1142,58.80492411948956,862,53.885358226044225,407
2024-10-16,12.01,5.5016450397074195,1914,6.942019368932039,412,0.027975410097431354,1129,56.19529768060395,861,55.79596965517242,406
2024-10-17,11.73,5.758359500783289,1915,7.949919809178745,414,0.03017257320319432,1127,54.32668659001162,861,60.23752483497537,406
2024-10-18,11.26,6.981356810584958,2154,8.40671092124105,419,0.030456265360641138,1123,53.83790801627907,860,55.86316389629629,405
2024-10-19,11.82,8.031615868869386,1937,9.196869527710843,415,0.03112175177935943,1124,56.66719418479533,855,53.42505414320987,405
2024-10-20,12.9,8.372739377903976,1937,9.449894840963855,415,0.03488821816562778,1123,59.56165636374269,855,52.862612071604936,405
2024-10-21,12.57,8.589528327698309,2307,12.172592081145586,419,0.03597132386867791,1127,61.40379681892523,856,51.1311292345679,405
2024-10-22,12.58,8.783320881224066,1928,12.212744237410073,417,0.03527438563829787,1128,61.736426367132864,858,53.41211797530865,405
2024-10-23,12.6,8.117653623767515,1927,11.181934353221958,419,0.032681577973568285,1135,61.51957739160839,858,54.56492346666666,405
2024-10-24,12.18,6.880734130694892,2173,9.836598767772513,422,0.030977500440528636,1135,58.80482881191589,856,53.559404905940596,404
2024-10-25,11.69,7.8534540212435235,1930,11.271873085308057,422,0.031060036283185842,1130,57.882366957993,857,55.719792014814814,405
2024-10-26,12.18,7.73472286570248,1936,9.700915111374407,422,0.03223646949602122,1131,58.69705003733956,857,50.797526972839506,405
2024-10-27,13.38,6.9050698297593,2285,8.612421071770335,418,0.030961387610619468,1130,58.051945283040936,855,51.32551333910891,404
2024-10-28,13.12,7.535118059400827,1936,8.340375174224343,419,0.03285472173144876,1132,58.395377904317385,857,57.12536056790123,405
2024-10-29,13.03,8.665827873138163,1947,7.2385487553956835,417,0.033779515583259125,1123,57.76567840654206,856,64.97032070967742,403
2024-10-30,12.61,8.496870047989031,2188,8.337805459330143,418,0.03090285573476702,1116,57.02639222807017,855,66.59024390099009,404
2024-10-31,11.89,6.522858627895007,1943,8.852746560859188,419,0.029580966101694917,1121,54.85758347423887,854,65.66187146782178,404
2024-11-01,11.96,5.930047837615621,1946,8.693653811904761,420,0.02827579649122807,855,52.872368899645814,847,63.39369904260652,399
2024-11-02,12.69,6.199939349056605,2332,6.937479615384616,416,0.02934997192982456,855,53.04135286863905,845,66.78647815075377,398
2024-11-03,14.02,5.647663293450233,1939,5.500376873479319,411,0.029227012895662367,853,53.31222721183432,845,67.66528740954774,398
2024-11-04,13.38,5.654335901444789,1938,7.914294283980583,412,0.026569880434782606,828,54.18629540661939,846,65.7110352361809,398
2024-11-05,13.17,5.403127352293578,2180,8.564121105515587,417,0.027686861111111113,828,54.30742181582054,847,66.61529363408522,399
2024-11-06,13.41,5.920558922320041,1931,7.399053203836931,417,0.025745969097651422,809,52.06421505785124,847,62.67289564160401,399
2024-11-07,12.93,6.381489448525608,1933,8.436902059808613,418,0.023634467162329618,807,51.03889485613208,848,60.40381582,400
2024-11-08,12.26,7.017414194759825,2290,9.469111907363422,421,0.025346684144818974,801,51.08623631213192,849,60.66337083291771,401
2024-11-09,13.16,7.43555421948718,1950,9.240737472553699,419,0.025464733416770965,799,50.753509334905665,848,58.3115283117207,401
2024-11-10,14.4,8.058895700258399,1935,9.502980028639618,419,0.02670964411027569,798,53.13041792080378,846,60.66918268250001,400
2024-11-11,13.83,5.551421374825825,2153,9.044841942720764,419,0.027567853720050443,793,53.400529427046266,843,63.35520080451128,399
2024-11-12,13.91,4.577548810146443,1912,7.814551565320666,421,0.02783778670012547,797,49.612855050767415,847,61.9777436641604,399
2024-11-13,13.9,5.5460750807871575,1931,10.12258612142857,420,0.026762487867177522,783,48.26232961556604,848,58.557363025,400
2024-11-14,13.73,5.858312987925831,2319,11.275344173809524,420,0.025785360718870345,779,48.62394441273585,848,60.791773503759394,399
2024-11-15,13.15,6.372015008780992,1936,9.526152556872038,422,0.028338408450704226,781,47.97277343447462,847,63.89402365,400
2024-11-16,13.87,6.3878378871635615,1932,6.962269392857143,420,0.029408865211810013,779,47.53708061018957,844,64.12430285964912,399
2024-11-17,15.2,7.337400858915441,2176,7.887659687350835,419,0.027997317480719795,778,49.42883395848161,843,62.85397762311558,398
2024-11-18,14.64,7.649116088265836,1926,9.633242626477541,423,0.02836388746803069,782,50.10132456516588,844,66.46013897236182,398
2024-11-19,14.7,6.308186972395833,1920,10.115208523584906,424,0.026174921794871797,780,47.43621675386444,841,61.14898367506298,397
2024-11-20,14.33,5.4238464600794005,2267,10.934648971360382,419,0.026993489743589744,780,45.60075929166666,840,55.2628198560606,396
2024-11-21,13.96,4.684409188778186,1907,11.321260539568346,417,0.024714301404853128,783,44.42931684780024,841,56.53275166919192,396
2024-11-22,13.65,5.204196001046573,1911,11.580005730310264,419,0.022974946153846154,780,45.99009278953627,841,59.33500717884131,397
2024-11-23,14.68,5.518945484440316,2153,8.534982002398083,417,0.026433537275064267,778,47.03111905119048,840,64.48743180050505,396
2024-11-24,15.78,6.422801166407465,1929,6.589330891566265,415,0.026791541025641026,780,47.63630542073897,839,68.02687837150127,393
2024-11-25,14.79,7.003058993753253,1921,10.243695381861576,419,0.0233144152866242,785,45.99466098578199,844,69.22846872110553,398
2024-11-26,14.63,6.329970896193772,2312,10.157796549528301,424,0.02141058576874206,787,44.20054793491124,845,73.09077871177945,399
2024-11-27,14.56,7.147969095360825,1940,9.515151182033097,423,0.022387392902408113,789,44.067393514792904,845,71.13145896491228,399
2024-11-28,15.79,6.498543290355854,1939,6.550955083333333,420,0.024598434010152288,788,39.53382907345972,844,69.33069155639097,399
2024-11-29,15.81,6.381638122109158,2162,7.9716159575471695,424,0.02469853807106599,788,36.16457316963226,843,61.71683280200501,399
2024-11-30,16.2,7.1695496352631585,1900,9.229807548463356,423,0.02436266751592357,785,36.278195201660736,843,58.352579320802,399
2024-12-01,17.34,8.558300600104277,1918,10.324243676122931,423,0.024497310256410255,780,37.815821914387634,841,59.906543414999994,400
2024-12-02,16.17,8.422177314020345,2261,12.756935853080568,422,0.022442893453145058,779,37.89194737914692,844,62.340729177499995,400
2024-12-03,15.9,9.450765785381027,1929,12.309833725118484,422,0.0239040464516129,775,38.91670038908659,843,63.004609438596496,399
2024-12-04,15.73,10.295146428126623,1927,11.963124349168647,421,0.024440785806451613,775,41.06528808649289,844,64.13715599999999,400
2024-12-05,15.29,8.0538612613321,2162,10.31148679047619,420,0.02403956290531777,771,38.96967212009512,841,62.90195207537688,398
2024-12-06,14.93,7.830736723260643,1926,11.264515397163121,423,0.024265824902723734,771,37.752431896305126,839,57.78959488161209,397
2024-12-07,15.8,8.932274456285565,1933,11.169156859484778,427,0.02380027698309493,769,41.272210252090794,837,56.980231277777776,396
2024-12-08,17.5,8.351675300258844,2318,9.728404630588235,425,0.024539054758800524,767,45.38844086499403,837,62.15644064141414,396
2024-12-09,16.38,7.848634209024897,1928,10.354608011792452,424,0.024109324641460237,767,44.37294599283154,837,69.77777513131313,396
2024-12-10,16.32,7.998280229362591,1914,9.691859585308057,422,0.022981123036649214,764,40.41486525833333,840,65.52550971284634,397
2024-12-11,16.12,6.712548399350649,2156,11.185918964871194,427,0.024177930079155672,758,38.4052767,840,59.42566064483627,397
2024-12-12,15.99,6.207503079166667,1920,10.848547910165484,423,0.027253633507853404,764,36.024756476190475,840,56.32514874307305,397
2024-12-13,15.64,7.0019325835929385,1926,10.899165981176472,425,0.026238418635170603,762,37.724663066746125,839,64.48171498992443,397
2024-12-14,17.02,7.81798823870682,2258,9.569827471830985,426,0.0259937628458498,759,42.14184748506572,837,65.11403879545455,396
2024-12-15,18.96,7.348892299843832,1921,9.302044910588235,425,0.02518995926412615,761,43.72606053110047,836,70.00782901012658,395
2024-12-16,18.1,6.482045440352698,1928,11.325923620608899,427,0.023013262123197903,763,45.66772421837709,838,70.39304981772152,395
2024-12-17,18.07,6.8442397877532235,2172,11.14221997393365,422,0.02191395532194481,761,46.46649996066746,839,68.2986674534005,397
2024-12-18,18.19,7.4744342805128205,1950,11.585317002364066,423,0.022118667539267018,764,44.70561093667862,837,65.75130880856423,397
2024-12-19,17.96,7.4474760435005125,1954,11.37320081690141,426,0.021119870418848167,764,41.903824198573126,841,63.61852210632912,395
2024-12-20,17.84,8.394544544753748,2335,12.146682082159625,426,0.022738859764089122,763,39.865506487514864,841,65.75100190404041,396
2024-12-21,19.65,7.117474630445925,1951,10.173517118203309,423,0.02608805657894737,760,37.97727002147971,838,61.996974295165394,393
2024-12-22,21.64,7.816413195966908,1934,10.51890029009434,424,0.025987517786561266,759,39.16103567661098,838,62.50311609113923,395
2024-12-23,20.09,8.573391654903757,2182,12.625415185446009,426,0.02470346409574468,752,42.89272373690476,840,66.64208338227849,395
2024-12-24,21.2,9.756886550561797,1958,10.481961661971832,426,0.024905368073878626,758,43.13832550238095,840,74.4355137020202,396
2024-12-25,24.55,9.798491283076924,1950,7.446323323943662,426,0.025365259946949603,754,41.76951272076372,838,75.93189792405063,395
2024-12-26,22.27,9.105088920315236,2284,10.108491023529412,425,0.023401985488126647,758,43.19904817619048,840,75.77507258838384,396
2024-12-27,21.45,8.940850701898409,1949,10.73518947764706,425,0.02332361456953642,755,45.104420828367104,839,76.90349057468354,395
2024-12-28,23.19,7.33692688741044,1954,9.800236104265403,422,0.022107480794701984,755,48.020366996415774,837,79.95045728101266,395
2024-12-29,23.85,5.983097140083218,2163,8.3172465035461,423,0.027317512582781454,755,47.43504523775388,837,79.27165386868687,396
2024-12-30,21.16,5.577510153008299,1928,8.146333108235293,425,0.026898887417218544,755,45.58866996778043,838,71.31335400252526,396
2024-12-31,21.01,7.003573674466979,1923,9.351290896955504,427,0.027787933065595717,747,40.81500451555024,836,70.92471927594937,395
2025-01-01,22.36,6.8206880918412836,2243,7.332306726817043,399,0.025521766251728906,723,37.543613635999996,750,66.82930725876011,371
2025-01-02,20.55,6.523061583029672,1921,9.968731885,400,0.02328958068965517,725,38.921625603195736,751,63.24718658333334,372
2025-01-03,19.64,7.234718911398963,1930,10.310951980099501,402,0.02622127210884354,735,39.042507125166445,751,63.87104377688172,372
2025-01-04,20.61,5.631590239312267,2152,6.812618638888889,396,0.028836089918256133,734,36.856226113333335,750,63.274054217741934,372
2025-01-05,21.32,5.6326821355578724,1918,7.649133356060607,396,0.02797334842249657,729,35.9068518482024,751,63.07757300806451,372
2025-01-06,19.51,5.376515144050105,1916,9.128245005037783,397,0.027758214774281805,731,32.93135469680851,752,68.68984833870968,372
2025-01-07,19.08,5.163922209156194,2228,7.101589893300249,403,0.029832365753424656,730,31.881376134666667,750,61.85610283333333,372
2025-01-08,18.66,6.765717468062827,1910,8.356687032418952,401,0.028336598620689653,725,31.074132973333334,750,56.75527404864865,370
2025-01-09,18.07,8.160451740273396,1902,9.693494105793452,397,0.02964561950549451,728,32.00148345406125,751,58.53695030997305,371
2025-01-10,17.55,9.335323372410546,2124,11.015600703980098,402,0.028586449035812676,726,33.52390547473404,752,60.14041588471849,373
2025-01-11,18.85,7.870766593308939,1913,9.03415275124378,402,0.029885413223140495,726,35.65624947669774,751,62.95950372117962,373
2025-01-12,20.22,7.9050224409282706,1896,8.644014094527362,402,0.027969407407407405,729,34.90057041544607,751,60.9184011689008,373
2025-01-13,18.57,6.638980502676182,2242,10.339455962779157,403,0.02775204924760602,731,32.79497954133333,750,58.17305090591398,372
2025-01-14,18.49,6.146870440740741,1890,10.909337448019802,404,0.027792738775510202,735,31.923291873333337,750,54.937503102150544,372
2025-01-15,18.45,7.569931488666316,1897,12.173056787128713,404,0.02662506830601093,732,33.55845160133333,750,55.33202388948787,371
2025-01-16,18.55,8.73752653018868,2120,14.476800166253103,403,0.0266652243502052,731,36.791939427430094,751,59.224638500000005,372
2025-01-17,18.05,9.14209234288692,1919,12.755856256157635,406,0.030462129905277403,739,38.4776332629482,753,62.59910794638069,373
2025-01-18,19.73,7.600535142033543,1908,8.791440743781095,402,0.02870506241519674,737,34.00593602122016,754,66.54947307774799,373
2025-01-19,21.47,6.75098206660666,2222,7.598706174563591,401,0.030347295793758482,737,26.724023685676393,754,64.92903478284182,373
2025-01-20,21.15,5.551998777366473,1891,7.2151878525,400,0.03225809523809524,735,21.809399026525195,754,52.186871627345845,373
2025-01-21,21.01,6.624327490832896,1909,10.526027495024877,402,0.0282578758526603,733,22.882401694960212,754,45.89059411260054,373
2025-01-22,20.93,8.418592898489141,2118,12.557988918316832,404,0.027926282578875174,729,27.35036769107856,751,47.86337083827494,371
2025-01-23,20.5,9.470129822546973,1916,13.969626221674877,406,0.028413218878248974,731,30.550135949602122,754,49.935728975871314,373
2025-01-24,19.64,9.424051588541666,1920,14.355060287469287,407,0.0285119565807327,737,32.29222270822281,754,49.629503684491986,374
2025-01-25,20.73,9.013429292280232,2241,10.90504800248139,403,0.03256881385869565,736,33.53051112068965,754,57.821925131016044,374
2025-01-26,22.98,7.593877419779064,1901,9.063563311881188,404,0.02990532925170068,735,34.50232823771581,753,63.42898104545455,374
2025-01-27,21.44,7.280952241108786,1912,11.462202332506203,403,0.029333840816326527,735,35.40913867506631,754,60.15889268449198,374
2025-01-28,21.73,7.375983262004662,2145,11.731083221130222,407,0.028530564738292012,726,37.49624087698413,756,58.720217240641716,374
2025-01-29,21.47,7.713125691153647,1933,11.620455725925927,405,0.028791534788540248,733,39.469603288563825,752,61.67471651621622,370
2025-01-30,21.44,8.787011401554404,1930,12.452024301470587,408,0.028206343365253076,731,39.6234783355526,751,63.47713808355795,371
2025-01-31,20.75,8.81873243554163,2234,12.883795520987654,405,0.027229232021709633,737,41.76697300930851,752,69.60189092204301,372
2025-02-01,21.88,6.322367659079151,1933,9.25620844638404,401,0.031116390946502055,729,42.17704588227513,756,66.084625688,375
2025-02-02,23.76,7.22557793040293,1911,9.28217767839196,398,0.029496668049792535,723,45.07124515915119,754,64.60879810187667,373
2025-02-03,22.07,8.464607032152843,2146,11.149359562189055,402,0.02775981404958678,726,47.966392052840156,757,64.13204345212766,376
2025-02-04,22.0,6.765467361845516,1929,7.799048957393484,399,0.02852507765667575,734,45.01046894993413,759,63.2949747612732,377
2025-02-05,21.42,6.633017984872196,1917,7.683321920199502,401,0.026592648907103826,732,42.39543320184697,758,65.90744944444444,378
2025-02-06,20.46,7.081124155643739,2268,8.9044919201995,401,0.025888506139154163,733,43.56365482717678,758,72.70758710846562,378
2025-02-07,19.69,5.905095270072993,1918,7.488489625935162,401,0.02901370516304348,736,43.844135439894316,757,63.870931999999996,377
2025-02-08,20.79,6.697589446697868,1923,7.43775130075188,399,0.028825417462482947,733,40.73237772751323,756,66.38677954255319,376
2025-02-09,22.05,6.891584991545327,2129,7.336929874371859,398,0.029392746227709193,729,37.54591672486772,756,63.377687421750664,377
2025-02-10,20.42,7.303054173187272,1917,9.639745972292191,397,0.028869032697547682,734,34.446793854881264,758,61.140016469496025,377
2025-02-11,20.13,7.877497720942408,1910,9.738225876884423,398,0.029462251682368778,743,32.46972207926024,757,65.30109104533334,375
2025-02-12,19.57,8.0254325991921,2228,8.631907761904762,399,0.028761249664429528,745,30.852334890645583,759,71.51903144414894,376
2025-02-13,18.96,6.113984274438056,1913,8.249969194444445,396,0.031118752,750,32.12470890450928,754,74.06085417333334,375
2025-02-14,17.85,7.170719691745036,1914,7.713990990074442,403,0.03154770345744681,752,36.50700552047556,757,66.63855773333333,375
2025-02-15,19.05,7.506222988821611,2147,8.041239726817043,399,0.02881849933422104,751,38.11034798013245,755,71.77314248395722,374
2025-02-16,20.01,5.4325346787592,1902,7.394378453865336,401,0.03107688251001335,749,35.711934118037135,754,69.8398310802139,374
2025-02-17,18.72,5.482275772727273,1892,7.470555189526184,401,0.033209944000000005,750,33.84424189006622,755,63.1691843458445,373
2025-02-18,18.56,5.73592975044405,2252,7.57342386,400,0.031082784031413613,764,32.13453420712401,758,61.97543485866667,375
2025-02-19,18.01,5.7591967851542085,1913,8.8203498975,400,0.029537213820078227,767,28.942255380263155,760,62.502705538666675,375
2025-02-20,17.29,5.946608285938316,1913,8.239254106435643,404,0.03141923938223939,777,30.355650631233594,762,63.81573433421751,377
2025-02-21,16.39,6.405784223950967,2121,8.716957378109454,402,0.033075503816793896,786,33.95522316535433,762,58.07761461904762,378
2025-02-22,17.14,8.4475874109375,1920,10.142659491315136,403,0.033504478260869566,782,37.63993893412385,759,55.377885682666665,375
2025-02-23,18.26,9.36641331056227,1903,10.273127627500001,400,0.03399922564102564,780,44.098263393139845,758,55.40228568533334,375
2025-02-24,16.72,8.253236395128551,2217,11.987041977667495,403,0.03430695907928389,782,49.27824510671937,759,55.96173913297873,376
2025-02-25,16.36,7.384263269150052,1906,11.869331002475247,404,0.0335724262295082,793,50.4516647654809,759,54.938851736000004,375
2025-02-26,15.86,8.009968905937992,1903,11.404111774752476,404,0.03542076325524044,811,49.243334028871395,762,54.800994201058195,378
2025-02-27,15.36,8.255566098921706,2133,10.89905575,408,0.03453093909866017,821,49.21219759264126,761,51.2864079469496,377
2025-02-28,14.9,5.915639145454545,1925,10.444169466666667,405,0.036776105069124425,1085,49.53244354986876,762,45.93603606349206,378
2025-03-01,15.68,6.3849623699843665,1919,7.531687236318408,402,0.03889699448022079,1087,47.13169810602094,764,50.45992890957447,376
2025-03-02,16.96,5.944620587560653,2267,5.734382614427861,402,0.03713036497695852,1085,43.64510147043364,761,51.644422957219255,374
2025-03-03,15.95,7.982869030366492,1910,8.150618828358208,402,0.0356984459833795,1083,44.989285334645665,762,56.216537064,375
2025-03-04,15.65,8.375453279496591,1907,8.288408273869347,398,0.03682994746543779,1085,47.04351121100917,763,62.75942049735449,378
2025-03-05,15.51,5.377263865974516,2119,7.472391059701493,402,0.03456308611111111,1080,45.67838519371728,764,69.39245214550265,378
2025-03-06,15.17,4.407593058608059,1911,6.471614630272953,403,0.03516105936073059,1095,43.09768229388816,769,66.7973937480315,381
2025-03-07,14.48,5.6619936772349275,1924,7.357862488833747,403,0.03551708226691042,1094,43.32920009114583,768,61.48234520472441,381
2025-03-08,15.29,6.135386304367201,2244,6.83961108478803,401,0.035126549862763035,1093,43.25821748955614,766,58.068601076517155,379
2025-03-09,16.41,5.561164642519685,1905,7.834219577114427,402,0.03483874725274725,1092,46.11394118252934,767,49.993060738786276,379
2025-03-10,15.06,6.080510525539758,1899,11.114228576732673,404,0.03759457456541629,1093,50.328709070404166,767,45.755132760526315,380
2025-03-11,14.81,6.690526998122066,2130,10.03129835235732,403,0.04125065567765568,1092,51.24883612239583,768,49.00895623157894,380
2025-03-12,14.54,6.578119771920668,1916,7.985979260545906,403,0.040446340639269406,1095,51.15158929947916,768,55.74083865789474,380
2025-03-13,14.16,8.861279998950131,1905,7.974074009876543,405,0.04024548633879781,1098,50.61683287890625,768,62.29890309210526,380
2025-03-14,13.45,10.661894401223776,2288,6.7657265173267325,404,0.039851382727272726,1100,49.27536160104302,767,65.1623475171504,379
2025-03-15,14.36,10.102254161741834,1929,5.0733523525,400,0.03595295233730522,1091,48.24853372834646,762,67.19716521485411,377
2025-03-16,15.06,5.5478138565466875,1917,5.257726577114428,402,0.03390571021159154,1087,48.86788442388451,762,60.71528037665783,377
2025-03-17,13.69,4.57665821611551,2147,6.759775582309582,407,0.03534470997255261,1093,50.8105172007874,762,56.438860997347476,377
2025-03-18,13.47,5.67729598025974,1925,6.996581431034483,406,0.038211189655172416,1102,49.60460383159269,766,54.32656134564643,379
2025-03-19,13.25,6.301693204604919,1911,8.065175024509804,408,0.03854324043715847,1098,48.352773015625,768,51.41716056613757,378
2025-03-20,13.1,4.6547296663705024,2251,7.478459756690998,411,0.035178140000000004,1100,46.12540924479166,768,53.003998733509235,379
2025-03-21,12.53,4.582985233820459,1916,7.9282089829268285,410,0.03819294751381216,1086,48.292557061277705,767,48.76738236243386,378
2025-03-22,13.36,5.407103781903766,1912,6.994489754385964,399,0.039510057354301575,1081,50.93830497229551,758,52.1438395,370
2025-03-23,14.14,5.644464605692954,2143,5.4611683341772155,395,0.037004291936978684,1079,51.245288600790516,759,55.181476306451614,372
2025-03-24,13.14,5.5665202,1900,8.610094620098039,408,0.03395658743169398,1098,54.7320392290576,764,56.43950286772487,378
2025-03-25,12.89,5.6079806911458325,1920,8.825365916461918,407,0.0364134257064722,1097,56.46649485006518,767,52.34685032804232,378
2025-03-26,12.76,6.131543796175576,2301,7.935357100244499,409,0.03626995920217588,1103,55.62273776692709,768,52.21981893915344,378
2025-03-27,12.3,6.672004058307534,1938,8.027577424390245,410,0.039722209428830466,1103,56.19112603120936,769,50.70095484432718,379
2025-03-28,12.08,8.420849339999998,1950,7.5256679536585365,410,0.040724573622402886,1107,56.48761555006502,769,56.03297258575198,379
2025-03-29,12.6,8.808728368227731,2178,5.229610879606879,407,0.03720343942133816,1106,54.44574882790091,767,64.42244519312169,378
2025-03-30,13.34,6.983814020661157,1936,4.232655555831266,403,0.03356558244680851,1128,52.63607672774869,764,68.769434448,375
2025-03-31,12.46,5.352618100888656,1913,5.630856395121952,410,0.03385262975778547,1156,51.46936212026144,765,69.91257488594165,377
2025-04-01,12.23,5.463844705510388,2214,5.174890182741117,394,0.03600092844677138,1146,49.008381146052635,760,64.035309048,375
2025-04-02,12.16,6.102574535562633,1884,5.460580361538462,390,0.03423414173913043,1150,50.24066640735874,761,61.469154177718835,377
2025-04-03,11.79,6.003248497340425,1880,6.220246751269036,394,0.031804451443569554,1143,51.412689683311434,761,67.69676455408971,379
2025-04-04,11.13,5.9227542336802275,2114,6.334586324937027,397,0.03231608948740226,1151,51.409205312252965,759,63.93877416622691,379
2025-04-05,11.81,5.38569398042328,1890,5.148289207594937,395,0.03430631881533101,1148,50.07646435046113,759,59.70150266490765,379
2025-04-06,12.64,4.63880841728526,1886,5.262364890025576,391,0.03631266112084063,1142,49.58438510540184,759,53.8420719762533,379
2025-04-07,11.97,4.805623178076063,2235,7.4925244847715735,394,0.03630501567944251,1148,50.45623309486166,759,54.539204823219,379
2025-04-08,11.75,5.0077159184434965,1876,7.601007420253165,395,0.03947328285465622,1149,51.43959668906456,759,48.51941629551452,379
2025-04-09,11.66,6.329675791666667,1896,8.625536402035623,393,0.04167494425087108,1148,54.92308855190539,761,45.96035033068783,378
2025-04-10,11.46,7.767282303030303,2112,8.971274167088607,395,0.04178375940507437,1143,57.278419718586385,764,49.903691401055404,379
2025-04-11,11.04,7.226394335269271,1894,8.443770254452927,393,0.04009560262008734,1145,58.42237919764398,764,51.29381786243386,378
2025-04-12,11.71,7.009693277836691,1886,6.442849255754475,391,0.04222773619631902,1141,57.635987054973825,764,51.020945238095244,378
2025-04-13,12.53,6.60155697564276,2217,4.968002982142857,392,0.04240040789473684,1140,57.80342975,764,48.51476757671958,378
2025-04-14,11.73,6.904575024390244,1886,7.437709134177216,395,0.042203781578947365,1140,58.558616231675394,764,46.207313452380944,378
2025-04-15,11.7,6.044746096398305,1888,6.60838909390863,394,0.03879181085814361,1142,57.45937355176933,763,47.61690731299735,377
2025-04-16,11.55,6.08257351206815,2113,6.052126672588833,394,0.040738829396325456,1143,57.25854588089005,764,47.00866433597884,378
2025-04-17,11.13,7.274276832189973,1895,6.100018218829516,393,0.04184983727034121,1143,55.664289384313726,765,55.77253473015873,378
2025-04-18,11.0,8.904176774432118,1893,5.808056943877552,392,0.041839718777292575,1145,55.698037585620916,765,58.096808976190474,378
2025-04-19,11.48,8.786154700662252,2265,4.796360627249357,389,0.037216534497816596,1145,56.336442959477125,765,58.35330761904762,378
2025-04-20,12.26,6.3405931566455696,1896,4.329262816062176,386,0.03786880105170903,1141,57.66741112026144,765,53.116801735449734,378
2025-04-21,11.69,5.91432569883351,1886,6.758236498721228,391,0.03791367223198594,1138,58.51848956544502,764,52.84140875661376,378
2025-04-22,11.34,6.552381529078014,2115,7.276118005089058,393,0.03970418437225637,1139,60.32712963006536,765,52.40403103174604,378
2025-04-23,11.25,7.018994889182058,1895,7.32928536061381,391,0.040033585451358454,1141,60.74697033986928,765,51.761043782493374,377
2025-04-24,11.14,8.071383546560847,1890,7.348879176923077,390,0.039878258936355715,1147,60.32721906405229,765,58.15656175066313,377
2025-04-25,10.85,7.188498289841987,2215,6.050305270618557,388,0.03630394415357766,1146,59.88572206405229,765,62.567082938829785,376
2025-04-26,11.22,5.777843995197439,1874,4.075246325520833,384,0.0357693052631579,1140,58.85608070904325,763,64.32286677659575,376
2025-04-27,11.99,5.3567088940860215,1860,3.5885536736292427,383,0.03660207368421052,1140,58.460810799212595,762,57.619576896000005,375
2025-04-28,11.11,6.020663842685852,2085,5.8540655155440415,386,0.03829292475940507,1143,60.5699179921466,764,56.058960611702126,376
2025-04-29,11.04,6.4717700359249335,1865,6.04375557622739,387,0.0371501850877193,1140,62.11853457984294,764,57.23954371276596,376
2025-04-30,10.84,5.900697973441734,1845,5.757048581395349,387,0.0357176079447323,1158,60.650935689473684,760,59.81034693066667,375
2025-05-01,10.59,6.4409609856823264,2235,6.26943952685422,391,0.03809545517241379,1160,61.10670326240209,766,59.11809853926702,382
2025-05-02,10.3,6.599480635927506,1876,6.322508012886598,388,0.03766721570319241,1159,61.66528736197916,768,59.00258381201044,383
2025-05-03,10.84,5.509956571888412,1864,4.733064185863874,382,0.035816216076058775,1157,60.896423739243815,767,60.02644226631854,383
2025-05-04,11.59,4.693528551657857,2081,4.122028104712042,382,0.034336985255854297,1153,59.62373457627118,767,63.61165598694517,383
2025-05-05,10.94,5.1745589453669,1867,5.657856700258398,387,0.03426693965517241,1160,58.08968231901042,768,68.09360121354167,384
2025-05-06,10.72,5.718334893390192,1876,6.1915727493540045,387,0.03431011197243756,1161,58.3252422946545,767,68.52002580678851,383
2025-05-07,10.58,5.8877811507720255,2202,6.591284271794873,390,0.035114995678478825,1157,61.029981140808346,767,63.13787919060052,383
2025-05-08,10.34,5.9468110471092075,1868,7.15442094132653,392,0.037010744607420196,1159,63.45114441851369,767,58.26281030208333,384
2025-05-09,10.24,5.71749981745182,1868,6.957819317010309,388,0.038243798109965636,1164,64.25519707431552,767,53.12671886979167,384
2025-05-10,10.55,5.8362463334925945,2093,5.817604512953368,386,0.041460515934539185,1161,66.08597489178618,767,45.127217789062506,384
2025-05-11,11.53,5.810748351901446,1867,5.0084757057291664,384,0.04243691113028473,1159,66.4308963637549,767,43.71882397135417,384
2025-05-12,11.09,6.06333355465805,1857,6.410707902313625,389,0.041185871662360034,1161,66.54036102349869,766,50.66037733854167,384
2025-05-13,10.88,5.911788546924114,2227,5.342435876606683,389,0.03900281433506045,1158,64.73106617885118,766,60.21021670496083,383
2025-05-14,10.65,6.384195467948718,1872,5.344541976923077,390,0.03792287619047619,1155,63.89817476078431,765,62.62584907552084,384
2025-05-15,10.33,7.585345729817008,1858,6.0227025835475585,389,0.03702430404823428,1161,65.18807705483029,766,60.13234955584416,385
2025-05-16,9.97,8.129678305797102,2070,6.127454435897436,390,0.03719841450777202,1158,66.46345792015707,764,57.755696913838115,383
2025-05-17,10.48,6.139404363834422,1836,3.910005212435233,386,0.03498538773747841,1158,64.83322314210527,760,58.44037968766405,381
2025-05-18,11.13,5.20938641388737,1829,3.029693062176166,386,0.03245602508650519,1156,62.794622383399215,759,60.610791468586385,382
2025-05-19,10.64,5.733113993569132,2177,4.497016527131783,387,0.032747382480485684,1153,61.86968580865006,763,58.121607026178005,382
2025-05-20,10.57,5.510109945770065,1844,5.522391665803109,386,0.033364731707317075,1148,62.71735290909091,759,54.232980316622694,379
2025-05-21,10.6,4.969746894194248,1843,6.423958764857881,387,0.03452453698868581,1149,63.42390839973788,763,54.44533065445027,382
2025-05-22,10.29,4.66676775060183,2077,5.983696126943006,386,0.034935333911535124,1153,64.40018438481675,764,54.741481308093995,383
2025-05-23,9.98,4.868298290460879,1866,5.510158229591837,392,0.03466749004329004,1155,64.85593454237289,767,53.94233380729167,384
2025-05-24,10.47,5.1463763470588235,1870,4.102617375959079,391,0.033686662608695656,1150,65.19945134550196,767,55.910042640625,384
2025-05-25,11.01,5.8511546798029554,2233,3.5259693118556696,388,0.033676369244135536,1151,65.16202935509138,766,57.9072081171875,384
2025-05-26,11.67,5.252461268135411,1861,4.068783829842932,382,0.034478548387096776,1147,65.09417877806789,766,57.24224094010416,384
2025-05-27,10.55,5.3051002513397645,1866,6.185790169665809,389,0.03438091515151515,1155,66.37001545691906,766,57.496144937336815,383
2025-05-28,10.42,5.152542791885442,2095,6.43973369250646,387,0.03228374199134199,1155,66.43906427308193,769,61.53195811458334,384
2025-05-29,10.17,6.011845520172136,1859,6.560095035714285,392,0.033607383088869715,1159,67.83570199609375,768,61.399175575520836,384
2025-05-30,9.83,7.086299903225806,1860,6.877869211734693,392,0.03868566148531952,1158,70.19811460574412,766,55.808879348958335,384
2025-05-31,10.33,7.974288848638671,2167,4.874037097435897,390,0.03920740448430493,1115,70.02989184031414,764,52.34582010677084,384
2025-06-01,10.73,7.511273073888889,1800,4.667042987046632,386,0.03724459658580413,1113,69.445600780027,741,49.51549412328767,365
2025-06-02,10.09,8.041310600440287,1817,6.64152663496144,389,0.04065458026905829,1115,68.27600631359354,743,53.32040773424657,365
2025-06-03,9.8,10.227742804914005,2035,6.577004167525773,388,0.04111445732255166,1113,68.13251338575269,744,56.276790153005464,366
2025-06-04,9.74,12.37802868032787,1830,6.23234876744186,387,0.038995863921217545,1117,68.34748618120805,745,58.50093605177111,367
2025-06-05,9.54,12.589045829162133,1838,6.232119921671019,383,0.036124719928186715,1114,69.50420678120805,745,61.64805726575343,365
2025-06-06,9.22,11.757874971206581,2188,5.997696813953488,387,0.03567481468218442,1117,70.83331343967829,746,61.12439491780822,365
2025-06-07,9.61,12.289947058951967,1832,4.825394440414508,386,0.035452828391734054,1113,72.44216411155914,744,57.941678493112946,363
2025-06-08,10.1,12.651196209721464,1831,4.185995206718347,387,0.03499370837083709,1111,72.16665264555256,742,58.02539083149172,362
2025-06-09,9.43,10.15376081769306,2046,5.708070730077122,389,0.03366977688172043,1116,72.10199022207267,743,56.00938637292818,362
2025-06-10,9.15,9.887858627995643,1836,6.337065578005115,391,0.035227636526410026,1117,72.84821759299192,742,54.62183108888889,360
2025-06-11,9.05,12.277135513631407,1834,6.732787953964194,391,0.04125835778175313,1118,73.30423168513514,740,53.1187699,360
2025-06-12,8.83,13.920680145446095,2152,6.403775214285714,392,0.03874659732142857,1120,72.85775546955345,739,53.80987129329609,358
2025-06-13,8.64,11.11866133224401,1836,5.767237312020461,391,0.0334863270609319,1116,72.70043556738544,742,54.26492900554017,361
2025-06-14,9.1,9.141283092997812,1828,4.417068928205128,390,0.031816221922731355,1113,72.91706070850204,741,55.44551583844011,359
2025-06-15,9.47,7.302461600098136,2038,4.24481693814433,388,0.03208289108910891,1111,73.80227806224627,739,52.483505435754196,358
2025-06-16,8.83,6.968926579757976,1818,6.26112565374677,387,0.033429776777677764,1111,74.20348806621621,740,52.41062462849162,358
2025-06-17,8.68,6.2848832490400435,1823,5.657593689119172,386,0.03176013938848921,1112,74.5396863414305,741,54.402444272980496,359
2025-06-18,8.6,6.638238380668804,2183,5.831138097938144,388,0.03284825225225225,1110,75.37261902291105,742,55.02224626815643,358
2025-06-19,8.51,6.604170379989065,1829,5.364405930232558,387,0.03705217631103074,1106,76.96297444999999,740,51.999771,358
2025-06-20,8.18,7.4879289983606565,1830,5.147457418848167,382,0.03760628726287263,1107,76.22759377432432,740,48.17888048459384,357
2025-06-21,8.47,8.979212032226563,2048,3.985766436842105,380,0.035837046237534,1103,74.56380600809716,741,50.44553577437326,359
2025-06-22,8.94,9.022284867213115,1830,3.5056151394736843,380,0.03137293795620438,1096,73.14045818378379,740,54.0268648575419,358
2025-06-23,8.27,9.531105450657895,1824,5.156702437172775,382,0.03345484448462929,1106,74.20359212972973,740,53.42336291876751,357
2025-06-24,8.02,9.518947542897328,2133,5.929551477690289,381,0.03445405989110707,1102,75.49842429824561,741,53.83019605849582,359
2025-06-25,7.96,8.418541218681318,1820,6.2962014414893615,376,0.03520796742081448,1105,74.88721836962365,744,54.787294933333335,360
2025-06-26,7.85,7.281656751929438,1814,6.191859965789473,380,0.03522039385727191,1107,74.4398714845222,743,53.39979024233983,359
2025-06-27,7.76,6.829924143559489,2034,5.7003662189973605,379,0.034005453153153155,1110,75.58009414285715,742,52.67424680392156,357
2025-06-28,7.93,6.261399787629995,1827,4.7802968297872335,376,0.033727421480144404,1108,76.24500937516869,741,53.06996954061624,357
2025-06-29,8.34,6.545848496681416,1808,4.447189005347593,374,0.03341957259528131,1102,76.96361191316147,737,51.83558779661017,354
2025-06-30,7.86,7.159248283457249,2152,5.722647420212766,376,0.03546426978417266,1112,77.00358130499325,741,52.56110731197772,359
2025-07-01,7.84,7.867341159650516,1259,6.24860600729927,274,0.03508509068010076,794,78.37805360125262,479,55.7367979879518,249
2025-07-02,7.79,7.839448348929421,1261,6.2086997737226275,274,0.03542428391959799,796,78.186825,478,56.742731341365456,249
2025-07-03,7.43,9.119948195418754,1397,6.032489422794118,272,0.035733429109159345,797,77.1175886964657,481,57.73237795983936,249
2025-07-04,7.64,13.552680103205631,1279,4.647847213483146,267,0.035008300628930816,795,76.74239042619543,481,55.93733265060241,249
2025-07-05,7.79,12.997643791862284,1278,4.496563563432836,268,0.03700077049180328,793,77.42167697089397,481,53.285600008,250
2025-07-06,8.2,9.66564157538036,1446,4.292286754716981,265,0.0335317835443038,790,78.54597383367984,481,53.898455296,250
2025-07-07,7.66,8.706533337610264,1247,5.443372644444445,270,0.03058409746835443,790,78.86297054469854,481,56.53015561693548,248
2025-07-08,7.59,8.859901405668017,1235,6.581907397058823,272,0.03252187610619469,791,79.19149420000001,480,54.196931610441766,249
2025-07-09,7.56,8.054583998549672,1379,6.8078974481481485,270,0.033252957016434895,791,79.2667838079332,479,54.0406981686747,249
2025-07-10,7.42,8.320248200160128,1249,6.325022507462687,268,0.03420378085642317,794,79.45263574321503,479,54.131668181451616,248
2025-07-11,7.28,8.9534098904,1250,5.758473230483271,269,0.0350915944931164,799,79.15429202301254,478,56.811780882591094,247
2025-07-12,7.64,8.713060908965517,1450,4.526318126394052,269,0.03315864186633039,793,78.78326331512605,476,59.99935374693878,245
2025-07-13,7.85,8.167092748,1250,4.343857958490566,265,0.03255528607594937,790,79.01755450840336,476,58.71503650406504,246
2025-07-14,7.47,9.342138730184148,1249,6.140301925650558,269,0.03339960075566751,794,79.65998683647798,477,57.59153393927126,247
2025-07-15,7.42,10.07731031962482,1386,5.968236148148148,270,0.034584487468671675,798,79.98439939166666,480,57.78512931325301,249
2025-07-16,7.45,8.78608433148295,1261,5.101484062730628,271,0.032175255319148936,799,79.38119330208333,480,60.132309666666664,249
2025-07-17,7.35,7.44710303508772,1254,5.2027095296296295,270,0.03138683165829145,796,78.38153472765073,481,59.5713261,250
2025-07-18,7.09,6.358317360416667,1440,5.300067383763837,271,0.031204764115432874,797,77.98010771933473,481,57.917875187251,251
2025-07-19,7.37,6.319517995268138,1268,4.32943584074074,270,0.03198212216624685,794,78.58229003950105,481,60.2902974,250
2025-07-20,7.86,6.507815497607655,1254,3.530065645283019,265,0.030577959697732998,794,79.41273782120582,481,59.296234836000004,250
2025-07-21,7.46,9.198623291066282,1388,4.526286781481481,270,0.03033572271016311,797,78.01060485862786,481,57.77095344223108,251
2025-07-22,7.54,8.34603711844197,1258,4.957713453531599,269,0.03243617506297229,794,77.04559890852391,481,57.76457120318725,251
2025-07-23,7.53,8.197727724603174,1260,5.325359225092251,271,0.03540140379746835,790,77.81909287733889,481,56.898249064000005,250
2025-07-24,7.48,8.53792675136612,1464,5.894834156934307,274,0.03470368969849246,796,79.08543266112267,481,54.89362276494024,251
2025-07-25,7.28,7.576920104559748,1272,5.997214923076923,273,0.032947452830188684,795,78.75581038541667,480,56.02569116465863,249
2025-07-26,7.54,8.969157820126783,1262,4.705457781818182,275,0.03163601133501259,794,78.27868308559499,479,55.23580659437751,249
2025-07-27,8.05,8.416259415706051,1388,4.2447772788104094,269,0.029419651074589128,791,79.00946421174005,477,56.804332558232936,249
2025-07-28,7.55,7.9486387486166015,1265,6.125943140740741,270,0.031092163705583757,788,80.56408807098121,479,55.38894774698795,249
2025-07-29,7.68,8.609993023715415,1265,6.864593500000001,268,0.03432995050761421,788,80.89961126834382,477,54.0229391659919,247
2025-07-30,7.66,9.518478128522338,1455,6.805339514705882,272,0.03524693164556962,790,80.12514985146443,478,53.60041912955465,247
2025-07-31,7.62,13.526273554509803,1275,5.901254261029412,272,0.03347216770963705,799,78.01172148837209,473,56.5552301352459,244
2025-08-01,7.46,13.873913877161055,1099,6.1590334913793106,232,0.03148358436213992,729,76.94030426041667,384,56.660533696629216,178
2025-08-02,7.86,10.745846936170214,1222,5.75488448051948,231,0.0317101975308642,729,76.2380405235602,382,53.75515468539326,178
2025-08-03,8.34,11.534980932110091,1090,5.51172063362069,232,0.0343552304526749,729,76.81597205263158,380,52.1751647740113,177
2025-08-04,7.97,13.214551387511479,1089,7.277912038626609,233,0.03542351025991792,731,77.24587378067885,383,51.298119254237285,177
2025-08-05,8.11,13.580483371383893,1279,7.623616314893616,235,0.03526217534246576,730,78.25335145169713,383,52.42659992134831,178
2025-08-06,8.22,11.466744963336389,1091,7.7682506794871795,234,0.03425088098495212,731,79.64257708115184,382,50.562146214689264,177
2025-08-07,8.12,10.30879303492647,1088,7.7464403093220335,236,0.03363071174863388,732,80.83439362924281,383,48.62890684831461,178
2025-08-08,7.98,10.081401520231214,1211,7.02532747008547,234,0.03377766666666667,729,80.4564018616188,383,48.72080656179775,178
2025-08-09,8.28,9.119271611775527,1087,5.593817134199134,231,0.03361736225895317,726,79.65174547643979,382,51.39243267231638,177
2025-08-10,8.86,8.976193969387756,1078,5.014728826839827,231,0.033076259615384615,728,79.31266986125655,382,53.981550994350286,177
2025-08-11,8.35,8.724246635048232,1244,6.96315288362069,232,0.03195275482093664,726,80.05014552755905,381,55.065677954802254,177
2025-08-12,8.55,7.917186067655236,1079,7.199291564655172,232,0.03169337465564738,726,80.74215349081365,381,56.29520084180791,177
2025-08-13,8.65,8.20518277705828,1081,6.6848001043478265,230,0.029989987586206895,725,80.77985103947368,380,57.547301937853106,177
2025-08-14,8.69,9.658067924668874,1208,6.552817004347826,230,0.031142095041322315,726,80.57929190813648,381,57.598437378531074,177
2025-08-15,8.5,9.790439859259259,1080,6.299942238095238,231,0.03226796413793103,725,79.36030342519685,381,56.78668446590909,176
2025-08-16,8.92,8.67512879888786,1079,5.042281835497835,231,0.03153319778699862,723,79.04838685224274,379,59.45785339772727,176
2025-08-17,9.64,7.4887514104,1250,4.676897091703057,229,0.030447744121715078,723,79.60795852645504,378,58.54306346022727,176
2025-08-18,9.54,6.491196625464684,1076,6.358712090128756,233,0.031311549100968186,723,78.74705423218997,379,55.01256280113637,176
2025-08-19,9.76,6.365890378127896,1079,7.523186510729613,233,0.03143075720164609,729,78.39012177690289,381,54.001983573033705,178
2025-08-20,9.9,6.049047053112033,1205,7.331475623931624,234,0.03177715448275862,725,78.71217202099737,381,55.18916338764045,178
2025-08-21,10.03,6.1287492502308405,1083,7.7024995683760675,234,0.03178538736263736,728,78.47704311811023,381,54.05308745505618,178
2025-08-22,9.63,6.691765059797608,1087,8.17766074248927,233,0.03240258082191781,730,78.17157120472442,381,53.13777331460674,178
2025-08-23,9.98,6.863544254761905,1260,6.326977077586207,232,0.03351982602739726,730,77.87364393175854,381,56.288014977528086,178
2025-08-24,10.99,6.217985415750916,1092,4.861749354700855,234,0.030910486263736263,728,77.13778476115486,381,58.94191562921348,178
2025-08-25,11.0,6.127113666359447,1085,6.991367888412017,233,0.031087397260273972,730,75.38715505774277,381,61.82358952247191,178
2025-08-26,11.08,6.1417183871499175,1214,7.051431442982456,228,0.030164093406593408,728,73.13536291842105,380,63.97346976836158,177
2025-08-27,11.1,6.424361022018349,1090,7.568607013157895,228,0.031934872077028886,727,73.0159903236842,380,63.32880547457627,177
2025-08-28,11.03,7.0813941323529415,1088,8.002796931034483,232,0.032314891034482755,725,74.16135911052632,380,59.97183332768362,177
2025-08-29,10.37,6.767243574044587,1256,7.447727055555556,234,0.030476486968449935,729,74.10573215526315,380,59.048981728813565,177
2025-08-30,10.56,6.503991394301471,1088,6.278962532188841,233,0.030827523415977963,726,74.10361696031747,378,55.684082261363635,176
2025-08-31,11.2,6.447627672509225,1084,5.7339321869565225,230,0.03317909917355372,726,74.60014696031746,378,54.585182022727274,176
2025-09-01,11.94,6.099492720476706,923,5.9082547590361445,166,0.03302029704797048,542,74.60559570661157,242,52.09858895,140
2025-09-02,11.49,6.638192963724305,827,8.392105451807229,166,0.033567289377289374,546,74.38040413636364,242,53.924913342857145,140
2025-09-03,11.41,8.091033369879518,830,8.934944807228916,166,0.03550489357798165,545,74.33998884297522,242,53.12357107857143,140
2025-09-04,11.0,9.154926652083333,960,8.402929957317074,164,0.03280419485294118,544,73.18071707468879,241,56.100528302158274,139
2025-09-05,10.3,8.745623821471654,829,7.664973406060606,165,0.03130781617647059,544,71.47283290833334,240,58.20874805035971,139
2025-09-06,10.69,7.3754722879708385,823,6.5944300545454535,165,0.028819591911764707,544,70.59635329831933,238,58.32370525362319,138
2025-09-07,11.42,6.0615024058441564,924,6.1244777682926825,164,0.02870759594095941,542,70.43423759243699,238,54.523580913043475,138
2025-09-08,11.01,5.399684630354957,817,8.020222144578314,166,0.030635362292051754,541,70.96482373109244,238,47.813143340579714,138
2025-09-09,11.1,5.574727562347188,818,8.084553442424243,165,0.03255470955882353,544,70.7010523697479,238,51.702287536231886,138
2025-09-10,10.8,6.777424314583333,960,7.392046530120481,166,0.033322473394495414,545,71.31820671008404,238,56.13392665942029,138
2025-09-11,10.63,7.496695561893204,824,7.883701325301205,166,0.03625526335174954,543,72.0670726512605,238,55.9957931884058,138
2025-09-12,10.16,8.129870577294685,828,8.461883150602409,166,0.03776326007326007,546,71.08637850840337,238,57.55343780434782,138
2025-09-13,10.5,8.833981369379014,934,7.015120963636364,165,0.03764428937728938,546,70.61373997478991,238,59.92681549275362,138
2025-09-14,11.33,8.958357850241546,828,6.660791115151515,165,0.039646047706422015,545,71.74669119327731,238,58.639673898550726,138
2025-09-15,10.84,9.032431494571773,829,9.032666969512196,164,0.03876748440366972,545,73.20483095378152,238,53.99320286956522,138
2025-09-16,10.85,8.778051213250517,966,10.017944403614457,166,0.03702080586080586,546,72.7736477605042,238,52.52275210869565,138
2025-09-17,10.72,8.115248511432009,831,9.65012516766467,167,0.03498911496350365,548,71.60620679497907,239,57.89175919424461,139
2025-09-18,10.37,8.33303604556355,834,9.699095412121212,165,0.03707576,575,70.95573809623431,239,63.869343640287774,139
2025-09-19,9.9,8.599785316239316,936,9.098002698224851,169,0.035663162303664925,573,70.63299904832714,269,61.413800048484845,165
2025-09-20,10.11,7.3246270337756325,829,7.020310160714287,168,0.03509565034965035,572,70.24416353183521,267,61.66450712195122,164
2025-09-21,10.81,6.8740471557971015,828,6.432433017857143,168,0.03381091258741259,572,69.56257805617977,267,64.75754571341463,164
2025-09-22,10.49,6.469075154479918,971,8.31132274556213,169,0.030515676007005256,571,69.61367847211896,269,64.85461114545456,165
2025-09-23,10.33,6.111313723021583,834,8.602322773809524,168,0.029615713286713287,572,69.42040752788104,269,63.86135202424243,165
2025-09-24,10.26,5.909332280385079,831,8.191221744047619,168,0.028081019197207676,573,69.57849872490706,269,64.0201553030303,165
2025-09-25,10.02,5.846677121374866,931,8.448934517647059,170,0.028261766550522645,574,69.54655181040891,269,62.641848612121215,165
2025-09-26,9.63,6.232350913043478,828,7.946280452941176,170,0.030248804195804196,572,69.6778981189591,269,60.99981533333334,165
2025-09-27,9.9,6.878983806529625,827,7.337143188235293,170,0.03299775174825175,572,68.42860906319703,269,63.45628789696969,165
2025-09-28,10.61,7.3380186841552995,953,5.95034464117647,170,0.03331965734265734,572,68.5908612007435,269,64.34391414545455,165
2025-09-29,10.2,7.501362758830694,821,8.83809438011696,171,0.03407902105263158,570,68.30718207434944,269,63.66025802424243,165
2025-09-30,10.23,7.6031485829268295,820,8.1765536,170,0.03878072807017544,570,67.81402343122676,269,62.42268212727272,165
2025-10-01,10.17,7.020202962499999,160,6.6291595,26,0.03262201492537313,134,63.10531109756098,41,57.15766042857143,28
2025-10-02,9.97,7.534288570469799,149,7.3318158076923075,26,0.0327910223880597,134,63.76634151219512,41,52.72991078571429,28
2025-10-03,9.52,8.96919922818792,149,6.5209255384615386,26,0.03606378358208955,134,66.35553563414635,41,56.552529750000005,28
2025-10-04,9.86,8.774221903614457,166,5.183331615384616,26,0.03900548507462687,134,64.43516256097561,41,66.26815478571429,28
2025-10-05,10.69,7.547923328859061,149,4.4745571153846155,26,0.03549861194029851,134,63.40203253658537,41,62.77961310714285,28
2025-10-06,10.22,5.616730546666667,150,6.117174307692308,26,0.028971225563909773,133,61.02977643902438,41,67.43691071428572,28
2025-10-07,10.15,4.92165249689441,161,6.877332423076923,26,0.024667887218045113,133,59.462601634146345,41,65.08070988888889,27
2025-10-08,10.06,4.90335580794702,151,7.543425153846154,26,0.026213390977443612,133,58.20921704878049,41,60.149208370370374,27
2025-10-09,9.74,4.303060832214765,149,5.952284461538462,26,0.027225423076923078,130,58.033862902439026,41,51.858495035714284,28
2025-10-10,9.64,5.477970144578313,166,5.486467076923077,26,0.028531121212121213,132,58.2256186097561,41,68.54330364285714,28
2025-10-11,10.05,5.203747174496645,149,3.8102755,26,0.026720431818181817,132,57.56148375609756,41,69.8308035,28
2025-10-12,11.0,5.0800567333333335,150,3.787958653846154,26,0.030340378787878788,132,56.4726626097561,41,67.83854164285715,28
2025-10-13,10.46,4.4400450186335405,161,6.051803115384615,26,0.027030083333333333,132,57.26826173170732,41,67.08685953571428,28
2025-10-14,10.32,4.59982967114094,149,5.819981346153846,26,0.024629681818181818,132,58.108956317073165,41,67.62248960714285,28
2025-10-15,10.35,4.981365366666666,150,5.3458380384615385,26,0.02506872868217054,129,56.03872834146341,41,75.28660717857143,28
2025-10-16,10.09,4.60450424852071,169,6.1026370000000005,26,0.028348377952755906,127,53.87303742857142,42,71.26607320689655,29
2025-10-17,9.77,6.606584932885906,149,7.8273875,26,0.030160563492063492,126,55.771329333333334,42,67.01997131034483,29
2025-10-18,10.21,7.269217190789473,152,6.150748153846154,26,0.03306669047619047,126,55.90248014285714,42,64.23635055172414,29
2025-10-19,11.14,4.643788337423313,163,3.757435961538462,26,0.030061809523809522,126,53.890872952380946,42,61.81106317241379,29
2025-10-20,10.59,3.6738096666666666,147,5.53503523076923,26,0.027296238095238096,126,53.13681304761905,42,59.00384189655172,29
2025-10-21,10.54,4.040447729166667,144,7.757793961538462,26,0.026468825396825397,126,50.560618738095236,42,59.67109789655173,29
2025-10-22,10.71,4.792357715151515,165,8.538112384615385,26,0.02141520634920635,126,49.50083871428571,42,61.75683134482758,29
2025-10-23,10.36,5.451827375838926,149,8.45331444,25,0.019682936507936507,126,49.152575071428565,42,65.05416662068966,29
2025-10-24,10.02,6.348465490066225,151,9.389859576923076,26,0.020385603174603174,126,48.77251985714286,42,65.59295972413794,29
2025-10-25,10.5,6.13462123030303,165,7.52772824,25,0.02095223015873016,126,50.43859126190476,42,60.908189655172414,29
2025-10-26,11.47,5.4459274415584416,154,4.63814316,25,0.026636031746031744,126,50.80317461904762,42,62.65531606896552,29
2025-10-27,10.99,4.506997818181818,154,5.37439392,25,0.027619031746031746,126,48.48174604761905,42,63.622844827586206,29
2025-10-28,11.14,4.631667752941176,170,7.151371461538461,26,0.02369061904761905,126,45.49553580952381,42,63.61968393103448,29
2025-10-29,11.06,4.980152980263158,152,8.873477307692308,26,0.021001094488188977,127,45.441369,42,65.19583331034482,29
2025-10-30,10.8,5.429570464052287,153,8.933039384615386,26,0.022616808,125,45.50489992857143,42,70.08452017241379,29
2025-10-31,10.2,5.152643333333334,165,8.565497192307692,26,0.028674664,125,48.07485621428572,42,64.98299810344828,29
